video,title,date,location,summary,topics,featured_techniques,section_count
1YljdhInklo.youtube,Indirect Hot Water Heater Installation on a Steam Boiler (This Old House),"February 19, 2017",Basement,"This Old House demonstrates converting a steam boiler that serves a house with radiant heat into a domestic hot water source by installing an indirect hot water heater. The video explains the limitations of boiler-derived hot water and then details an indirect tank with an internal coil that transfers heat from boiler water to a larger volume of potable water, eliminating the need for a direct-flame water heater. The program covers the tank’s construction (stainless steel, thick insulation), coil arrangement, filtration to protect the system, and the piping and valve hardware required (temperating valve, aquastat, relay, and circulator). It also walks through the installation steps: isolating the boiler, draining the system, mounting and leveling the tank, copper piping and soldering, adding a feed strainer, wiring controls, and starting the system to verify hot water supply.",Indirect Water Heater; Indirect Boiler DHW; Indirect Boiler Heater; Boiler Water Heat Exchange; Insulated Tank; Indirect Tank Insulation; Copper Soldering; Indirect Tank Shimming; Indirect Boiler Piping; Pump Strainer Filtration; Thermostatic Mixing Valve; Aquastat Well Sensor; Boiler Relay Control; Circulator Integration; Boiler Drain and Purge; DHW Temperature Regulation; Steam Boiler Safety; Hot Water Startup,"Indirect hot water heater installation on a steam boiler (concept) @ 00:02:52; Internal coil heat exchanger inside insulated tank @ 00:03:15; Shut off main water and drain boiler to begin installation @ 00:04:18; Shim and level the new indirect tank @ 00:04:55; Copper piping and soldering for the indirect system @ 00:05:28; Install strainer (water filter) on boiler feed @ 00:06:05; Tempering/thermostatic valve to regulate outlet temp @ 00:06:57; Aquastat, relay, and circulator integration @ 00:07:24; Startup, testing hot water availability @ 00:08:14",8
25gybh69JdA.youtube,"Wet-Tap Water Main Upgrade and Copper Service Installation (Saratoga, NY) – This Old House","April 13, 2026","Saratoga, NY","This Old House documents a street-level water and sewer upgrade at a site in Saratoga, focusing on replacing an old galvanized/lead water service and a deteriorated sewer line while avoiding disruption to a new sidewalk. The crew locates an existing water main, investigates the lead service, and plans a new drain route that begins at a manhole. They use trenching and a diamond drill approach for the sewer/drain routing, then perform a wet tap to tie into the live 4-inch water main using a Mueller B-101 tapping machine. The process includes managing high pressure with a bypass and shutoff, establishing a proper service pitch with laser-guided alignment, and tying in copper Type K service lines with curb stops to provide both domestic supply and a dedicated fire-protection line for the upper floors. The video emphasizes practical, code-conscious constraints (10-foot separation from sewer, avoiding gas lines, frostproof curb shutoffs) and highlights long-standing plumbing tools and methods still in active use (wet taps, tapping machines) within municipal systems.",Old Water Service Lines; Manhole Sewer Routing; Site Constraint Planning; Drain Pitch Alignment; Water Sewer Separation; Lead Service Lines; Manhole Sewer Tapping; Wet Tap Main; B-101 Tapping Machine; Wet Tap Pressure Control; Wet Tap Main Connection; Copper Service Line; Frost-Proof Curb Stops; Fire Supply Considerations; Municipal Tapping Tools,Wet-tap into a live water main using a Mueller B-101 tapping machine @ 00:02:23; Using a laser level to establish pipe pitch and starting point for drainage @ 00:00:47; Drilling and tapping the main to accept a new service with threaded corporation @ 00:02:43; Pressure management: bypassing and controlled open/close of the tapping chamber to prevent water discharge @ 00:04:16; Copper service installation with Type K copper and frost-protected curb shutoffs @ 00:04:49,4
2ALEi8EqkGs.youtube,Replacing Polybutylene Piping with CPVC in a Raleigh Home,"December 27, 2018","Raleigh, North Carolina (crawl space context)","This Old House’s Ask This Old House episode documents a PB (polybutylene) piping replacement in a Raleigh, NC home. The segment outlines the historical prevalence of polybutylene in the 1970s, the leaks observed in PB and acetal fittings, and the decision to replace the entire PB network with CPVC hot- and cold-water lines. The crew removes the old piping through wall openings, reroutes new CPVC from the crawl space, and ties into fixtures (notably a second-floor shower valve) using brass-to-CPVC adapters and threaded/female adapters. The project requires extensive wall and ceiling access, drywall repair by a skilled tradesperson, and a final water test. The host commentary frames the replacement as both technically necessary and time-consuming, emphasizing that labor and wall restoration are major cost components alongside materials. The episode also places the work in a regional context, noting that tens of thousands of Raleigh-area homes were affected by PB piping. ",Polybutylene Piping; Polybutylene Era; Polybutylene Fitting Leaks; Polybutylene Removal; CPVC Water Distribution; CPVC Glue Fittings; PB Pipe Cutting; Wall Access; Drywall Openings; Hot Cold Risers; CPVC Tee Distribution; Brass Adapter Tie-Ins; Threaded Adapter Fittings; CPVC Glue Technique; Post-Install Water Testing; PB Replacement Scope,Full PB replacement with CPVC using glue fittings (no crimp fittings) @ 02:16:00; Opening walls through back side of the wall to access hidden PB lines with minimal wire disruption @ 02:45:00; Cutting PB pipe with knife-type cutters to remove top sections and pull pipe from ceiling @ 03:12:00; Drywall patching by a skilled tradesperson to restore concealed work after pipe removal @ 01:59:00; Shower valve retrofit using female adapters and threaded CPVC connections to join CPVC to brass fittings @ 05:27:00; Routing hot and cold CPVC risers from crawl space with TE fittings to multiple fixtures @ 04:04:00,6
2CKJQpSLxGM.youtube,Installing a Frost-Proof Outdoor Hydrant to Deliver Hot and Cold Water Outside (This Old House),"June 29, 2018",Exterior garden faucet,"This Old House demonstrates converting a cold outdoor garden faucet into a year-round, hot-and-cold wall hydrant that feeds exterior water with a frost-proof design. The host explains the drawbacks of a simple Y-connector approach, then installs a frost-proof wall hydrant that mounts on the exterior, with hot and cold runs brought from inside. The process covers routing copper supply from a kitchen-area crawl space, turning off the main, cutting the copper line, removing the old faucet, positioning the new hydrant (center-to-center = 5 inches), sealing the unit to vinyl with silicone, securing it with weather screws, and tying hot and cold lines together with shut-offs for future service. The final section demonstrates turning the water back on and testing the new outside faucet, which now provides hot water outdoors and eliminates winter shutoffs inside. The lesson emphasizes freeze protection and the convenience of year-round use for outdoor tasks like washing the car or pets.",Frost-Proof Wall Hydrant; Outdoor Faucet Upgrade; Hot Cold Supply Lines; Copper Piping; Outdoor Hydrant Soldering; Vinyl Sealant; Weatherproof Mounting Screws; Faucet Placement; Service Valve Setup; Compact Pipe Cutter; Frost-Proof Faucet Replacement; Freeze Protection; Exterior Plumbing Testing; Disposer Removal,Frost-proof wall hydrant installation for exterior hot and cold water @ 00:00:32; Routing a hot-water supply from inside to an exterior faucet @ 00:00:14; Sealing the hydrant to vinyl with silicone and securing with weather screws @ 02:46; Lifting/loosening stem to protect washer during extension piece soldering @ 02:36; Soldering extension pieces and coordinating hot/cold connections @ 02:36-02:46; Center-to-center measurement for faucet placement (5 inches) @ 02:28; Using a compact copper pipe cutter to remove old faucet and cut supply @ 01:59-02:03; Installing shut-off valves for future service @ 03:11,10
2l8STssse5w.youtube,How to Clean or Replace a Faucet Aerator: Debris Removal and Flow Restoration (This Old House),"December 26, 2014",,"This Old House walkthrough explains faucet aerators, including how a built-in flow restrictor governs water through a small orifice and how debris can clog the path. The presenter demonstrates safe removal with a non-damaging wrench on an aerator with straight edges, reveals debris (notably coffee grounds) inside, flushes the spout to verify cleanliness, and decides that replacement may be more cost-effective than thorough cleaning. The segment concludes with a quick hot/cold water test to confirm restored flow and function, noting a rough replacement cost in the five to six dollar range.",Faucet Aerator; Flow Restrictor; Faucet Aerator Cleaning; Aerator Debris Removal; Aerator Removal; Straight-Edge Aerator; Scratch Prevention; Aerator Interior Check; Spout Clean Verification; Aerator Cleaning; Faucet Aerator Cost; Hot Water Test; Cold Water Flow Test; Pressure Check; hand-tight caution,Remove aerator with adjustable open-end wrench (no teeth) on straight-edged unit @ 00:00:49; Inspect interior of aerator; identify debris such as coffee grounds @ 00:01:25; Flush spout and confirm cleaning using a rag to collect debris @ 00:01:33; Assess whether to replace the aerator due to debris load; discuss cost @ 00:01:50; Perform hot and cold water test to verify restoration of flow after service @ 00:02:04,3
3ZM7Tjpem4w.youtube,Under-Sink Water Filter Installation: Copper-to-Plastic Connections and Leak-Prevention,"August 27, 2013",Under the sink (explicit),"This Old House demonstrates installing an under-sink water filter by tying into the home’s cold-water supply, fitting copper-to-plastic connections, and mounting the filter beneath the sink. The steps shown include turning off the basement shut-off, separating existing fittings, applying Teflon tape, assembling a copper branch with a T and quarter-inch branch, installing an inline shut-off valve, using ferrule/insert compression fittings, removing the soap dispenser to access the mounting surface, securing the filter with washers and a lock nut, trimming tubing to length, pushing tubing into connectors, and finally testing the line by re-opening the supply and verifying leaks and air purge.",Filter Installation; Basement Shutoff Valve; Branch Line Connection; Threaded Tape Use; Two Wrench Tightening; Inline Shutoff Valve; Nut Ferrule Insert Fittings; Soap Dispenser Access; Putty Gasket Application; Filter Mounting Hardware; Tubing Cutter Use; Push-Fit Connector Insertion; Leak and Air Purge,Apply Teflon tape to threaded fittings for leak prevention @ 00:25:00; Use ferrule and insert with a compression nut for copper-to-plastic transitions @ 00:58:00; Install an inline shut-off valve supplied with the filter @ 01:22:00; Cut tubing to length and push into connectors for a secure fit @ 03:20:00; Test system after reactivating water supply; purge air @ 03:54:00,5
3akJBmn_GpE.youtube,Installing a Whole-House Water Filter with Push-Fit Fittings (This Old House),"December 1, 2014",Garage mechanical room,"The video details the installation of a whole-house water filter in a garage mechanical room. It covers selecting between two cartridge types (dirt/rust and dirt/rust plus chlorine removal) to address chlorine taste, mounting the filter on a plywood-backed bracket, and modifying the plumbing with push-fit (solderless) fittings and adapters from 1 inch to 3/4 inch. The host explains shutting off water at the street curb stop, creating isolation on both sides of the filter with two shut-off valves, and grounding considerations after adding the filter. A test run follows to check for leaks, and maintenance guidance notes cartridge replacement every 2–3 months.",Filter Cartridge Selection; Clear Housing Cartridge Install; Curb Stop Shutoff; Garage Mechanical Room; Filter Bracket Mount; Push Fit Pipe Fittings; Threaded Adapter; Witness Marked Seating; Fitting Prep Cleaning; Isolation Shutoff Valves; Push-Fit Valve Connections; Bonding Jumper; Repressurization Leak Test; Filter Cartridge Access; Cartridge Maintenance Interval; Whole-House Filter Flow; Filter Housing Orientation; Push-Fit Witness Marks,Solderless push-fit pipe fittings (O-ring and stainless teeth) @ 00:01:13; Mounting the filter bracket on plywood backing @ 00:01:38; 1-inch to 3/4-inch threaded adapter with PTFE tape @ 00:01:57; Applying PTFE tape and tightening threaded connections @ 00:02:10; Emery cloth pipe preparation prior to fitting @ 00:03:02; Witness marks to verify full seating of push-fit fittings @ 00:03:23; Dual shut-off valves for easy isolation of the filter @ 00:03:56; Ground bonding jumper to maintain electrical continuity after adding the filter @ 00:04:26; Leak testing after repressurizing the water system @ 00:04:50; Cartridge maintenance planning (replacement every 2–3 months) @ 00:05:01,12
3lhNME-kj0k.youtube,Installing a Water Filter with a Separate Faucet: Under-Sink Plumbing and Fittings,"October 28, 2014",kitchen sink / under-sink area,"This Old House demonstrates installing a dedicated filtered-water faucet and an under-sink carbon-block filter. The host introduces the faucet and filter assembly, explains how the carbon block works by showing a cut block, and then guides the viewer through drilling a 3/4-inch hole in a stainless-steel kitchen sink using a slug cutter. The faucet is mounted with a backing plate and tightened with a basin wrench in a tight space. The cold-water supply is disconnected and re-routed to feed the filter, with fittings and a tee to supply the filter. The upper housing is mounted, the cartridge is installed with a quarter-turn, and the supply tubes are connected with quick-connect fittings. The video concludes with re-pressurizing the cold water and noting the cartridge life (approximately six months at around four gallons per day).",Faucet Installation; Under Sink Filter; Carbon Block Filter; Mini Hacksaw Use; Sink Filter Drill; Pilot Hole Drilling; Basin Wrench; Faucet Mounting Hardware; Cold Water Filter Supply; Filter Cartridge Install; Quick-Connect Tubing; Filter Cartridge Life; Drilling Metal Holes; Backing Plate Mounting; Plumbing Tool Selection,Slug cutter hole drilling in stainless steel sink @ 00:00:57; Basin wrench for securing faucet in tight spaces @ 00:02:40; Push-to-connect water line fittings for quick installation @ 00:04:11; Quarter-turn filter cartridge installation @ 00:04:06; Carbon block filter explanation via cut block model @ 00:00:19; Estimated filter cartridge life at four gallons/day @ 00:04:23,4
4IjXXohWaOQ.youtube,Upgrading a 1944 bungalow shower to a modern pressure-balanced valve with minimal demolition,"February 9, 2020","Salt Lake City, Utah (probable job site)","This Old House profiles a pragmatic retrofit of a decades-old two-valve shower in a 1944 bungalow. With a leaking valve and a reluctance to rip out the surround, the crew upgrades to a modern single-lever, pressure-balanced valve behind the existing fiberglass. The process includes identifying the old valve type, fabricating access by removing a kitchen cabinet and scoring a remodel plate, uncovering galvanized piping behind the wall, replacing the run with copper, soldering joints outside the wall, and carefully threading the new connections back into place. A raised shower arm, a cockhole cover to conceal an old hole, and a cover plate with a diverter complete the tub-to-shower functionality while keeping the wall intact. The video also discusses copper versus PEX and how to anchor piping to studs to prevent movement, ending with a test of the new system by the homeowners.",Two Valve Shower; Pressure-Balanced Valve; Pressure Balance Spool; Coverage Plate Repair; Wall Access Opening; Shower Access Panel; Galvanized Wall Piping; Copper Pipe Replacement; Wall Cavity Soldering; Cockhole Cover; Shower Arm Height; Shower Diverter Dial; Escutcheon Gasket Choice; Stud Blocking for Pipes; Tub Spout Threading; Copper Wall Branch,"Install a modern single-lever, pressure-balanced shower valve behind an existing fiberglass wall using a remodeling/cover plate design @ 00:01:16; Create an access pathway through the kitchen wall by removing a cabinet and cutting an opening for back-side plumbing work @ 00:03:39; Expose galvanized piping behind the wall and plan to replace with copper due to age and corrosion risk @ 00:04:39; Pre-assemble solder connections outside the wall to simplify installation, then slide the assembly into place @ 00:04:57; Drill a higher shower-arm hole and use a cockhole cover to conceal the old hole while maintaining a clean finish @ 00:06:30; Integrate a diverter dial into the cover plate to switch between tub spout and shower head @ 00:08:00; Anchor and block piping between studs to minimize movement and banging when the water runs @ 00:07:32; Use a gasket on the cover plate to avoid caulking and ensure a tight seal @ 00:08:08",8
4XhswR5UGck.youtube,"Plumbing Tool Essentials for Beginners: Valve Shut-off, Hand Tools, and Blockage Clearing","August 3, 2018",Main water shut-off valve location (basement or utility area),"This video offers a beginner-friendly overview of essential plumbing tools and basic blockage-clearing techniques. It begins with guidance on finding and using the home’s main water shut-off, including distinguishing valve types (gate vs ball) and the importance of tagging the shut-off for emergencies. The host then covers a core tool kit (water pump pliers, an adjustable/open-end wrench, a basin wrench, and a screwdriver) with practical tips to avoid damaging brass fittings. Finally, the segment covers common blockages and remedies—proper toilet plunging technique, the closet auger for toilets, and the drain snake for traps in lavatories and kitchen sinks—emphasizing effective methods while avoiding common pitfalls like pushing a clog further into the system or marring fittings.",Water Main Shutoff Valve; Valve Types; Main Shutoff Tagging; Water Pump Pliers; Wrench Selection; Brass Fitting Handling; Sink Basin Wrench; Screwdriver Wear; Toilet Plunging Basics; Closet Auger Use; Plumber Snake; Trapway Basics,"Identify and shut off main water supply (emergency awareness) @ 00:00:24; Use of water pump pliers for adjustable gripping and torque @ 00:00:45; Brass fittings protection: avoid biting with teeth, use proper wrench @ 00:01:24; Basin wrench for tight under-sink access @ 00:01:38; Proper toilet blockage plunging technique (seal, pull, not push) @ 00:02:22; Closet auger use for toilet clogs (protective coating, feeding through trapway) @ 00:02:39; Drain snake (plumber’s snake) for traps under lavatories and kitchens @ 00:03:04",8
5nBqjqCLbj0.youtube,"Sump Pump Installation: Basin Prep, Filtration, and Exterior Discharge Piping (This Old House)","November 6, 2012",concrete floor (indoor utility area),"The video demonstrates a practical, step-by-step installation of a submersible sump pump in an indoor concrete floor setting. It covers brief pump operation with a float switch, creating a flush sump basin in a concrete floor, and preparing the basin with filtration to keep sediment out. A stone bed and a manufacturer-recommended top paver are used to level and protect the basin and impeller. The discharge is routed through a check valve and PVC piping with a 45-degree elbow up the foundation, then extended to grade outside to slope away from the structure. The presenter tests the pump and explains how the float trigger responds to rising water, with a note on perimeter-drain behavior that activates the pump as the water table changes.",Sump Pump Basics; Float Switch Operation; Sump Pump Power; Flush Basin Placement; Sump Basin Filter Fabric; Sump Basin Bedding; Pump Seat Protection; Float Activation; Discharge Check Valve; Discharge Elbows; Vertical Discharge Routing; Exterior PVC Discharge; Exterior Slope Grading; PVC Joint Sealing; Pump Test Verification; Rising Water Table,Explain submersible sump pump operation using a float switch @ 00:00:08.720; Prepare and seat sump basin flush with concrete floor @ 00:00:53.039; Install filter fabric under basin to prevent sediment entry @ 00:00:59.760; Use stone bed and top with a paver as recommended by manufacturer @ 00:01:25.840; Test float activation to confirm pump will start @ 00:01:45.680; Install a check valve in the discharge line to prevent backflow @ 00:01:54.000; Route discharge with 45-degree elbow(s) and vertical rise up the foundation @ 00:02:00.719; Grading the exterior discharge to slope away from the foundation @ 00:02:12.080; Gluing PVC joints for watertight discharge piping @ 00:02:20.560; Final pump test and operation check @ 00:02:32.720; Explain perimeter-drain context and auto-activation on rising water table @ 00:02:36.080,3
6WA3P_R46pA.youtube,How to Connect a Refrigerator Water and Ice Dispenser | This Old House,"September 5, 2014","Basement utility space under the stove area (evidence includes moving to basement to locate cold water line, mentions two floor holes and an abandoned hot water line).","This Old House walks through connecting a refrigerator’s water dispenser to a cold-water supply. The host locates the existing cold-water line and shut-off valve in the basement, identifies an abandoned hot-water line, and then demonstrates copper-pipe preparation, soldering a transition to a compression line, and attaching the refrigerator’s supply line. The process covers pipe cleaning, fluxing, a soldered copper joint, threading with Teflon tape, tightening with two wrenches, and finally testing the dispenser for flow.",Refrigerator Water Line; Cold Water Shutoff Valve; Basement Plumbing Access; Abandoned Hot Line; Copper Pipe Prep; Emery Cloth Cleaning; Wire Brush Cleaning; Flux Application; Copper Joint Soldering; tubing use; Compression Tubing Adapter; Refrigerator Water Connections; Gas Thread Sealant; Ground Joint Connection; Two Wrench Tightening Method; Refrigerator Supply Line; Dispenser Water Test; Refrigerator Leak Check,Identify cold water supply and shut-off valve in basement plumbing @ 00:00:31; Clean and prepare copper pipe surface with Emery cloth @ 00:00:50; Clean fitting with wire brush before assembly @ 00:01:18; Apply flux to pipe and fitting prior to solder @ 00:01:31; Solder copper joint using opposite-side heat to draw solder @ 00:01:49; Apply teflon tape (thread sealant) to threaded fitting @ 00:02:06; Thread and tighten new compression fitting with two wrenches @ 00:02:24; Install ground joint connection and sealant at supply line @ 00:03:03; Test refrigerator water dispenser for operation after connection @ 00:03:56,6
7UbXmKW-v6o.youtube,How to Repair a Leaky Kitchen Faucet (Ball Valve to Ceramic Cartridge) | This Old House,"November 28, 2015",,"This Old House demonstrates a kitchen faucet repair focused on a common ball-valve style faucet. The host shows how to shut off the water, access and disassemble the handle, inspect the ball and seats for wear, and replace worn seats and springs with a kit. A pencil is used to guide installation of the new seats, and a cam assembly with a gasket is installed to control travel. The top cap is reassembled and the gland nut tension adjusted to restore a tight seal. The video then contrasts the traditional ball valve with the newer ceramic-disc cartridge, explaining how ceramic discs reduce wear and can last longer, and notes that if leaks persist you can swap the entire cartridge. The takeaway is that wear parts drive leaks, and with the right parts and careful reassembly, a leaky faucet can be fixed or upgraded for improved longevity.",turn off water supply; Drain Protection Rag; Index Cap Removal; Handle Screw Allen Wrench; Faucet Handle Access; Ball Valve Assembly; Spanner Wrench; Top Cap Removal; Valve Seat Repair; Valve Seat Wear Marks; Seat Spring Repair; Valve Seats Springs; Seat Wear Patterns; Guide Seating; Cam Assembly; Cam Cap Alignment; Gland Nut Tension; Faucet Reassembly Test; Water Tension Adjustment; Ball Cartridge Comparison; Ceramic Disc Cartridge; Ceramic Disc Cartridges; Cartridge Replacement; Faucet Part Matching; Faucet Cartridge Failure Modes,Remove faucet handle using Allen wrench and access ball valve assembly @ 00:00:50; Loosen top cap with spanner wrench and access ball assembly @ 00:01:10; Inspect and identify wear on valve seats (score marks) @ 00:02:13; Guide new seats into place with a pencil @ 00:03:05; Install cam assembly with gasket and align keyways @ 00:03:57; Tighten gland nut and test water flow @ 00:04:31; Discuss cartridge vs ball-valve technology and longevity @ 00:05:25,6
7jhE7AsYVyQ.youtube,Repacking a Leaky Shut-Off Valve with Teflon Packing,"September 15, 2014",,"This This Old House clip demonstrates repairing a leaky shut-off valve by rebuilding the bonnet packing with a new Teﬂon wrap. The presenters first shut off the main water supply, remove the bonnet nut with an open-end wrench, and note the absence of a gasket. They then apply Teﬂon packing around the spindle, reseat and tighten the bonnet, and finally reopen the main valve to verify that water flows normally without leaks. The sequence emphasizes careful wrapping of packing, thread alignment, and a cautious test to confirm a leak-free seal.",Main Shutoff Valve; Bonnet Nut; Open-End Wrench Overview; Valve Gasket Inspection; Packing Replacement; Valve Spindle Packing; Bonnet Reassembly; Thread Engagement; Valve Packing Tightening; Valve Operation Test; Leak Check; Shut-Off Valve Packing,Replacing valve packing with Teﬂon packing on a shut-off bonnet @ 00:00:38; Threading and reseating the bonnet nut to compress packing @ 00:01:04; Testing valve operation by restoring main water supply and observing for leaks @ 00:02:05,4
80j5sXJ4dsU.youtube,Can A Plumbing Leak Ruin Your Home? – Pro2Pro (This Old House),"March 20, 2019",,"This short This Old House segment, sponsored by HomeServe, presents a field anecdote about plumbing emergencies to illustrate how a frozen pipe and ensuing leak can escalate into significant home damage. The speaker recounts a call to a house with water frozen on the front stairs, describes the process of gaining entry under cold conditions with manual tools, and ends with a striking hazard story about a cast-iron radiator shard traveling a long distance and embedding in a wall. The minimal narrative focuses on real-world risks, practical on-site actions, and the importance of prompt professional response in avoiding or mitigating major damage from leaks.",HomeServe Sponsorship; Frozen Pipe Hazard; Water Damage Risk; Plumbing Emergency Response; Home Damage Anecdote; Service Call Access; Ice Removal; Cast Iron Radiator; Radiator Shard Hazard; Apprentice Field Experience; Water Intrusion Diagnosis; Leak Safety Awareness,Ice removal with a pick and shovel during a frozen-pipe call @ 00:42:00; Awareness of radiator-related debris hazards in a repair scenario @ 00:53:00,4
8hMo-HI56oY.youtube,Drain and Vent a Bathroom Sink: Converting a Double Trap to a Single Trap with a Mechanical Vent and Faucet Replacement,"July 23, 2018",,"This Old House’s Ask This Old House episode demonstrates diagnosing and correcting a bathroom sink drainage problem caused by an unvented, double-trap configuration (a full S-trap) and replacing the faucet along the way. The host explains how two traps can siphon water from each other, potentially leaving traps dry and allowing sewer gases to back up. To fix the system without wall demolition, the team installs a single-trap drain and uses a mechanical vent (air-admittance valve) to admit air when water flows, preventing vacuum pull while blocking sewer gases. The episode also covers updating the faucet and drain components (plumber’s putty, pop-up drain, and PVC glue) and confirms proper function with flow and vent tests after assembly. The narrative blends diagnosis, DIY faucet replacement, drain redesign, and testing to illustrate a practical retrofit that avoids major renovation.",Double Trap; S-Trap Issues; Mechanical Vent Risks; Roof Venting; AAV Mechanical Vent; Single-Trap Drain; Drain Tee Fitting; PVC Glue-Up; Drain Thread Putty; Pop-Up Drain Installation; Faucet Replacement Mounting; Three Hole Faucet Compatibility; Drain Assembly Testing; Basin Fill Test; Faucet Supply Considerations; Basin Vacuum Test,Mechanical vent (air-admittance valve) installation as an alternative to roof venting @ 00:04:21; Converting a double-trap S-trap to a single-trap drain @ 04:03; Faucet replacement and under-sink mounting @ 02:24; Pop-up drain installation and finish sealing @ 02:48; Plumber’s putty application and gasket sealing at drain connections @ 03:04; PVC pipe solvent cement/glue for drain connections @ 04:49; Drain system testing with basin fill to verify venting and drainage @ 05:30,7
8jSd_G-rRXg.youtube,"Diagnosis and Fix for a Noisy Faucet: Cold Shut-off Valve, Washer Wear, and Pressure Considerations","August 31, 2014",Basement (water supply origin),"This Old House demonstrates a practical, step-by-step diagnostic approach to a noisy faucet caused by plumbing vibration. The video walks through isolating and testing the cold shut-off valve under the sink, explains why a partially closed valve can force water through a small opening and excite the valve washer, and then expands to other common culprits such as worn toilet fill valve washers, service valves versus ball valves, and overall home water pressure. The host also contrasts valve designs and offers targeted remedies, including keeping service valves fully open, recognizing the anatomy of a valve (stem and washer), and considering a pressure-reducing valve for high municipal pressure. The demonstrations emphasize listening for changes in noise as valves are manipulated and interpreted through simple mechanical reasoning.",Noisy Faucet Diagnosis; Cold Water Shutoff Valve; Valve Position Noise; Stem Washer Anatomy; Washer Wear Diagnosis; Service Valve Comparison; Ball Valve Operation; Valve Throttling; Faucet Flow Path; Toilet Fill Valve Wear; Shutoff Valve Location; Whole-House Pressure; PRV Pressure Valve; Dishwasher Water Routing; Valve Maintenance,Test and confirm valve openness to diagnose vibration @ 01:14:00; Explain valve stem and washer anatomy to diagnose flow issues @ 01:59:00; Keep the cold shut-off valve fully open to stop vibration @ 02:23:00; Differentiate multi-turn shut-off valve from ball valve @ 03:11:00; Balance flow by throttling a valve (ball valve concept) @ 03:27:00; Use a pressure-reducing valve to address house-wide pressure @ 03:41:00; Identify toilet fill-valve washer wear as a vibration source @ 02:43:00,3
9bLwiF3hWUA.youtube,"PEX vs Copper Pipes: Pros, Cons, and Practical Use in Residential Plumbing","April 26, 2025",Northern urbanized areas (copper commonly used),"This Old House hosts discuss PEX and copper piping, framing copper as the long-standing, rigid standard with lead-free solder and proven reliability, while presenting PEX as a flexible, coil-delivered alternative that can be run like wiring and fitted with fewer interior connections. The speakers acknowledge both materials have a place depending on application, with PEX gaining popularity in many regions and copper still favored in remodeling and around shower valves. The conversation also covers practical considerations such as tooling, fittings costs, and the way each material changes the skill set required for installation.",Copper Piping; PEX Piping; Rigid vs Flexible Tubing; Lead-Free Solder; Copper Corrosion Resistance; Fitting Count; Fitting Costs; PEX Coil Form; PEX Flexibility; Pipe Expansion Tooling; PEX Memory; Solderless Connection; Copper Shower Rough-In; Icemaker Box Interfaces; Remodeling Considerations; Northern PEX Usage,PEX expansion tool demonstration (sleeve) and memory-based connections @ 00:02:12; Running PEX in coils and bending (wall-to-wall routing with fewer interior fittings) @ 00:01:50; Copper soldering with lead-free solder and traditional fittings @ 00:00:24; Icemaker box interfacing and building-system interface for PEX @ 00:03:31,4
9kjabzIcLRA.youtube,"Common Water Heater Myths Answered: Reading Plates, Extending Life, Draining, and Leaks","January 9, 2019","Basement (unfinished, concrete floor)","This Old House’s water heater primer addresses common homeowner questions about when to replace, how to evaluate the equipment, and practical maintenance. The video explains how to identify tank size, model, and age from the rating plate, contrasts electric and gas units, and notes typical lifespans for glass-lined steel tanks. It covers the sacrificial anode rod and how replacing it can extend life, debunks the notion that periodic draining alone will dramatically prolong service, and demonstrates a drainage procedure to flush sediment. It also provides a safety-focused leak response (shut off cold water, relieve pressure) and discusses the real-world tradeoffs of upgrading to a tankless system, including the higher piping and installation demands. Location context is provided via a basement and a first-floor example to illustrate risk considerations depending on where the heater lives in a house.",Water Heater Rating Plate; Water Heater Components; Water Heater Tank Hardware; Glass Lined Tank Life; Instant Water Heater; Anode Rod Protection; Anode Rod Life; Anode Rod Delay Risks; Tank Draining Myth; Water Heater Drain Flush; Water Heater Flushing; Leak Response Safety; Cold Water Drain; Repair Versus Replacement; Water Heater Location Risk,"Reading the water heater rating plate to identify tank size, model, and date of manufacture @ 00:00:44; Identifying tank type and gas/electric components (gas valve, flue; electric element covers) @ 00:00:31; Anode rod replacement to extend tank life @ 00:02:03; Drain and flush procedure to manage sediment (turn off cold water, open drain, cycle dip tube) @ 00:03:28; Relieving pressure and safe leak response (shut off cold water and use draw-off) @ 00:04:12; Tankless vs. tank-based system comparison (no storage tank vs storage, installation considerations) @ 00:01:15",4
AHwG7PsF2vQ.youtube,How to Replace a Smelly Dishwasher Drain Hose (This Old House),"October 5, 2014",probable kitchen under-sink area,"This instructional This Old House segment guides viewers through diagnosing a smelly dishwasher condition caused by backflow and partial drainage in the drain line, then demonstrates how to replace a misrouted drain hose and create a proper high loop under the kitchen counter. The host explains the roles of the sump, grinder, and check valve in preventing backflow, identifies an improper hose routing, and walks through disassembly, hose replacement, securement with a stainless clamp, and a testing procedure using hot water to flush the system.",Dishwasher Drain Hose; Check Valve; Sump Grinder; Dishwasher Drain Clogs; Dishwasher High Loop; Dishwasher Drain Routing; Dishwasher Tee Fitting; Hose Clamp; Spring Clip; Drain Hose Replacement; Drain Hose Snake; Water Catch Pan; Backflow Prevention; Hot Water Test,Install a high loop drain hose under the kitchen counter to prevent backflow and odors @ 00:02:46; Replace dishwasher drain hose with a new one and secure with a stainless steel hose clamp @ 00:04:10; Use the existing hose as a snake to guide routing of the new hose @ 00:02:58; Inspect and explain the role of the check valve in preventing backflow and odors @ 00:01:40,4
AQC_shrv8KA.youtube,"Hot Water Recirculation Systems: Pumps, Valves, and Smart Timers","May 16, 2016",basement,"This video explains why large houses and commercial buildings benefit from a hot-water recirculation system. It describes the core idea: a dedicated recirculation line moves hot water from the heater to the farthest fixture and returns the cooler water to the heater to be reheated, reducing wait times and water waste. The host covers essential components (recirculation pump, check valve, aquastat sensor, and timer) and then surveys retrofit options, including placing a pump near the water heater, and under-sink vanity installations with tees, as well as standalone units with built-in timers and sensors or wireless activation. It concludes with safety and efficiency cautions, emphasizing proper control to avoid energy waste and cross-connections while highlighting convenient, self-programming timer solutions. ",Recirculation Line Concept; Recirculation Line; Recirculation Pump Setup; Check Valve; Aquastat Control; Recirculation Sensor; Recirculation Timer; Self Programming Timer; Recirculation Retrofit Options; Recirculation Pump Placement; Vanity Recirculation; Recirculation Tee Valve; Recirculation Pump; Recirculation Button; Wireless Activation; Cross Connection Risk; Water Heater Efficiency; Hot Water Recirculation; Recirculation Heater Location,Recirculation line with dedicated hot water pump @ 00:00:44; Check valve to enforce one-way flow @ 00:01:25; Aquastat sensor mounted on pipe @ 00:01:35; Timer or self-programming timer @ 00:01:47; Integrated recirc unit with built-in components @ 00:02:00; Under-sink vanity recirc with tees @ 00:03:07; Single-point activation and wireless option @ 00:03:41; Energy-efficiency and safety caution for recirc systems @ 00:04:01,9
AcgErpZ_D0c.youtube,Bathtub Caulking: Remove Old Caulk and Recaulk with 100% Silicone,"April 21, 2019",Bathroom,"This This Old House segment demonstrates removing seven-year-old caulk around a bathtub and recaulk­ing with 100% silicone. The host walks through surface preparation, debris protection, and tool setup, then demonstrates removing old caulk, masking the edges with painter’s tape, cutting and loading the caulk, applying a clean bead with a caulking gun, smoothing the bead with a finger, and finally removing the tape while the bead is wet and allowing the caulk to cure. The video emphasizes silicone’s advantages for bathroom joints (adheres to non-porous surfaces, mold/mildew resistance, and flexibility to accommodate movement) and cautions on ventilation and cure times: do not expose the fresh bead to moisture for 24 hours and wait about 30 minutes before it can get wet.",Bathtub Caulking; Caulk Removal; Drop Cloth Protection; Surface Protection; Alcohol Surface Cleaning; Caulk Removal Tools; Tape Masking for Caulk; Silicone Caulk; Silicone Caulk Properties; Nonporous Adhesion; Caulk Gun Operation; Caulk Seal Removal; Caulk Bead Technique; Caulk Smoothing; Caulk Removal Timing; Caulk Cure Time,"Masking bead line with painter's tape (keep ~1/4 inch from wall) @ 00:03:21; Cutting the caulk nozzle and breaking the seal in the tube @ 00:04:33; Loading caulk into the gun and preparing the nozzle end for application @ 00:04:55; Applying a controlled bead: gun level, steady squeeze, continuous motion @ 00:06:05; Smoothing the bead with a finger in the corner to fill voids @ 00:07:04; Removing tape while the bead is wet to avoid pulling @ 00:07:49; Curing and moisture guidance: 30 minutes before exposure to moisture, 24 hours to cure @ 00:08:14; Surface prep and debris protection with drop cloth and alcohol wipe @ 00:01:00",13
BVItL66doqw.youtube,"Preventing Frozen Pipes: Seal, Insulate, and Safely Thaw","January 26, 2014",Sill/foundation joint (entry point for cold air),"This Old House outlines both preventive measures and practical steps for thawing and repairing frozen pipes. The host emphasizes sealing the building envelope to stop cold air from reaching pipes, selecting appropriate pipe insulation, and using safe thawing methods if a pipe freezes. Key points include locating common ingress points for cold air, insulating pipes (including elbows), leaving a faucet running to aid thawing, and the caution against open flames. The video also covers options for using space heaters, blow dryers, or a professional pipe-thawing machine when necessary, and argues that proper insulation can avoid costly insurance claims.",Frozen Pipe Risks; Cold-Air Freeze Risk; Freeze Prone Locations; Penetration Sealing; Pipe Freeze Protection; Pipe Corner Insulation; Cabinet Warm-Air Access; Frozen Pipe Thawing; Pipe Thawing Safety; Pipe Thawing Machine; Freeze Protection Economics,"Seal penetrations and seal building envelope to stop cold air movement @ 00:00:48; Wrap pipes with peel-and-stick foam insulation and address corners @ 00:01:42; Insulate elbows and corners rather than stopping at the elbow @ 00:01:58; Leave faucet open to aid thawing and monitor thaw progression @ 00:02:21; Use electric heat sources (space heater, hair dryer, heat gun) with caution @ 00:02:33; Avoid open flames near exterior walls during thawing @ 00:02:45; Apply a pipe-thawing machine for inaccessible freezes @ 00:03:14; Insulation as long-term cost savings to prevent large claims @ 00:03:30",7
BjB3TfKOYKk.youtube,"Choosing a Portable Air Conditioner: Window Units, Portables, and Evaporative Coolers (Ask This Old House)","September 16, 2018",United States (probable),"This Old House outlines three primary approaches to cooling a room when central air isn’t available or feasible: window air conditioners, portable air conditioners, and evaporative (swamp) coolers. The host explains how a window unit operates as a self-contained refrigeration cycle, including heat transfer to the refrigerant, outdoor heat rejection, and the condensate byproduct that increases humidity indoors. The video then demonstrates a portable unit that sits on the floor, exhausts heat through a flexible duct, and uses an internal water reservoir, highlighting tradeoffs in noise, power, and humidity management. A swamp cooler is described as a third option that uses water to cool air, which adds humidity and is geographically limited. Finally, the host introduces a smart, Wi‑Fi-enabled window air conditioner with GPS/geofencing that can automatically turn on before arrival, illustrating how modern tech can simplify control and energy management. The piece frames choices for renters or seasonal users and emphasizes practical considerations like weight, window obstruction, and seasonal storage, finishing with a recap of three practical cooling methods and their relative power and convenience.",Window AC Basics; Refrigeration Cycle; Room to Coil Heat Transfer; Window AC Condensation; Window Unit Handling; Window Obstruction; Portable AC Exhaust; Portable AC Reservoir; Portable Unit Tradeoffs; Swamp Cooler Principle; Evaporative Cooling Humidity; Swamp Cooler Climate; Evaporative Cooler Limits; Cooling Options Overview; Portable AC Noise; Smart Window AC; Manual Control Options; Cooling Energy Context,Window air conditioner refrigeration cycle explained (heat transfer to refrigerant; outdoor heat rejection; condensation) @ 00:51; Condensation as byproduct and humidity management in window A/C @ 01:16; Portable air conditioner design with self-contained unit and floor placement @ 02:03; Exhaust heat through flexible duct and external venting in portable A/C @ 02:07; Water reservoir in portable A/C for condensate management @ 02:22; Evaporative (swamp) cooler operation and pad-based cooling @ 02:41; Evaporative cooler humidity implications (adds humidity; geographic suitability) @ 02:54; Smart window A/C with Wi‑Fi control and proximity-based automation (GPS/geofencing) @ 03:24,6
BuxvKbIIYLU.youtube,Installation and operation of a gas-fired combination boiler and domestic hot water system (combi boiler) — This Old House,"November 14, 2015",Basement installation area,"The video documents converting a two‑unit heating setup—a gas-fired cast‑iron boiler plus a separate domestic hot water heater—into a single, compact gas-fired combination boiler (combi) that provides both space heating and domestic hot water. It explains how a flat plate heat exchanger within the combi substitutes the large iron block, how the system modulates to match load, and why venting, condensate handling, and proper sizing are critical. The host and installer emphasize efficiency gains, on‑demand hot water, and the practical limits of a combi unit (house size and DHW demand), along with exterior venting requirements and code-based clearances.",Combi Boiler; Combi Boiler DHW; Plate Heat Exchanger; Two Combi Boiler DHW; Modulating Gas Valve; Outdoor Temperature Sensor; Combi Boiler Venting; Venting Clearances; PVC Vent Piping; Condensing Boiler Efficiency; Condensate Neutralizer; Condensate Pump; Circulator Pump; Hot Water Return Piping; Gas Supply Hookups; Combi Boiler Sizing; DHW Priority; DHW Demand Limits,Gas-fired combination boiler (combi) that provides both space heating and domestic hot water @ 01:43:24; Flat plate heat exchanger for domestic hot water in a combi @ 02:40:00; Outdoor temperature sensor enabling modulating gas valve for load matching @ 06:18:00; Condensing boiler operation with condensate handling (neutralizer and pump) @ 07:31:00; Venting strategy: two external openings (flue gas and combustion air) with sidewall venting @ 04:41:00,7
C06cfhLWFrw.youtube,How to Replace a Faucet Aerator,"August 26, 2014",,"This Old House demonstrates diagnosing and addressing a clogged faucet aerator. The host explains that aerators incorporate a flow restrictor and can accumulate debris that reduces water pressure. The tutorial covers removing the aerator with an adjustable wrench, inspecting and cleaning the interior (noting debris such as coffee grounds), and deciding to replace the aerator rather than clean it when debris buildup is significant. A replacement cost hint (~$5–$6) is given, followed by a hot-and-cold water test to confirm proper function after replacement.",Faucet Aerator; Flow Restrictor; Faucet Aerator Cleaning; Adjustable Wrench Removal; Flat Edge Aerator; Protective Rag Use; Aerator Debris Cleaning; Spout Flushing; Aerator Replacement Decision; Aerator Replacement Cost; Water Flow Test; Fixture Maintenance,"Remove aerator with adjustable wrench on two-flat-edge design @ 00:50:52; Inspect interior for debris (e.g., coffee grounds) @ 01:25:40; Flush spout to verify cleanliness @ 01:33:40; Replace aerator due to debris buildup @ 01:52:00; Test hot and cold water after replacement @ 02:06:14",4
CWSyA4AiBOE.youtube,Bottleshaped Cistern: 18th-Century Rainwater Storage in an Old House (This Old House),"May 20, 2025",,"This Old House features historic archaeologist Suzanne Shere examining an intact, bottleshaped cistern serving as a rainwater storage system for an 18th-century house. The segment describes how the cistern was built with handmade brick, likely two bricks thick, and how bricks appear to have been reused from a chimney or fireplace. It notes the absence of a builder’s trench, mortared joints to the bottom, and a waterproof bottom surface capped with a thin paving-like layer. A large top opening suggests a trap-door for manual bucket access or a crank draw, and interior inspection reveals a depth of about seven feet and a lead pipe connected to the house basement for water delivery to a spigot. The discussion places the cistern within a broader domestic water ecosystem of the period, including wells, privies, and gardens, illustrating how early households managed water for washing, drinking, and chores within spatial constraints.",Bottle-Shaped Cistern; Rainwater Cistern; Bottle Shaped Cistern; Thick Brick Wall; Reused Chimney Bricks; Builder Trench; Mortared Joints; Bottom Waterproofing; Waterproofing Layer; Soil Versus Fill; Cistern Trap Door; Bucket Draw Operation; Lead Pipe Entry; Water Draw Crown; Bottle Cistern Spigot; Cistern Depth; Cistern Cover; Rainwater Cistern Use; Yard Infrastructure Context; Domestic Water Systems,Identify bottleshaped cistern and rainwater storage @ 00:03:07; Brickwork analysis: two-brick-thick walls and mortared joints @ 00:01:17; Evidence of brick reuse from chimney or fireplace @ 00:01:28; Absence of builder's trench indicating earthwork approach @ 00:01:40; Bottom waterproofing: paving-like layer beneath the brick @ 00:02:04; Top access design: trap door and bucket/crank retrieval @ 00:02:25; Lead pipe connection to basement with crown/spout and interior spigot @ 00:04:01; Depth estimation and interior condition @ 00:03:46,4
DKff22CT3Ng.youtube,"Replacing a Kitchen Sink: Removal, Fit, and Faucet Install (Ask This Old House)","March 4, 2019",,"This Old House shows a step‑by‑step kitchen sink replacement, including turning off the water and disconnecting faucet supply lines, removing the old sink and its sealant from the countertop, adjusting a mis-sized opening with an oscillating saw, dropping in a standard replacement sink, mounting a new faucet with a base plate, applying silicone sealant, securing the sink with under-sink clips, and routing the drainage with an ABS-to-PVC adapter and a dishwasher tailpiece, followed by a final water test to confirm a leak-free install.",Supply Hose Disconnect; Water Shutoff Planning; Sink Drain Disconnect; Sink Clip Removal; Sink Removal Protection; Standard Sink Dimensions; Countertop Opening Adjustment; Shutoff Valve Replacement; Base Plate Faucet Install; Sink Edge Silicone; Sink Clip Installation; Drain Transition Coupling; Single-bowl Dishwasher Tailpiece; Water Leak Check,Shutoff and water supply management @ 00:00:11; Disconnect faucet supply lines @ 00:00:32; Remove sink drain nuts and detach drain @ 00:01:04; Pry up old sink while protecting laminate @ 01:31; Trim countertop opening with oscillating saw @ 00:02:43; Install faucet from above with base plate and bracket @ 00:04:23; Apply silicone bead around sink edge @ 00:05:07; ABS-to-PVC adapter with mechanical coupling @ 00:06:12,8
Ewsxmtn3dwk.youtube,How to Shorten a Gas Pipe to Fit an Oven,"May 8, 2019",Basement area underneath the kitchen (explicit),"This Old House demonstrates shortening a gas supply line so a new convection-enabled oven can sit flush against a wall. The host identifies the lack of a shutoff at the appliance branch, demonstrates shutting off the main gas, safely disconnecting the stove, selecting a pre-cut gas pipe replacement, threading and sealing the joint with pipe dope, and reattaching the line while ensuring space for the stove’s flexible supply. After reassembly, the line is purged and tested with a soap solution for leaks. The segment emphasizes safety, noting that this work should be performed by a licensed professional and that full-house gas shutdown may be required during the procedure.",Appliance Gas Shutoff; Appliance Shutoff Valve; Gas Supply Shutoff; Gas Appliance Disconnect; Oven Clearance; Gas Pipe Measurement; Gas Pipe Precut Length; Pipe Thread Tightening; Gas Pipe Dope; Appliance Gas Reconnect; Gas Pipe Clearance; Drop Cloth Use; Reference Witness Marks; Gas Line Purging; Soap Solution Leak Test; Licensed Gas Professional,Shorten and rethread a gas supply line to fit an appliance @ 00:03:42; Properly apply pipe dope to gas fittings before reassembly @ 00:04:38; Verify clearance and align fittings to allow wrench access and safe reattachment @ 00:05:32; Leak testing with soap solution after re-energizing the gas supply @ 00:05:58; Shut off main gas and cite the safety/licensing requirement for this work @ 00:01:46,9
F3V7UjX_rFE.youtube,"Gas Clothes Dryer Installation: Piping, Venting, and Commissioning (This Old House)","February 27, 2019",Basement,"This Old House guides a family through installing a gas clothes dryer in their basement, covering site assessment, electrical and gas feasibility, gas piping installation, venting to the exterior, and final commissioning. The episode contrasts electric versus gas dryer options, stresses the need to verify electrical service (panel capacity) and gas availability, and demonstrates practical piping techniques (black steel pipe, pipe dope, threaded joints), venting details (exterior termination with louvers), and connection methods (unions or flexible connectors) before performing a leak test and turning the gas back on. The host also notes safety considerations, including that gas piping should be done by a licensed professional, and closes with a personal update on the family.",Gas Dryer Installation; Black Steel Gas Piping; Gas Thread Sealant; Threaded Fittings Tightening; Dryer Vent Routing; Dryer Vent Protection; Flexible Dryer Connectors; Gas Leak Testing; Dryer Electrical Requirements; Gas Line Feasibility; Gas Work Licensing,Gas piping installation using black steel pipe @ 00:04:07; Applying pipe thread sealant (pipe dope) and tightening threaded joints with two wrenches @ 00:05:15; Vent piping termination with exterior louvers and securing clamps @ 00:06:57; Using a union or flexible connector to join vent/piping to the appliance @ 00:07:13; Gas leak testing and commissioning after piping installation @ 00:08:03; Electrical capacity evaluation for dryer installation (panel considerations for 60A vs. 200A systems) @ 00:02:37; Safety note: gas piping should be performed by a licensed professional @ 00:06:00,5
F4v_T98QZzQ.youtube,"Smart Water Valve with Automatic Shut-Off, Leak Detection, and Home-Wide Monitoring","June 26, 2019",,"This Old House’s This Old House segment documents a smart water valve system designed to automatically shut off water supply on detection of abnormal flow or leaks, with a network of sensors (flow, pressure, and temperature) and a Wi‑Fi-enabled app. The video explains how the main-line flow sensor governs the automatic shut-off valve, how pressure and temperature sensors help prevent pipe bursts in cold environments, and how the app dashboard tracks real-time usage, provides a conservation goal, and supports troubleshooting when leaks appear. The presenters demonstrate immediate valve actuation, data visualization of usage by category (irrigation, showers, etc.), and a “health test” that can detect small drips, along with the potential for future device integrations with smart thermostats to further protect the home’s plumbing system.""",Automatic Shutoff Valve; Flow Sensor; Main Supply Line; Pressure Sensor; Temperature Sensor; Leak Detection; Drip Detection; Wi-Fi Leak Alerts; Mobile App Dashboard; Water Usage Monitoring; Conservation Goals; Water Use Monitoring; Leak History Learning; Leak Health Test; App Troubleshooting Tips; Remote Leak Alerts; False Alarm Management; Freeze Prevention; Smart Thermostat Integration; Water Damage Safety; Leak Sensor Comparison; Smart Water Learning; Monitoring Cadence; Maintenance Considerations,Main-water-supply flow sensor and automatic shut-off valve operation @ 00:02:36; Pressure and temperature sensing for leak prevention and freeze protection @ 00:03:06; App dashboard with real-time water usage and conservation goals @ 00:04:50; Leak health test with drip detection and in-app troubleshooting @ 00:06:53; Smart-home integration concepts (future thermostat control) @ 00:07:20,8
Gw7BSrWH1Ck.youtube,How to Rebuild a Hose Spigot: Compression Valve Repair and Seat Refurbishment,"March 18, 2018",Outside garden faucet (hose spigot),"This This Old House segment guides a homeowner through diagnosing and rebuilding a 30-year-old outside hose spigot. The host explains valve anatomy and common shut-off types (gate, ball, and compression), identifies the likely leak source ( washer, seat, or packing), and demonstrates a practical repair workflow: disassembling a compression valve, replacing the worn washer and corroded screws, rebuilding the bonnet with teflon packing, and resurfacing the valve seat with a specialized tool. The video emphasizes careful reassembly, testing for leaks, and recognizing when the seat requires refurbishment rather than complete replacement. The final result is a restored valve that seals properly without a leak.",Garden Faucet; Hose Spigot Repair; Leak Diagnosis; Basement Shutoff Location; Gate Valve; Ball Valve; Compression Valve Repair; Valve Washer Overview; Valve Seat; Bonnet Rebuild; Bonnet Gasket; Valve Stem; Bonnet Packing Overview; Teflon Packing; Packing Nut; Monel Screws; Valve Screw Removal; Valve Seat Wear; Valve Seat Resurfacing; Valve Reassembly; Outdoor Shutoff; Leak Testing; Seat Resurfacing Wheel; Valve Seating Tool; Grinder Seat Refacing; Capillary Packing; Bonnet Rebuild Technique; Valve Rust Prevention,"Identify and compare valve types (gate, ball, compression) and explain core components (bonnet, washer, seat). @ 00:01:03; Disassemble a compression valve and extract the worn washer; inspect screw condition. @ 00:02:46; Select replacement washer and orient it correctly against the seat. @ 00:03:18; Document and preserve corrosion-resistant fasteners (Monel screws) for long-term reliability. @ 00:04:18; Rebuild bonnet using teflon packing around the stem and compress it with the bonnet nut to seal. @ 00:05:21; Recondition the valve seat with a dedicated seat resurfacing tool (grinder wheel) to restore a true sealing surface. @ 00:06:45; Reassemble, restore water supply, and perform a leak test to verify a functioning valve. @ 00:07:53; Diagnose leak source (washer vs seat) through observation of leakage location and reseating strategy. @ 00:02:21",6
H6gEUGT0HpM.youtube,Shower Valve Stem Replacement: Replacing a Worn Hot-Water Stem in a Three-Valve Faucet,"September 10, 2016",,"This This Old House episode documents diagnosing a temperature-fluctuating shower caused by a likely worn hot-water stem in a three-valve faucet. The host walks through exposing the stem assembly, removing the handle and escutcheon, backing out the bonnet, and evaluating wear. He demonstrates replacing the hot-stem unit and valve seat, using a seat wrench to extract the old seat, applying pipe-thread sealant, reinstalling the new stem with its bonnet, reusing bushings, sealing escutcheons with plumbers putty, and finally testing the hot water to confirm the repair works correctly.",Three Valve Faucet; Hot Water Stem; Cold Water Stem; Shower Diverter; Escutcheon Trim; Faucet Handle Removal; Stem Index Screw; Valve Bushing; Bonnet Rebuild; Shower Stem Unit; Valve Seat Wrench; Valve Seat; Seat Wrench; Thread Sealant Prep; Faucet Gasket; Shower Valve Putty; Bushing Reuse; Hot Water Testing,Replacing worn hot-water stem in a three-valve shower faucet @ 00:04:26; Seat replacement with a seat wrench @ 00:04:39; Applying pipe thread sealant to valve threads @ 00:05:20; Sealing escutcheons with plumber's putty and reusing bushings @ 00:06:37; Final functional test of hot water @ 00:07:01,8
HGknuTxiXPA.youtube,Installing a Radiant Floor Heat System in a Garage (This Old House),"March 13, 2020",Garage,"This This Old House segment documents choosing and installing a radiant floor heating system in a concrete garage slab. After evaluating heating options (gas boiler, electric baseboards, or radiant heat), the team selects a radiant system embedded in the slab to minimize heat loss and heat the space efficiently. The installation uses a pre-fabricated 2x4-foot panel that combines insulation, vapor barrier, and tubing-holding channels. PEX tubing is laid on a 12-inch-on-center grid, starting near the manifold and staggering seams. Tubing entry into the slab is protected by bends, and the slab is reinforced with wire mesh before a four-inch concrete pour. The crew, including local vocational students, completes the pour and finishes the slab, resulting in a heated garage floor.",Radiant Floor Heating; Garage Heating Options; PEX Tubing; Radiant Floor Panel; Radiant Tubing Layout; Manifold Corner Start; Seam Staggering; Slab Tubing Protection; Manifold Connections; Wire Mesh Reinforcement; Concrete Pour Depth; Concrete Finishing; Vapor Barrier Insulation; Vocational Training; Panel-based radiant floor system,"2x4 ft pre-fabricated panel for insulation, vapor barrier, and tube-holding @ 00:01:12; 12 inches on-center PEX tubing spacing on a grid @ 00:02:39; Protective bends and entry into slab @ 00:02:54; Wire mesh reinforcement over radiant tubing @ 00:03:14; Concrete pour depth (~4 inches) over radiant system @ 00:03:18; PEX tubing properties: flexible, non-brittle, low kink @ 00:02:05",4
HK8wLbs9bSE.youtube,"Laundry Tray Pump Installation for a Basement/Utility Sink: Pump, Drain, and Flow Control","October 16, 2014",laundry room,"This Old House guides the installation of a laundry tray pump under a bar/utility sink in a laundry room. The video identifies the unit as a laundry tray pump with a float switch that starts the pump when water enters the chamber and discharges up to 14 ft into the building drain. The host demonstrates assembling the pump to a basket strainer, applying putty, PTFE tape, fiber gaskets, and an O-ring, and then adapters and glue joints to route a discharge to the house drainage. A no-hub style connection is used to join PVC sections, followed by a check valve to prevent backflow and pump short-cycling. To avoid excessive cycling, a ball valve on the discharge is used to throttle the pump output to better match faucet flow. The sequence culminates in wiring and testing the system to achieve a functional, “full wet bar.”",Laundry Tray Pump; Float Switch; Laundry Pump Discharge; Upper Basket Strainer; Stopper Basket Parts; Putty Application; PTFE Threaded Connections; Gasket O-Ring Sequence; Pump Threaded Adapter; PVC Pipe Assembly; No-Hub Coupling; gluing PVC joints; Witness Marks Alignment; Dry Fit Alignment; Behind Wall Supply Lines; Pump to Drain Connection; Backflow Check Valve; Discharge Throttle Valve; Pump Flow Matching; Pump Wiring Setup; Pump Flow Testing,"Float switch activation of a sub-sink pump @ 00:11:00; Basket strainer assembly with putty, tape, and gasket stack @ 00:45:00; Threaded adapter installation with PTFE tape on pump threads @ 01:21:00; Dry-fitting PVC layout before gluing @ 02:02:00; No-hub coupling for drain connection @ 02:52:00; Check valve to prevent backflow and pump cycling @ 03:30:00; Ball-valve throttling to balance discharge with faucet rate @ 04:05:00; Final glue joints, testing, and power connection @ 04:28:00",8
HNnUO3-fj8Q.youtube,"How to Replace a Steam Radiator: Hand Valve, Spud, and Radiator Sizing","November 5, 2017",,"This Old House demonstrates diagnosing a cold room caused by an undersized steam radiator in a single-zone system, then removing an existing radiator, upgrading the hand valve and spud, and installing a correctly sized radiator to restore even heat. The walkthrough emphasizes radiator balance as key to heat distribution, and it provides practical plumbing and machining techniques (three-corner bite, spud wrench) along with leak-prevention steps (pipe dope, wicking) and a safety-conscious test after reassembly.",Steam Radiator Replacement; Hand Valve Replacement; Radiator Spud Wrench; Union Nut Technique; Radiator Balance; Boiler Steam Basics; Three Corner Bite; Radiator Spud Assembly; Thread Sealing; Steam Heating; Radiator Leveling; Leak Prevention Testing,Three-corner bite to keep a union nut turning true @ 00:03:40; Replacement of hand valve and spud with reuse of spud when possible @ 00:05:40; Use of pipe dope and wick for leak prevention on steam radiator joints @ 00:06:30; Balance radiators in a single-zone steam system by sizing a radiator to the room @ 00:01:46,4
HkFTnnFbh-s.youtube,"Replacing a Leaking PVC Sink Trap: Cut, Remove, and Rebuild the Kitchen Drain","December 1, 2014",Under kitchen sink (probable filming location in cabinet),"This Old House demonstrates diagnosing a leaking PVC sink trap and replacing a glued, in-wall drain run with a new, correctly sized assembly. The video explains why glued PVC joints must be cut out rather than unsoldered, shows how to drain and remove the old trap, uses a drill-mounted cutter head to extract remaining in-wall pipe, and then fabricates a new drainage run that reduces from a 2-inch wall pipe to a 1.5-inch trap. The sequence includes dry-fitting in a tight cabinet, gluing the wall connection, assembling compression fittings, and testing the finished install with a bowl and paper towel to verify a watertight connection.",PVC Sink Trap; Sink Leak Diagnosis; PVC Drain Cement; PVC Trap Cutting; Glued Drain Removal; PVC Pipe Removal; Special Cutter Head; In Wall Pipe Removal; Reducing Coupling; Tight Space Dry Fitting; PVC Prep Before Gluing; PVC Glue Sequence; Drain Compression Fittings; Drain Leak Test; Paper Towel Leak Test; Leak Test Verification,"Cutting the base of the Y to remove a glued PVC trap @ 00:00:46; Using a drill-mounted cutter head with a guide disc to remove in-wall PVC @ 00:01:42; Reducing a 2"" wall drain to 1.5"" to fit a kitchen sink trap (2"" to 1.5"" coupling) @ 00:02:41; Gluing and dry-fitting a new PVC drain run in a tight cabinet @ 00:02:54; Water test for leaks using a bowl and paper towel under the trap @ 00:03:59",3
I5kxToxiVC8.youtube,Frost-Proof Garden Faucet Installed with PEX Piping (This Old House),"October 15, 2014",Exterior wall installation of frost-proof sillcock (garden faucet),"This instructional video shows converting a garden frost-proof sink valve (sillcock) to a PEX-fed supply. The presenter runs PEX tubing from inside the building to the exterior faucet, seals threaded connections with Teflon tape, and uses a transition fitting to connect PEX to copper inside. A PEX expansion tool and sleeve are employed to prepare the exterior run, followed by caulking for a watertight exterior joint. Inside a copper-to-PEX transition, copper is fluxed and soldered first (to protect the PEX from heat), with PEX kept supported by nail clips. The tube is cut square, sleeve and expansion are repeated, the valve is reassembled, and a test confirms the faucet operates correctly.",Frost-Proof Sillcock; Silcock Frost-Proof Sillcock; Frost-Proof Faucet; PEX Piping; Exterior Water Supply Line; PEX Hole Drilling; Threaded Tape Use; PEX Copper Transition; PEX Expansion Tool; PEX Sleeve; Caulk Sealing; Copper Cleaning; Flux Application; Copper to PEX Soldering; PEX Support Clips; PEX Trimming; Square Cut; Valve Reassembly; Pressure Test Leak Check,Frost-proof garden faucet (sillcock) installation concept @ 00:00:03; Applying Teflon tape to threaded connections @ 00:00:52; Transition fitting to PEX with external connection @ 00:01:13; PEX expansion with expansion tool and sleeve @ 00:01:34; Caulking exterior joints for watertight seal @ 00:02:01; Fluxing copper and copper-to-PEX transition before soldering @ 00:02:24; Soldering copper fitting prior to attaching PEX @ 00:02:35; Securing PEX with nail clips for support @ 00:02:50; Cutting PEX square and repeating sleeve expansion @ 00:03:20; Reassembling valve handle and performing a functional test @ 00:04:04,6
IJbVK5UBRT8.youtube,"Understanding Lead in Home Water: History, Testing, and Filtration (Ask This Old House)","October 2, 2016","Flint, Michigan (lead in water supply context)","This Old House frames lead in domestic water by tracing a historical arc from early lead plumbing to modern materials, explains how lead persists in some main water lines and why risk remains—particularly for vulnerable groups—and outlines practical paths for assessment and treatment. The video blends a basic history of pipe materials (lead, brass, galvanized steel, copper, plastic) with a practical discussion of testing options and filtration approaches, including point-of-use filters and reverse osmosis systems, while clarifying that ingestion is the primary exposure pathway to address for safety.",Lead Plumbing History; Sheet Lead Fabrication; Lead Copper Transition; Historic Pipe Materials; Foundation Water Supply; Lead Mineral Coating; Flint Water Crisis; Lead Health Risks; Lead Testing Options; Lead Filter Limits; Whole-House Filtration; Reverse Osmosis Filtration; Reverse Osmosis System; Lead Exposure Pathways; Lead Leaching Studies,"Lead piping fabrication (historical) — sheet lead, dowel, hammering, torching to form fittings @ 00:00:36; Lead-to-Copper transitions in old houses (cup joint) and foundation plumbing @ 00:01:58; Mineral deposition insulating lead in mains; changes in water chemistry increase leaching @ 00:02:12; Reverse osmosis system anatomy (pre-filter, membrane, post-filter, holding tank, faucet) @ 00:03:40; Water-testing approaches (DIY kit vs third-party) @ 00:02:49; Point-of-use filtration vs whole-house and limitations (lead treatment caveat) @ 00:03:12",5
IQ1FSw2xVUs.youtube,"Tankless On-Demand Water Heater Install: Concentric Venting, Recirculation, and Test (Ask This Old House)","January 21, 2018","Milwaukee, Wisconsin (probable)","This Old House hosts replace a 40-gallon tank heater in a Milwaukee-area home with a wall-mounted on-demand unit. The episode covers historical venting practices, the rationale for switching to a tankless system, and a complete installation sequence: upgrading gas supply, installing concentric venting, routing cold and hot water lines, adding an expansion tank and condensate drain, and connecting a recirculation pump with a crossover valve to reduce water waste. The installer explains the unit’s heat-exchanger design (primary and secondary exchangers), safety features (TPR valve, purge), and controls, and demonstrates immediate hot water at a faucet. The program emphasizes space savings, long-term durability (stainless steel and copper vs glass-lined tanks), and a claimed energy savings around 30%, while noting design considerations for homes with multiple bathrooms and distant fixtures.",Tankless Water Heater; Tankless Water Heating; Concentric Venting; Combustion Air Management; Gas Sizing and Purging; Tankless Recirculation Loop; TPR Valve; Condensate Drain Line; Primary Secondary Exchangers; Copper Water Lines; Recirculation Pump Timer; Thermal Crossover Valve; Recirculation Heater; Condensate Floor Drain; Wall Hung Unit; Tankless Efficiency Claims; Water Heater Materials; Tankless Test Commissioning; Multi Bath Planning; Cream City Brick,On-demand water heater operation triggered by faucet use @ 00:03:04; Concentric venting (direct vent) integration @ 00:05:32; Gas line sizing and purging during installation @ 00:05:32; Expansion tank installation and cold-water feed connection @ 00:06:21; Safety features: Temperature/Pressure Relief (TPR) valve and condensate drain @ 00:06:35; Recirculation pump with crossover valve to eliminate hot-water delay @ 00:07:47; Test demonstration: achieved hot water at faucet immediately after activation @ 00:08:41; Official note on energy efficiency and durability (30% energy savings claim; stainless/copper vs glass-lined) @ 00:04:46,10
JIBIyf0JdPM.youtube,"Traditional Rigid Ductwork Installation: Assembly, Sealing, and Insulation","March 20, 2020",,"This This Old House segment demonstrates a classic approach to installing rigid sheet-metal ductwork. It shows assembling two halves of rectangular duct, joining them with male/female connections using S-clips and drive cleats, and fastening with zip screws. It then covers sealing the seams with mastic products (mastic tape for longitudinal seams and elastomeric mastic for butt seams) and finally insulating the run with two-inch fiberglass insulation. The host notes the purpose of insulation in keeping conditioned air in the ducts and reducing energy loss, providing practical, step-by-step guidance on traditional duct installation.",Rigid Ductwork Basics; Split Duct Construction; Duct End Alignment; Corner Notching; Metal Brake Bending; S-Clip Duct Assembly; Drive Cleat Positioning; Duct Zip Screws; Mastic Tape Sealing; Mastic Seam Sealing; Mastic Seam Taping; Duct Insulation; Foil Insulation; Insulation Staples; Duct Insulation Efficiency,Joining two halves of rigid duct using S-clips and drive cleats @ 00:01:37.680; Notching corners to prepare for mating joints @ 00:01:08.640; Bending edges with a metal brake for straight alignment @ 00:01:18.960; Sealing longitudinal seams with mastic tape @ 00:02:56.080; Sealing butt seams with elastomeric mastic @ 00:03:04.720; Insulating duct with 2-inch fiberglass insulation (foil-faced) @ 00:03:38.319; Securing insulation with staples @ 00:03:56.959; Tin knocking (nailing joint alignment) as a joining cue @ 00:00:58.800; Zip screws securing duct corners @ 00:02:36.400; General two-halves rectangular duct assembly method @ 00:00:32.719,3
JJIJ8Pg1z04.youtube,"CPVC vs PEX: Material Differences, Durability, and Long-Term Performance","March 19, 2019","Long Island, New York (probable Suffolk County)","This short instructional segment contrasts CPVC and PEX plumbing materials. It defines CPVC as chlorinated polyvinyl chloride, noting its form stability, coil/straight-stick formats, and suitability for potable water with no leaching of plastics. It then defines PEX as cross-linked polyethylene and highlights its strength, resistance to kinking, and reduced brittleness over time. The host references historical context (polybutylene) and presents longevity estimates for PEX, describing a life expectancy of about 75 years with a safety factor of three (roughly two to three hundred years under favorable conditions). The piece also touches on the question of whether hot water freezes faster than cold water and invites viewers to test it themselves. The overall aim is to help homeowners understand the practical differences and long-term considerations when choosing between CPVC and PEX for plumbing runs.",CPVC Pipe; CPVC Definition; CPVC Form Stability; CPVC Stock Forms; CPVC Potable Compatibility; CPVC Leaching Risk; PEX Pipe; PEX Definition; PEX Cross-Linking; PEX Strength; PEX Kink Resistance; PEX Brittleness; Polybutylene History; PEX Longevity Claims; PEX Life Expectancy; CPVC Lifespan; Pipe Durability Comparison; Temperature Freezing Behavior; Freeze Risk Comparison,"Define CPVC (chlorinated polyvinyl chloride) and its form stability; potable-water compatibility @ 00:00:16; Define PEX (cross-linked polyethylene) and its cross-linking advantages (kink resistance, non-brittleness) @ 00:00:42; Long-term durability claim for PEX (75 years with safety factor of 3; 200–300 years) @ 00:01:10; Polybutylene historical context and contrast to PEX @ 00:01:03; Freezing behavior discussion and audience testing prompt @ 00:01:28",3
JMa8hur4XhM.youtube,Convert a Toilet to Dual-Flush: Two-Button Actuator and Valve Upgrades,"October 30, 2014",Bathroom in owner's house (probable),"This Old House demonstrates converting an existing 3.5-gallon-per-flush toilet to a dual-flush system using a low-cost conversion device. The host explains how most uses are liquid flushes and shows how a two-button actuator (one for liquids, one for solids) can reduce water usage without replacing the toilet. The process includes measuring current usage with a temporary water meter, removing the old flapper and lever, installing a new dual-flush valve with a blue gasket, mounting the two-button actuator, and reconnecting the supply. When the bowl refill is insufficient after the initial install, they upgrade the fill valve to improve bowl refilling, enabling reliable liquid flush performance. The video concludes with a demonstration of flushing liquids and solids, noting significant water savings while maintaining effective solids flushing.",Dual Flush Toilet; Dual Flush; Dual Flush Conversion Kit; Dual Flush Actuator; Flush Valve; Fill Valve; Toilet Flapper; Overflow Tube; Tank Lever Adjustment; Tank Shutoff; Water Meter; Gallons Per Flush; Original Toilet Flow; Dual-Flush Option; Liquid Solid Flush; Refill Tube; Valve Cable Tie; Blue Gasket; Bowl Refill Optimization; Dual Flush Kit Cost,"Dual-flush conversion with two-button actuator @ 00:00:56; Remove and replace flush hardware (flapper, lever, and chain) @ 01:03:00; Install dual-flush flush valve with blue gasket and overflow-tube bracket @ 02:37:00; Configure two-button actuator with liquids/solids orientation @ 03:08:00; Upgrade fill valve to improve bowl refill for liquid flush @ 04:11:00; Test flush performance and confirm water savings @ 05:54:00",3
JWZklniOo_4.youtube,"How to Clear a Clogged Bathtub Drain: Drain Snake Use, Stopper Inspection, and Linkage Adjustment (This Old House)","October 15, 2014",,"This This Old House segment walks through diagnosing and clearing a clogged bathtub drain using a homeowner-grade drain snake, followed by inspecting and replacing a worn stopper and correcting the trip-lever linkage. The host demonstrates accessing the drain plate, feeding the snake through the overflow, feeling for resistance, and withdrawing to dislodge the blockage. After partial clearing, they test drainage with water, observe a possible stopper misalignment via surface water staining, replace the stopper assembly, adjust the linkage and plunger height, reseal with screws, and perform a final drain test which confirms improved flow and proper operation.",Bathtub Drain Plate; Bathtub Stopper Access; Drum Auger Use; Drain Snake Use; Overflow Wire Clearing; Wire Length Setup; Drain Snake Feeding; Push Drain Snake Use; Snake Refeed Technique; Drain Test; Water Flow Improvement; Stopper Housing Inspection; Stain Identification; Stopper Hardware Replacement; Stopper Linkage Inspection; Stopper Linkage Adjustment; Stopper Lock Nut; Screw Reassembly; Drain Test Verification,Insertion and advancement of a homeowner drain snake through the bathtub overflow to clear a clog @ 00:00:44.320; Controlled feeding with drum rotation and maintaining a short exposed wire length @ 00:01:02.000; Withdrawal and back-feeding of the snake to extend reach toward obstruction @ 00:01:23.439; Drain-flow verification after partial clearing to assess improvement @ 00:02:03.280; Diagnosis of a misaligned stopper/linkage via water-stain evidence @ 00:02:24.239; Adjusting stopper linkage by raising the plunger and tightening the lock nut @ 00:03:08.640; Final reassembly and verification test of the stopper and drain function @ 00:03:44.640,6
JrMpdSQ2WGg.youtube,Heat Pump Water Heater Installation in a Florida Garage (This Old House),"October 7, 2018","Garage in Florida, USA","This Old House walks a Florida homeowner through replacing a 20-year-old electric water heater with a heat-pump water heater installed in a garage. The host assesses the existing electrical service, explains why a traditional electric tank is impractical given the panel capacity, and introduces the heat-pump unit that uses a top-mounted heat pump to extract heat from the garage air while the bottom portion provides traditional heating elements. The project includes plumbing and safety upgrades: replacing an old gate valve with a ball valve, installing safety devices (vacuum valve, temperature-and-pressure relief valve, and a thermal expansion solution), and wiring in space for condensate drainage. The video covers commissioning steps—power shutoff, draining the old tank, and startup—while underscoring energy savings (roughly a 50% reduction) and the benefit of dehumidifying the garage. It also cautions about noise and ventilation considerations for the heat-pump unit.",Heat Pump Water Heater; HPWH operation; Electrical Service Assessment; Load Calculation; Water Heater Decisions; Water Heater Drainage; Cold Inlet Ball Valve; Water Heater Safety Valves; Florida Expansion; Heat Pump Condensate; Garage Dehumidification; HPWH Noise Considerations; System Commissioning,"Explaining HPWH operation (top heat pump with bottom heating elements) and energy implications @ 00:01:53; Electrical service assessment and load discussion (150 A main, 340 A potential draw) @ 00:00:55; Plumbing upgrade practice (installing a ball valve on cold-water supply) @ 00:04:02; Safety devices on tank-type water heaters (vacuum valve, TPR valve, expansion relief) @ 00:04:30; Condensate drainage integration from HPWH to existing drains @ 00:05:36",8
L5nbl633IRw.youtube,"Installing a Water-Saving Dual-Flush Toilet: leak-testing, removal, and replacement","March 23, 2018",California,"This Old House walks through diagnosing a high-water-use, mid-century toilet and replacing it with a modern, water-saving dual-flush model. The segment demonstrates a blue-dye leak-test to confirm a tank-to-bowl leak, explains the water-use difference between a 1959-era toilet and contemporary units, and then shows the removal of the old fixture, preparation of the floor flange with wax ring and closet bolts, and the installation of a new tank-and-bowl assembly plus seat. The finished portion highlights the dual-flush mechanism with two levers offering 1.6 GPF for a full flush and 1.1 GPF for liquids, illustrating the practical water-savings achieved by upgrading.",Blue Dye Leak Test; Tank Bowl Leakage; Flush Valve Seal; Older Toilet Usage; Modern Toilet Water Use; Liquid Only Flush; Water Shutoff; Tank and Bowl Drain; Toilet Bolt Removal; cutting bolts with mini hacksaw; Supply Line Removal; Wax Ring Installation; Wax Seal Flange; Closet Bolt Flange; Tank to Bowl Gasket; Toilet Seat Installation; Toilet Base Caulking; Tank Bolt Replacement; Dual Flush Hardware; California Code Reference,"Blue-dye leak test to confirm tank-to-bowl leakage @ 00:00; Removal of old toilet and installation of new unit with wax ring, bolts, and flange seal @ 00:01:44; Securing tank-to-bowl assembly and seating via brass tank bolts and gasket @ 00:02:24; Dual-flush hardware demonstration and calculation of gallons per flush @ 00:04:04",3
LcPdUbhvEVU.youtube,Retrofit kit for turning a standard toilet into a graywater toilet with an integrated sink,"August 25, 2014",,"This Old House demonstrates how to convert a standard toilet into a graywater-capable unit using a retrofit kit, highlighting both a pre-made graywater toilet option and a retrofit approach. The host explains toilet anatomy (flapper, fill valve, refill tube), then shows replacing the refill tube with a clear discharge tube to divert clean supply water toward a sink on the tank and then down to refill the bowl. A spacer is introduced to accommodate different tank lengths. The segment emphasizes that both the faucet supply and the refill-to-bowl pathways carry clean water, while illustrating the practical steps to install the retrofit and integrate handwashing at the toilet unit as a usable feature.",Toilet Tank Anatomy; Toilet Flapper; Fill Valve; Refill Tube; Graywater Toilet Retrofit; Graywater Retrofit Kit; Discharge Tubing; Graywater Sink Toilet; Tank Length Spacer; Graywater Retrofit Unit; Graywater Faucet Supply; Graywater Bowl Flow; Graywater Toilet Sink; Graywater Toilet; Refill Tube Swap; Graywater Toilet Compatibility,"Replace toilet refill tube with a clear discharge tube to divert water to sink and bowl @ 00:57; Explain and visualize toilet tank internals: flapper, fill valve, refill tube @ 00:22; Use spacer to adapt retrofit kit to different tank lengths @ 01:13; Compare options: pre-made graywater unit vs retrofit kit for standard toilets @ 00:46; Flow path clarification: clean water supply feeding faucet and bowl refill @ 00:39",5
M1d_puqCq3A.youtube,"Installing a Second Sink in a Bath Vanity: hole cutting, drainage, and faucet hookup","September 25, 2014",,"The video demonstrates adding a second sink to an existing bath vanity. It begins with positioning the new sink and using the manufacturer's template to mark the cutout, including a pilot hole for a jigsaw. It then shows rough-in work: cutting into the PVC for the drain, routing a drain branch back to the existing lavatory, and upgrading to copper shut-offs with a copper tee for separate service, all secured with bell hangers. The final segment covers trimming out the sink: installing the faucet (spout, handles, and pop-up stopper), applying plumber’s putty and thread sealant, caulking around the sink edge, and connecting braided stainless steel supply lines, ensuring the assembly fits within the existing vanity setup.",Sink Placement; Countertop Template; Opening Marking; Pilot Hole; Jigsaw Sink Cutout; Drain Rough In; Double Sink Drainage; Wall Opening Cutting; Copper Supply Lines; Shutoff Valve Types; Copper Tee Installation; Bell Hangers; Trap Adapter; Faucet Installation; Plumber Putty; Pipe Joint Compound; Pop-Up Stopper Linkage; Silicone Caulk Overview; Braided Supply Lines,Marking and aligning opening using manufacturer template @ 00:00:16; Pilot hole drilling for jigsaw @ 00:00:39; Cutting countertop opening for sink @ 00:00:47; Rough-in drain and branching to second sink @ 00:01:26; Copper shut-offs and copper tee installation @ 00:02:14; Bell hangers to secure plumbing @ 00:02:33; Faucet mounting with plumber's putty and thread sealant @ 00:03:06; Pop-up stopper linkage adjustment @ 00:03:28; Silicone caulk around sink edge @ 00:03:51; Braided stainless steel supply lines connection @ 00:04:21,3
MCNJAHh7-hI.youtube,Replacing the Faucet Diverter Valve to Restore a Kitchen Sink Spray Hose,"July 24, 2014",,"This Old House demonstrates diagnosing a clogged faucet diverter for a kitchen sink spray hose and replacing the diverter assembly. After noting that the spray hose was not delivering water, the presenters turn off the water at under-sink shut-off valves, protect the chrome with a rag, and remove the cap to expose the diverter. They identify the diverter and its internal flapper, confirm a clog, and replace the diverter valve plus a gasket. The new unit arrives with pre-applied Teflon on the threads. After reassembling and tightening, they reopen the water and test the spray to verify the repair.",Diverter Valve; Spray Hose; Faucet Anatomy; Supply Valves; Shutoff Valve Types; Diverter Cap Removal; Channel Lock Pliers; Protective Rag Technique; Diverter Gasket Replacement; PTFE Thread Tape; Diverter Reassembly; Basin Wrench Technique; Diverter Parts Sourcing; Brand Faucet Parts,Shut off water supply at under-sink valves (hot and cold) @ 00:00:32.200; Protect chrome with rag and loosen cap @ 00:01:22.479; Remove and inspect the diverter valve (identify internal flapper) @ 00:02:18.000; Install new diverter with gasket and pre-applied Teflon @ 00:03:04.360; Test spray function after reassembly @ 00:03:40.720,3
MHGA7ivhPwU.youtube,Replacing a Vessel Sink with a Self-Rimming Sink on a Granite Countertop,"November 8, 2015",Under vanity,"This Old House demonstrates a bathroom vanity sink replacement, highlighting the choice of a self-rimming vessel sink on a granite countertop, the disconnection of existing water and drain lines, removal of the old sink, collaboration with a granite fabricator to cut the new opening, and the assembly and installation of the new faucet and drain components. The host contrasts self-rimming installation with an under-counter option, details faucet parts (including stems, escutcheon, and a magnetically retained handle), shows top-fed spout setup, and finishes with dry-fitting, sealing, and a final water test, followed by cosmetic touch-up to conceal the installation.",Hot Water Supply Shutoff; Cold Water Supply Shutoff; Compression Nuts; Disposal Disconnect; sink removal with putty knife; Sink Stub-Out; Sink Type Comparison; Granite Countertop Prep; Granite Diamond Cutting; Fabricator Coordination; Faucet Stems Shanks; Faucet Escutcheon Gasket; Top Fed Spout Install; Magnetic Handle Retention; Pop-Up Drain Assembly; Sink Dry Fitting; Interior Caulking; Drain Alignment; Post-Install Water Test; Sink Finish Trim,"Shut off hot and cold water, then disconnect supply lines from under-sink shutoffs @ 00:00:31; Disconnect sink drain line by loosening compression nuts @ 00:00:41; Break seal of sink from granite countertop with a putty knife to remove sink @ 00:01:01; Explain and implement self-rimming sink installation on top of granite @ 00:01:34; Granite opening is cut by fabricator using grinder with diamond blade after removal to outside @ 00:02:12; Assemble faucet components: stems, gaskets, escutcheon, and spout; implement top-fed spout @ 00:04:30; Use magnet to hold faucet handle in place @ 00:05:14; Dry-fit sink and apply interior cocking; then set the sink into place @ 00:06:34; Modify drain connections to fit the new sink center; test system @ 00:07:12",3
MhuIOwdWuDk.youtube,"Dual-valve, air-sealed siphon-jet toilet with rim-wash optimization","February 18, 2019",California (testing standards),"This Old House explores the development of a low-consumption toilet at an engineering design facility. The episode traces the workflow from computer-driven hydraulics simulations to rapid prototyping and a battery of bench tests designed to preserve flushing performance under tighter water use. A core innovation demonstrated is a dual-flush system that separates the rim-wash function from the siphon-jet bowl flush and is sealed to air to avoid an air-gap that would sap flush power. The tests cover drain-line carry (4-inch pipe, pitch, and length), low-water flush (1.28 gal per flush), bulk waste removal (miso paste), and mixed-media flush performance, with attention to rim cleanliness and the elimination of dirt-trapping undercuts. The video also includes a cutaway explanation of toilet internals (trap seal, siphon jet, flush valves) and notes homeowner complaints about rim-wash under low-flow conditions.",Low Flow Toilets; Dual Flush Valves; Rim Wash Optimization; Siphon Jet Toilet; Flush Air Gap; Hydraulic Toilet Simulation; Plumbing Prototyping; Drain Line Carry Test; 4-Inch Drain Pitch; Water Restrictions; Low-Flow Toilet; Bulk Waste Testing; Miso Paste Test; Mixed Media Flush Test; Rim Undercut Removal; Toilet Cutaway Diagram; Trap Seal; Flush Valve Design; Siphon Jet Cleaning,"Dual-flush valve separation (rim area vs siphon-jet valve) @ 00:06:50; Air-sealed siphon-jet valve to prevent air ingress @ 00:06:58; Rim-wash optimization by increasing rim-wash share to 70% @ 00:07:25; Drain-line carry testing on a 4-inch line with 1/4 inch per foot pitch @ 00:02:21; 1.28 gpf flush demonstration as performance target @ 00:02:59; Bulk-waste testing with miso paste (7-12 links to 12 links) @ 00:04:27; Mixed-media flush testing (2500 items) achieving 95% removal @ 00:03:51; Computer simulations of hydraulics (velocity, consumption) guiding design @ 00:01:18",13
MkPcCmYkG4Q.youtube,"Replacing a 1960s Single-Handle Shower Cartridge: Removal, Balancing Valve Basics, and Reassembly","November 12, 2018",,"This Old House demonstrates diagnosing a hot-water-delivery issue caused by an aging single-lever shower valve and walking through the complete cartridge replacement. The segments cover identifying the valve type, isolating the fixture from the house water supply, removing the handle and trim, and extracting the old cartridge with a specialized extraction tool. The presenter contrasts the original single-level valve with modern designs that incorporate a balancing device to maintain consistent shower temperature despite pressure fluctuations. The procedure includes lubrication of O-rings, re-sealing with caulk and foam, reassembling the trim, and testing the hot-water output. Throughout, the explanation anchors how older valves differ in behavior from contemporary pressure-balanced valves and why updated cartridges can markedly improve performance.",Shower Cartridge Replacement; Single-Handle Shower Valve; Cartridge Removal Tool; Shower Service Valves; O Ring Lubrication; Watertight Caulking; Pressure Balancing Device; Balancing Valve Spool; Valve Anatomy; Cartridge Reinstallation,Cartridge removal using a shoulder-matched removal tool to break the O-ring seal @ 00:02:53; Isolation of the shower fixture using in-wall service valves (basement shut-offs) before cartridge work @ 00:01:41; Lubricating O-rings with grease prior to cartridge installation @ 00:05:33; Sealing with foam bead and wet caulk for a watertight reassembly @ 00:05:54; Explanation and visualization of pressure balancing via the balancing spool in modern valves @ 00:08:02,13
NLrh7Jowr78.youtube,"Dual-Flush Toilet Installation: Hidden Mounts, Wax Seal, and Tank-Bowl Assembly","November 21, 2014",,"The video demonstrates installing a modern dual-flush toilet with a skirted, hidden-mount design. It explains the dual-flush mechanism (0.9 gallons per flush for liquids and 1.6 gallons for solids), then covers removing the old hardware, using the manufacturer’s template to place mounting blocks, drilling mounting holes in tile, and positioning a wax seal. The installation proceeds with securing the toilet to the floor via mounting blocks and brass screws, assembling the tank to the bowl with a gasket and bolts, and reconnecting the water supply and refill tube before restoring water. Key techniques shown include tile drilling with a masonry bit, transitioning to a wood-pilot hole bit, maintaining the wax seal at room temperature for proper compression, and using brass hardware and a chrome cap for a finished mount.",Dual Flush Mechanism; Skirted Toilet Design; Wax Seal Adapter; Mounting Block Guidance; Tile Drilling; Pilot Hole Bit; Closet Bolt Hardware; Toilet Hidden Mounting; Tank Bowl Gasket; Toilet Supply Routing; Tank Securement Cover; Water Supply Check,"Dual-flush mechanism described (0.9 gpf liquids, 1.6 gpf solids) @ 00:00:11; Concealed closet bolts with skirted design; mounting blocks @ 00:00:21; Template-guided mounting block placement @ 00:01:00; Tile drilling with sharp masonry bit; then high-speed bit for wood pilot hole @ 00:01:23-00:01:41; Wax seal positioning and room temperature handling to ensure compression @ 00:02:08-00:02:16; Use of brass mounting screws and washers to secure mounting @ 00:02:54-00:03:12; Tank-to-bowl assembly with gasket and bolts; secure tank @ 00:03:16-00:03:39; Reconnect water supply and route refill tube; restore water @ 00:03:50-00:04:12",4
NTrGR7qi4K8.youtube,"Shopping for Plumbing Fixtures: Sinks, Tubs, and Toilets in This Old House","February 28, 2026",Saratoga Springs,"This Old House follows homeowners Evan and Whitney, with their designer mother, as they tour a plumbing fixtures showroom to choose fixtures for two kitchens and a master bath. The video highlights real-world considerations when selecting sinks, tubs, and toilets: a farmhouse sink with depth options, the practicality of two kitchens in one home, a cast-iron drop-in sink and its caulking challenges, and a freestanding soaking tub with an integrated overflow and selectable finishes. Finishes (polished nickel vs brushed bronze) are weighed for maintenance and style, and a modern toilet with no exposed trapway is evaluated for cleanliness. The program culminates in a decision to place an order, illustrating how design, function, and project constraints converge in fixture shopping.",Farmhouse Sink; Sink Depth; Kitchen Sink Sizing; Two Kitchen Layout; Galley Kitchen Layout; Polished Nickel Finish; Brushed Bronze Finish; Freestanding Soaking Tub; Tub Overflow Integration; Hidden Drain Design; Cast Iron Sink; Caulk Maintenance; Overhead Tub Fill; Splash Control Sink; Toilet Trapway Concealment; Exposed Trapway Issues; Designer Involvement; Fixture Showroom Shopping; Bay Window Fixtures,Ceiling-fed tub fill with splash-control design @ 00:00:30; Farmhouse sink for dish-hiding and visual impact @ 00:01:14; Optimizing sink depth: 2 inches deeper option @ 01:58; Cast-iron drop-in sink and caulking considerations @ 02:44; Freestanding soaking tub with integrated overflow and finish options @ 03:50; Finish selection: polished nickel vs brushed bronze @ 04:10; Toilet with no exposed trapway for cleanability @ 05:19; Two-kitchen fixture planning and designer involvement @ 02:21; Closing: decision to place order @ 05:31,6
NnlxQGIju4Q.youtube,"Diagnosis and Repair of a Leaking Water Heater: T&P Valve, High Pressure, and Expansion Tank","October 15, 2017",Main water supply entry to the building (near the water heater) showing the point where the city supply is split to irrigation and the house,"This instructional video analyzes a leaking water heater scenario by tracing upstream causes to high incoming water pressure and insufficient expansion accommodation in a closed hot-water system. The hosts identify the T&P (temperature and pressure) relief valve as the leak point and diagnose excessive pressure arising from a city supply that previously fed a pressure-reducing valve (PRV) installed for irrigation. They explain how a PRV can behave like a check valve, potentially preventing expansion from dissipating in the system and driving pressure back toward the heater. The solution demonstrated is installing a potable water expansion tank to provide a dedicated expansion cavity, paired with push-fit fittings for a leak-tolerant install. The segment emphasizes safe handling of the T&P valve, the relationship between service pressure and appliance longevity, and the concrete steps to add an expansion tank to a domestic potable water system.",T&P Relief Valve; T&P Valve Safety; T&P Valve Drainage; City Water Pressure; Irrigation Pressure Gauge; Water Pressure; Incoming PRV; PRV Check Valve; Backflow Prevention Concepts; Dip Tube; Cold Water Heater Supply; Closed System Expansion; Thermal Expansion Path; Expansion Tank Basics; Potable Expansion Tank; Nonrusting Expansion Tanks; Push-Fit Repair Options; Leak Avoidance Soldering; Hot Water Demand; Water Heater Draining; Leak Diagnosis Workflow,Measuring main water pressure with a gauge on the irrigation feed @ 01:12; Identifying and explaining the T&P valve and its safety function @ 00:10; Explaining thermal expansion and installing a potable water expansion tank @ 04:24; Using push-fit fittings to connect an expansion tank @ 05:21,6
NoW1Kc30k70.youtube,"Installing a Timed Washing-Machine Valve: Soldered Copper Joints, Compression Fittings, and Braided Hoses","December 20, 2015",,"This Old House demonstrates replacing standard washing-machine shutoff valves with a timed washing-machine valve that includes a 2-hour timer. The video covers planning the run and fitting the valve, modifying pipe runs with elbows, cutting copper pipe with a pipe cutter, dry-fitting, cleaning and fluxing joints, soldering a copper elbow to a straight pipe, and making two compression connections to the timer valve. It also shows securing the piping with copper clips, upgrading to stainless-steel braided hoses, and final testing with water on and timer activation. The maker emphasizes safety and user protection by ensuring the timer deactivates the water supply after the set interval.",Timed Washing Valve; Hot Cold Supply Lines; Valve Timer Mechanism; Brass Elbows; Pipe Orientation; Dry Fit; Copper Pipe Trimming; Pipe Cutter; Surface Cleaning; Fitting Brush Cleaning; Flux Application; Copper Joint Soldering; Copper Flux Prep Overview; Soldering Copper Joints; Soldered Fitting Prep; Compression Fitting; Ferule Nut Fittings; Watertight Sealing; Copper Clips; Braided Hose; Braided Hose Upgrade; Valve Cover Handle; Timed Valve Setup; Pressure Relief,"Timed washing-machine valve with built-in timer @ 00:00:39; Copper pipe cutting using a pipe cutter @ 00:01:28; Dry-fit assembly and pipe preparation @ 00:02:50; Flux application and copper soldering for elbow-to-pipe joints @ 00:03:32; Compression fittings with ferrule and nut (solderless connections) @ 00:04:36; Securing piping with copper clips and upgrading hoses to stainless braided @ 00:05:23; Final assembly: cover, handle, and functional test of the timer @ 00:06:29",6
Nyb5I0ZOSV4.youtube,Advantech On-Site Septic System: Aerobic Nitrification for Watershed Protection,"June 13, 2019","Westerly, Rhode Island (on-site project)","This This Old House Pro2Pro segment documents an on-site septic system upgrade near water resources in Westerly, RI. The host contrasts a conventional 1,500-gallon septic tank with an Advantech aerobic treatment system housed in a vault. The conventional design uses anaerobic digestion in a two-chamber tank, where solids are separated and ammonia/nitrogen byproducts can enter groundwater. The Advantech setup adds an aerobic stage with distribution ports, screens, and aerobic bacteria that oxidize ammonia to nitrogen, which is vented through a roof exhaust. The treated effluent then passes to a sand/gravel dispersion field contained by a PVC liner to protect below-grade wood and meet code. The video highlights practical considerations such as system access for maintenance and cautions about decks over the system. Overall, the presentation argues that the Advantech approach yields substantially cleaner discharge (in the order of ten times cleaner) and better watershed protection than a conventional septic system.",Advantech Septic System; Two Chamber Septic Tank; Septic Tank Baffle; Anaerobic Bacteria; Ammonia Management; Effluent Nitrogen; Aerobic Vault Bacteria; Nitrogen Conversion; Nitrogen Gas Vent; Aerobic Vault Venting; Effluent Quality; Sand Dispersion Field; Sand and Gravel Filtration; PVC Liner Containment; Below-Grade Wood Protection; Below Grade Compliance; Deck Placement; Maintenance Access; Float-Controlled Pump; Gravity Fed Distribution; On-Site Septic System,Advantech on-site septic system (aerobic vault) demonstration @ 00:03:25; Aerobic nitrification in vault using distribution ports and screens @ 00:03:40; Nitrogen gas formation and roof venting of vented effluent @ 00:03:50; Pump and float-activated distribution from the vault @ 00:03:36; Sand/gravel dispersion field with PVC liner containment @ 00:04:10; Code-compliant below-grade wood treatment and containment @ 00:04:22,5
OHAGyEzrzWs.youtube,Repairing a Garbage Disposer: Jam Clearing and Manual Rotation Techniques,"November 28, 2014","Under-sink disposer area (probable, kitchen)","This Old House shows how to diagnose and clear a jam in a kitchen garbage disposer. The video identifies the main parts (flange, locking ring, splash guard, and cutter wheel), explains how jams cause the motor to hum and trip an overload switch, and demonstrates sequential techniques to free a blockage using an Allen wrench, manual rotation, and improvised high-torque tools before testing the unit to verify operation.",Disposer Anatomy; Disposer Flange; locking ring; Disposer Splash Guard; Cutter Wheel; Disposer Housing; Dishwasher Inlet Connection; Motor Switch; Overload Reset Button; jam causes; Disposer Shaft Access; Cutter Wheel Rotation; Manual Disposer Clearing; Pro Wrench Access; Disposer Jam Testing,Manual rotation of the cutter wheel using the built-in Allen wrench @ 00:02:02; Inspecting and clearing a jam by turning the wheel to dislodge foreign objects @ 00:02:04; Using improvised high-torque with broomsticks to turn the disposer shaft @ 00:02:28; Employing a pro wrench to access the deck and apply torque safely @ 00:02:36; Resetting the overload switch after a jam and performing a test run @ 00:01:33,6
OYCYUIhZDCI.youtube,How to Change a Toilet | This Old House (Toilet Replacement Tutorial),"October 29, 2017",,"This video from This Old House presents a practical, step‑by‑step toilet replacement focused on basic hands‑on technique and safety. The host demonstrates shutting off the water, draining the tank and bowl, disconnecting lines, removing the toilet, inspecting and securing the flange, installing a new seal (wax ring) with a thicker option and horn, seating the toilet onto the flange, trimming and capping the closet bolts, reconnecting the water supply, and testing the installation. The recording emphasizes common pitfalls (like over-tightening one side, damaging the porcelain, or leaving standing water) and uses simple tools (primarily a wrench and basic cutting tools) to illustrate a standard replacement workflow suitable for DIY homeowners.",Toilet Replacement; Shutoff Valve Operation; Toilet Tank Draining; Toilet Bowl Drain; Cold Water Disconnect; Closet Bolt Removal; Toilet Lifting Safety; Thick Wax Seal; Flange Inspection; Toilet Flange Reset; Closet Bolt Installation; Bolt Caps and Washers; trimming bolt length; Water Supply Reconnect; Toilet Installation Test; Wax Seal Leak Prevention; Porcelain Fixture Handling,Shut off water supply at the sight of the valve @ 00:00:31; Drain tank and flush to drain water into the bowl @ 00:00:48; Remove remaining water with sponge/turkey baster (not the Thanksgiving one) @ 00:01:03; Disconnect cold water supply line @ 00:01:46; Remove closet bolts and lift toilet straight up @ 00:02:14; Inspect and prepare flange mounting; secure flange to subfloor @ 00:03:12; Install thicker wax ring with horn for proper alignment @ 00:04:09; Seat toilet onto wax ring with even pressure; ensure proper seating @ 00:04:21; Install bolt caps and washers; tighten nuts evenly @ 00:04:32; Trim excess bolt length for proper height @ 00:05:13; Reconnect water supply and test fill @ 00:05:54,8
Oc7EOqMpckc.youtube,Are Plastic Water Heaters Worth It? This Old House – Plastic-Tank vs Glass-Lined Steel Comparison,"May 4, 2018",North Carolina,"This Old House hosts evaluate whether a plastic water heater is a worthwhile upgrade by contrasting a 50-gallon plastic-tank unit with a traditional glass-lined steel tank. The discussion covers upfront cost (~$1,200), the plastic tank’s lifetime warranty on the tank, and improved insulation, then contrasts corrosion protection (anode rods) and maintenance implications (heating element replacements) with the conventional tank. They quantify modest electrical efficiency gains (about 5–10%), note that the warranty on plastic tanks often applies only to the tank itself, and emphasize weighing the economics against anticipated, long-term occupancy in the home when making a purchase decision.",Plastic Water Heater Tank; Plastic Tank Payback; Plastic Tank Warranty; Plastic Tank Insulation; Glass Lined Tank Comparison; Anode Rod Shielding; Electrolysis Corrosion; Tank Heating Elements; Heating Element Replacement; Electrical Efficiency; Payback Period; Tank Parts Warranty,Anode rod sacrificial protection to prevent tank corrosion @ 01:09:04; Electrolysis and corrosion risk in water heaters @ 01:01:03; Plastic tank insulation and design versus glass-lined steel @ 00:40:48; Maintenance planning: heating element replacement in electric tanks @ 02:06:48; Cost vs efficiency gain and payback considerations @ 01:53:52,5
Oq1pkZD7DGo.youtube,"Replacing a Bathroom Vanity: Sink, Countertop, and Plumbing Reconfiguration","August 27, 2013",Bathroom,"This Old House walks through a bathroom vanity replacement, starting with decommissioning the existing countertop, sink, and outlet, then installing a new vanity base. The host details reconfiguring plumbing to accommodate wider drawers, rough-in electrical work inside the cabinet, securing the cabinet to tiled walls, sealing and reconnecting water and drainage lines, and finally testing the system after installing the new countertop and hardware. The process emphasizes careful notching, precise drilling through tile, and using standard fittings (compression connections, braided supply lines, pop-up drain) along with silicone sealant and plumber’s putty to complete the installation.",Angle Stop Valves; Self Rimming Sink Removal; Sink Caulk Release; Vanity Countertop Removal; Support Notching; Supply Line Rerouting; Cabinet Supply Reroute; Cabinet Outlet Rough-In; Outlet Opening Prep; Madison Bar Mounting; Vanity Anchor Mounting; Tile Anchor Drilling; Masonry Drill Bits; Countertop Silicone Seal; Braided Supply Line; Water Connection Fittings; Pop-Up Drain Install; Drain Thread Seal; Plumbing Layout Constraints; Water Connection Testing,Relieving caulk on a self-rimming sink to pop it out of a countertop @ 00:00:31; Notching a backer piece to clear a drain line @ 02:00; Rough-in and install of an electrical outlet inside a cabinet using jig saw and Madison bars @ 02:10; Drilling through ceramic tile to install wall anchors for vanity mounting @ 02:44; Using silicone bead to seal the joint between countertop and vanity @ 02:56; Connecting hot/cold water with compression fittings and a stainless steel braided line @ 03:12; Installing a pop-up drain with plumber’s putty and tightening the connection @ 03:34,5
Or4XevbRfz0.youtube,Replacing a Clogged T-Fitting in a Double-Bowl Kitchen Sink Drain,"December 26, 2014",Under the kitchen sink (garbage disposal area),"This Old House analyzes a two-bowl kitchen sink clog by tracing the drain path from the garbage disposal through the tailpiece and a T-fitting to the trap. The host identifies a plastic diverter inside the T-fitting as the blockage, disassembles the connections, and replaces the assembly with a full-size brass T-fitting (no diverter) along with new gaskets. After reassembly, the system is leak-tested and drained to confirm a clear, fast-flowing drain, with a note that deeper clogs could involve pipes leading to the basement if symptoms persist.",Double Bowl Sink; Disposal Location; Strainer Tailpiece; Disposer Trap Path; Diverter Tee Fitting; Diverter Blockage; Brass Tee Fitting; Drain Gasket Types; Nut Tightening Pliers; Under Sink Plumbing; Water Leak Testing; Left Bowl Stopper Test; Basement Drain Cleaning,"Diagnosing drain clogs by tracing the path from disposer to trap and inspecting for choke points @ 00:00:00; Identifying a diverter-induced restriction inside a T-fitting as the blockage @ 00:01:32; Replacing a clogged T-fitting with a full-size brass tee (no diverter) and using appropriate gaskets @ 00:02:12; Assembling gasketed connections (top gasket, flange tailpiece) and tightening with pliers @ 00:02:37; Leak testing and functional verification using water fill, stopper, and drainage observation @ 00:03:21",4
OwAFtayK4bE.youtube,"Natural Gas Grill Installation: Gas Line Tie-In, Fittings, and Leak Testing (Ask This Old House)","April 11, 2017",,"This Old House walks through upgrading from a propane, hand-me-down grill to a natural-gas fed unit. The episode covers planning the gas-line run from the street, verifying capacity with the existing meter, and routing the line outside the building. It demonstrates both traditional threaded piping with pipe dope and a modern compression/O-ring connection for gas-tight seals, including offset elbows to correct alignment. A drip leg is installed to trap rust before it reaches the burner, followed by a soap-solution leak test. The video emphasizes consulting a licensed gas fitter and obtaining the necessary permit, and ends with a tour of the grill’s built-in features (pancake/waffle option, wok insert, beer-can chicken, pizza stone) and turning the grill on.",Gas Grill Install; Exterior Gas Routing; Gas Service Capacity; Licensed Gas Fitter; Gas Line Cutting; Gas Meter Shutoff; Pipe Dope Assembly; Threaded Fittings; Gas Line Offset Elbows; Pipe Assembly Lengths; O Ring Gas Fittings; Push to Connect Gas; Pipe Thread Sealant Prep; Gas Drip Leg; Gas Grill Quick-Connect; Soap Solution Leak Test; Gas Grill Accessories,O-ring compression gas fitting (non-threaded) with external compression tool @ 00:03:16.440; Drip leg installation to trap debris/condensation @ 00:04:29.400; Soap-solution leak testing for propane/natural gas lines @ 00:04:51.880; Push-to-connect style gas fitting approach as an alternative to threaded joints @ 00:03:20.519; Offset elbow method to align a gas run @ 00:02:51.760; Threaded steel pipe with pipe dope and two-wrench tightening @ 00:02:35.920; Cap removal and integration of a shut-off valve into the service line @ 00:02:04.360,3
POQ_wkrZFmk.youtube,"Pull-Out Kitchen Faucet Replacement: Replacement of old faucet, valves, and under-sink plumbing","October 9, 2014",Basement shut-off area (water supply),"This Old House guides a kitchen faucet replacement focused on a pull-out spray faucet. The video walks through diagnosing a leaking, aging faucet, previewing a new stainless model with a higher spout and pull-out spray, and then performing the upgrade: turning off water at the basement shut-offs, removing the old faucet with a basin wrench, preparing the sink with plumber’s putty, installing a new base plate, replacing under-sink shut-off valves with compression fittings, mounting the new faucet, attaching the spray hose and its weight, and finally testing hot/cold operation and the spray/soap dispenser functions. Along the way, it contrasts soldered versus compression connections and demonstrates practical under-sink hardware like bending springs and clip hardware.",Pull-Out Faucet Install; High Spout Faucet; Pull-Out Faucet Hose; Soap Dispenser Compatibility; Faucet Base Plate; Basin Wrench Removal; Cutting supply lines; Shutoff Procedures; Ferrule Compression Fittings; Solder Compression Fittings; Valve Connection Cleaning; Disposer Relocation; Spray Hose Weight; Faucet Mounting Bracket; Bending Spring Copper; Final Tightening Technique; Faucet Leak Testing,"Pull-out kitchen faucet installation with base plate, mounting bracket, and spray hose @ 00:56:00; Use of plumber's putty around the base plate to seal under-sink mounting @ 02:32:00; Compression valve installation (no soldering) using ferrule @ 04:01:00; Basin wrench to remove old faucet nuts @ 02:12:00; Spray hose path, clip installation, and weight mounting @ 04:57:00; Rigid copper supply lines formed with bending spring to prevent kinking @ 05:36:00; Final test of hot/cold operation and spray/soap dispenser @ 06:07:00",7
PgnpmnY7Dok.youtube,"How to Replace an Old Faucet with Compression Valves, Spray Hose, and Putty Seal","August 27, 2013",Basement,"This instructional video demonstrates replacing an older kitchen faucet, including removing the old faucet, sealing the new base with plumber’s putty, installing compression shut-off valves, sourcing copper supply lines with a bending spring, mounting the faucet to the sink, attaching the spray hose and weight, and testing the finished installation for leaks. The narration covers practical details like using a basin wrench to remove hardware, applying putty to prevent leaks, and using compression fittings (feral/ferrule) instead of soldering for the new valves.",Basin Wrench Removal; Disposal Removal Access; Disposer Lock Ring; Faucet Supply Cutting; Faucet Nut Removal; Faucet Base Putty; Compression Valve Installation; feral compression fittings; Copper Cleaning Prep; Solderless Valve Replacement; Faucet Mounting Plate; Spray Hose Clip; Spray Hose Weight Install; Bracket Tightening; Rigid Supply Lines; Bending Spring Use; Two Wrench Tightening Method; Leak Check Testing,Disposer removal to gain faucet access (drain and lock ring manipulation) @ 00:04:00; Removing old faucet with basin wrench @ 00:34:00; Applying plumber's putty around faucet base @ 00:52:00; Replacing shut-off valves with compression fittings (feral/ferrule system) @ 01:40:00; Cleaning copper with Emory cloth before compression connections @ 01:51:00; Anchoring faucet to sink via mounting plate and nut @ 02:18:00; Attaching spray hose and securing with clip; adding weight @ 02:53:00; Using bending spring to shape rigid copper supply lines to prevent kinking @ 03:01:00; Leak test and final operation check after installation @ 03:46:00,9
PnXezZt6OMk.youtube,"Toilet Flange Replacement: Breaking Cast Iron, Installing a Compression Flange, Wax Ring, and Wiggle Test","August 27, 2013",,"This Old House’s instructional video walks through diagnosing a rocking toilet caused by flange height and a broken cast-iron closet flange, then demonstrates removing the old flange and installing a compression flange with a rubber gasket. The procedure includes lowering the new flange to floor level, securing closet bolts, applying a wax ring to seal against sewer gases, and tightening the mounting hardware. After trimming protruding bolts and reconnecting the water supply, a wiggle test confirms there is no wobble, indicating a solid, leak-free installation.",Toilet Flange Repair; Closet Flange; Cast Iron Flange; Flange Height; Flange Replacement; Cold Chisel Use; Flat Bar Pry; Floor Protection; Compression Flange; Toilet Flange Gasket; Brass Ring; Stainless Bolts; Wax Ring; Closet Bolts; Oval Base; Toilet Flange Keyway; Toilet Hardware Order; Mini Hacksaw; Cap Installation; Toilet Supply Connection; Toilet Wiggle Test,Breaking a cast-iron closet flange with a cold chisel @ 00:00:51.320; Prising up flange with a flat bar while protecting the floor @ 00:01:07.720; Installing a compression flange with a rubber gasket @ 00:01:50.400; Wax ring installation and aligning closet bolts (oval base with keyway) @ 00:02:55.000; Trimming long brass bolts with a mini hacksaw for cap installation @ 00:03:39.880; Wiggle test to verify toilet stability after installation @ 00:04:04.680,8
QLm89HA4EFU.youtube,Installing a Whole-House Water Filter with Pre-Filter and Activated Carbon Stage,"April 30, 2017",Basement (probable),"This video demonstrates a home-improvement project to replace an existing under-sink filtration setup with a true whole-house filtration system. The shown solution uses a two-stage approach: a prefilter with a spun-woven sediment element to catch particulates, followed by a granulated activated carbon stage to improve taste and odor. The installer mounts the filter housing to a masonry wall on a plywood base, transitions from plastic filter housings to copper piping with adapters, and adds shut-off and bypass valves to enable maintenance without cutting the water to the house. The segment ends with a taste test to confirm improvement and a discussion of maintenance, replacement intervals, and the trade-offs between cleaning versus replacing cartridges.",Whole-House Filter; Prefilter Stage; Sediment Prefilter Stage; Activated Carbon Filtration; Plastic Copper Adapters; Dry Fitting; Copper Piping Soldering; Masonry Mounting; Plywood Mounting Base; Shutoff Valves; Service Bypass Valve; Water Line Retrofit; Filtration Taste Test; Filter Cartridge Maintenance,Two-stage whole-house filtration installation (pre-filter + activated carbon) with inline testing @ 00:01:20; Mounting filter assembly to a masonry wall using a plywood base @ 00:02:12; Plastic-to-copper transitions and dry-fitting before soldering @ 00:02:51; In-system bypass valve added to facilitate maintenance without shutting off house water @ 00:04:02; Taste-test verification to confirm filtration effectiveness @ 00:04:33,7
RFVSR-7GfkU.youtube,"Replacing an Outdoor Frost-Proof Sillcock: Installation, Soldering, and Testing","September 10, 2014",Exterior frost-proof faucet (outdoor silcock) on exterior wall,"The video documents diagnosing a dripping outdoor faucet and explains why a frost-proof sillcock is preferable in cold climates. It contrasts a standard exterior faucet (washer mounted near the outside) with a frost-proof design (long stem and washer location far inside the building). The host guides viewers through removing the old valve, cutting and cleaning the piping, mounting a frost-proof sillcock to the exterior wall, preparing and soldering a copper adapter, reinstalling the stem unit, and finally testing the line to confirm a drip-free operation. The sequence emphasizes winterization practices (interior shut-off and drainage) and the practical steps of cutting, fluxing, soldering, and securing the new fixture before verification of operation.",Frost-Proof Sillcock; Outdoor Sillcock; Faucet Washer; Faucet Leakage Diagnosis; Frost-Proof Winterization Drain; Interior Shutoff Valve; Pipe Cutter Use; Copper Adapter Install; Flux Soldering; Pipe End Cleaning; Masonry Screw Mounting; Sillcock Stem Removal; Outdoor Leak Testing,Identifying frost-proof vs. standard outdoor faucet design @ 00:42:00; Cutting and removing old piping with a pipe cutter @ 01:47:00; Installing a frost-proof sillcock with copper adapter @ 02:20:00; Removing the stem before soldering to protect the washer @ 02:57:00; Soldering copper pipe with flux and emery cloth prep @ 03:08:00; Drilling mounting holes and securing the unit to the wall with concrete screws @ 02:32:00; Testing the faucet after reassembly (open then close) to confirm no drip @ 04:22:00,5
SulbQvWKjaA.youtube,"Pliers & Wrenches: Groove Joint Pliers, Open-End Wrenches, and Pipe Wrenches (This Old House)","December 7, 2014",,"This This Old House short teaches practical hand-tool choices for common plumbing fasteners and emphasizes grip technique. It first contrasts groove joint (water pump) pliers with a wrench, showing how reversing the pliers changes their holding action and how to avoid stripping a nut. It then profiles combination wrenches and adjustable open-end wrenches for maximizing leverage and minimizing damage to hexagonal nuts. The segment concludes with pipe-wrench fundamentals on round pipe, including the head’s rocking action and the crucial three-point bite (three Corner bite) to prevent slipping and pipe damage. The lesson provides concrete, transferable tips for selecting the right tool and applying solid grip during loosening and tightening tasks.",Groove Joint Pliers; Pump Pliers; Reverse Grip Pliers; Nut Stripping Risk; Combination Wrench; Open-End Wrench Overview; Open-End Wrench; Hex Nut; Pipe Wrench Grip; Pipe Wrench; Three Point Bite Technique; Three Point Bite; Two Point Grip; Grip and Leverage,"Backward orientation of groove joint pliers to facilitate loosening, then returning to a secure grip for turning @ 00:16:56; Three-point bite on pipe wrench for round pipes to prevent turning and damage @ 01:49:00; Using an adjustable open-end wrench to maximize leverage and minimize rounding @ 01:12:00; Pipe wrench action with rocking head and tightening jaw @ 01:29:00",3
TI77VQPNuGY.youtube,Rebuilding a Shut-Off Valve: Washer and Stem Kit Replacement (This Old House) — Transcript-Based Analysis,"May 23, 2018",Under the kitchen sink,"This Old House walks through diagnosing a leaky kitchen-sink shut-off and demonstrates how to repair a standard multi-turn shut-off valve by replacing the worn washer and stem using a simple service kit. The episode covers shutting off the main supply, identifying the valve type, disassembling the valve (removing the handle and gland nut), diagnosing the missing washer (and locating it in the aerator or spray hose), and installing a replacement stem, washer, and gasket from a small kit. It also notes an alternative if the seat is worn and emphasizes testing leaks after reassembly.",Water Shutoff Valve; Sink Shutoff Valves; Multi-Turn Valve; Valve Stem Unit; Valve Washer; Valve Seat Wear; Valve Replacement Kit; Valve Gland Nut; Valve Handle Removal; Aerator Inspection; Spray Hose Assembly; Faucet Repair; Leak Diagnosis; Underground Unsoldering,"Identify and replace a worn valve washer and stem using a service kit @ 00:00:00; Shut off main water supply and verify valve closure before repair @ 00:55:00; Disassemble a multi-turn shut-off valve (handle, screws, gland nut) to access internals @ 01:58:00; Diagnose missing washer by inspecting aerator and spray hose as potential sources @ 02:34:00",8
T_QJf3TKvLM.youtube,How to Repair a Kitchen Sink Drain Trap — This Old House (analysis),"July 13, 2014","Georgia, USA","This This Old House tutorial examines diagnosing and correcting a kitchen sink drainage arrangement that used three traps feeding two basins and a dishwasher. The host plans a single-trap configuration, caps unused branches, and adds a cleanout for future maintenance. The video then reinstalls the garbage disposal to define pipe lengths, taps the dishwasher into the disposal using the built-in knockout, and fabricates a new waste line with PVC fittings and clamps. Finally, the assembly is leak-tested to confirm proper drainage flow and seal integrity.",Kitchen Sink Trap; Trap Water Seal; Multi-Trap Configuration; Single-Trap Conversion; Branch Plugging; Cleanout Installation; Garbage Disposal Repair; Dishwasher Discharge; Disposer Knockout Plate; Branch Tee Fitting; PVC Measure and Cut; PVC Solvent Cement; Fit Marking Technique; Trap Arm Drop; Drain Pitch; Hose Clamp; Leak Testing; Pipe Interior Gluing; Measure Twice Cut Once,"Consolidating multiple kitchen sink traps into a single trap @ 00:01:00; Installing a cleanout and capping unused branches for future maintenance @ 01:28; Reinstalling and aligning the garbage disposal to determine pipe lengths @ 01:46; Using a disposer knockout plate for the dishwasher connection @ 02:13; Adding a T-fitting to link a second sink @ 02:35; Measuring, marking, and cutting PVC for precise fit @ 02:53; Applying PVC primer and cement to fittings and pipe @ 01:39; Testing for leaks after assembly with water @ 04:22; Securing dishwasher discharge hose with a stainless steel clamp @ 04:13",7
TiWi2MBUhz8.youtube,Citric‑Acid Based Whole-House Water Conditioner Install: A Salt‑Free Alternative Demonstrated,"October 8, 2017",,"This Old House demonstrates replacing a conventional salt‑based water softener with a two‑chamber, citric‑acid‑based whole‑house conditioner. The video contrasts hard water symptoms, explains resin brine technologies, and then walks through the design of a two‑stage conditioner: a carbon filtration stage to improve taste/odor, followed by a citric acid cartridge that encapsulates calcium and magnesium to keep them in solution and avoid pipe scaling. The host shows removal of an old unit, mounting the new system, routing copper plumbing with flux and solder, installing cartridges with directional arrows, and a maintenance routine (cartridge changes about every six months). The segment also highlights environmental considerations, noting reduced salt use and potential benefits to sewage treatment, and ends with observed performance improvements and ongoing questions from viewers.",Fixture Buildup Symptoms; Water Hardness Minerals; Salt Based Softener; Salt Usage; Dual Tank Conditioning; Carbon Filtration Stage; Preconditioning Filtration; Citric Acid Cartridge; Mineral Encapsulation; Cartridge Orientation; Citric Acid Filter; Water Conditioner Install; Copper Solder Joints; Cartridge Installation; Cartridge Replacement Schedule; Service Relief Procedures; Shower Head Descaling; Salt Load Reduction; Retrofit User Feedback,Granulated Activated Carbon filtration (GAC) stage @ 02:24:959; Citric acid cartridge encapsulation of minerals @ 03:01:519; Two-chamber whole-house conditioner concept (filter + conditioner) @ 02:18:640; Copper piping installation with flux and solder @ 04:56:160; System bypass and service shutoff during installation @ 04:04:959; Maintenance scheduling and cartridge replacement @ 05:56:800,7
TpmNDrBHcno.youtube,How to Snake a Clogged Drain with a Drum Auger (Snake) - This Old House,"August 13, 2018",,"The video demonstrates clearing a bathtub/shower drain using a drum auger (drain snake) rather than harsh chemical cleaners. It explains why chemical cleaners can be damaging, identifies common clog culprits (notably hair), and walks through the steps of removing the strainer, feeding the auger, locking and twisting to advance the cable, and checking the drain for clearance. The host also covers tub installations with overflows and explains why the snake must be routed through the overflow and the trap to avoid getting stuck, underscoring a practical, money-saving homeowners’ method for addressing drains safely.",Drum Auger; Drain Snake; Hair Clog; Tub Shower Drain; Strainer Removal; Auger Feeding Technique; Twist Method; Overflow Routing; Drain Trap Layout; chemical drain cleaners risks; Plumbing Toolbox,"Use of a drum auger (drain snake) to clear a bathroom drain @ 00:39:760; Feeding, locking, and twisting the auger to advance the cable @ 01:17:280; Routing the snake through the tub overflow for overflow-equipped tubs @ 01:47:680",6
UPwKs00bw5Y.youtube,Replacing a Pedestal Sink Pop-Up Assembly (This Old House),"December 23, 2014",,"This Old House guides a practical replacement of a pedestal sink pop-up assembly. The video identifies the worn component as the entire pop-up unit housed in the pedestal, then walks through shutting off the water, disconnecting the hot and cold lines, and detaching the drain before removing the pedestal. It then covers disassembling the old pop-up to pass it through the sink, preparing and installing the new unit with plumber’s putty, threading and tightening the connections from beneath the sink, and finally aligning the popup rod with its linkage and restoring water to test the operation. The finish includes a note on how the new stopper reassembles to allow through-sink installation and a brief assessment of the result.""",Pedestal Sink; Pop-Up Drain Assembly; Pop-Up Stopper Overview; Drain Trap; Hot Water Shutoff; Cold Water Shutoff; Adjustable Wrench; Pliers Technique; Plumber Putty; Through Sink Install; Top Down Installation; Underside Nut; Popup Rod Linkage; Pop-Up Water Test; Nut Sealing,Disassemble popup stopper to pass through sink (top/bottom options) @ 00:01:50; Shut off water and disconnect supply with 5/8 inch wrench while bracing the valve @ 00:00:39; Tighten underside nut to form watertight seal @ 00:03:28; Apply plumber’s putty under the connection @ 00:02:46; Align popup rod with linkage during tightening @ 00:03:52,7
VDLP3d41RXk.youtube,GPS-Enabled Smart Thermostat Installation Demonstration (This Old House),"March 13, 2019",Basement (probable utility room),"This This Old House segment demonstrates upgrading a traditional manual boiler thermostat to a GPS-enabled smart thermostat that uses geolocation to adjust heating automatically as occupants come and go. The video frames the evolution of thermostats—from simple dial units to clock-programmable models to internet-connected devices—then provides a hands-on replacement: safely removing an old mercury thermostat, wiring the new unit’s R and W terminals, mounting the base plate, and configuring the accompanying app to communicate with the heating system and use location data for automatic temperature control. The content emphasizes energy-savings benefits of setback when away and covers practical installation steps, including safety and compatibility considerations for a typical gas-fired boiler with radiators.",GPS Thermostat Control; Boiler Radiator System; Thermostat Wiring; Mercury Thermostat Disposal; Wall-mounting a thermostat; Thermostat Mounting; Thermostat Wiring Labels; Smart Thermostat App; Smart Thermostat Evolution; Occupancy Setback Savings; App Override Features; Thermostat Wiring Colors; Temperature Sensing Collar; Five Wire HVAC; Power-Off Installation; Smart Thermostat Mounting,Geolocation-based automatic control of a thermostat @ 00:02:15; Wiring a heating-only thermostat (R and W terminals) @ 00:04:33; Mercury thermostat removal and disposal precautions @ 00:02:50; Mounting and leveling a thermostat base plate @ 00:04:12; App-based configuration and remote control @ 00:05:30,4
VJQ7-KNQKmo.youtube,"How to Fix a Wobbly Toilet (This Old House) — WOBBLE DIAGNOSIS, FLOOR SETTLEMENT, AND LEVELING WITH SHIMS","January 14, 2018",,"In this hands-on repair episode, the host investigates a toilet wobble that worsened after a temporary fix. The investigation reveals that the wobble is not caused by the wax seal alone, but by a floor that has settled, which allows the closet flange to sit out of level. After pulling the toilet, inspecting the flange, and confirming the floor’s movement, the installer re-seats the toilet using shims to fill the gap, replaces the closet bolts with lock-washer hardware, and uses a foam gasket with a base cap to create a stable seating surface. The reinstall is carried out with careful, even tightening and bolt trimming, then tested for solid connectivity and proper seal. The video also mentions alternative approaches (floor sistering or base material replacement) as bigger jobs that would be more involved, while noting that this shim-and-gasket solution provides a functional, lower-cost fix. ",Toilet Wobble Diagnosis; Toilet Water Management; Toilet Reinstallation; Closet Bolts Washers; Wax Ring Inspection; Flange Inspection; Floor Leveling; Toilet Shim Leveling; Plastic Ribbed Shims; Foam Gasket Choice; Toilet Base Cap Washer; Nut Tightening Torque; Bolt Trimming; Laser Level Shimming; Caulk Putty Finish; Floor Sistering; Missing Hardware ID,Identifying wobble cause: flange vs. floor settlement @ 00:02:00; Removing the toilet and inspecting the wax seal @ 00:02:10; Using shims to level a toilet on an uneven floor @ 00:04:21; Installing lock-washer closet bolts @ 00:03:16; Replacing wax ring with foam gasket for better deformability @ 00:03:45; Using a base cap to distribute load on the toilet bolts @ 00:05:02; Cutting bolts flush with a mini hacksaw @ 00:05:58; Leveling the toilet with a spirit/laser level (conceptual reference) @ 00:04:51,5
VzFYO3BpYdE.youtube,Ice Maker Supply Line: Replacing Saddle Valve with a Soldered Copper Connection,"May 14, 2018",Under the refrigerator area (behind appliance),"This Old House presents a practical replacement of a risky saddle valve with a proper soldered copper ice-maker supply line. The host explains why saddle valves are undesirable, locates the water supply behind the fridge, runs a copper line through a drilled path, and installs a 3/4-inch tee with a 1/2-inch branch and a shut-off valve. A copper line is chosen for durability, a fishing method is used to pull the line into place, and a compression connection with a ferrule and nut is demonstrated to create a watertight seal. The video concludes with turning the water back on and testing the ice-maker, including notes about the first few batches of ice needing to run through the system cleaner.",Saddle Valve Drawbacks; Icemaker Water Supply; Copper Tubing Prep; Polyethylene vs Copper; Appliance Supply Routing; Joist and Wall Drilling; Tee Fitting Branch; Shutoff Valve Install; Nut Ferrule Fittings; Ferrule Nut Mechanics; Tubing Slack; Water Quality Testing,"Saddle valve critique and replacement with soldered copper connection @ 00:00:32; Locating supply behind fridge using feeler bits to determine drill path @ 00:01:40; Fishing line method to pull copper tubing behind appliance @ 00:03:00; Compression fitting explanation (nut and ferrule) for watertight copper connections @ 00:04:30; Installing a 3/4"" tee with 1/2"" branch and shut-off valve for a fridge ice-maker @ 00:03:54; Testing water and ice output after install @ 00:05:45",5
WSk4L21-kv8.youtube,"Repairing a Rocking Toilet: Flange Security, Wax Seal, and Shim Techniques","December 14, 2018",,"The video explains why a toilet rocks and how to fix it by first securing the toilet flange to a solid floor with non-ferrous fasteners, ensuring the wax seal remains properly seated, and addressing uneven floors or water leaks with shimming. It emphasizes that the toilet must sit flat and be properly anchored to prevent stress on the seal and piping, and it presents practical shim options—plastic shims or non-rusting spacers (even coins) when traditional shims aren’t available—while advising to trim shims so they stay hidden and to avoid rust-prone or wooden shims in wet areas. The overall goal is to stabilize the toilet to prevent leaks, sewer gas entry, and pipe movement.",Closet Bolts; Toilet Flange Repair; Non Ferrous Screws; Flange Attachment; Wax Seal; Wax Seal Considerations; Toilet Rocking; Floor Settlement; Plastic Shims; Toilet Shim Placement; Shim Trimming; Nonrusting Spacers; Coin Spacers; Rust Prevention; Wet-Area Wood Shims; Sewer Leak Diagnosis; Toilet Leveling,Securing the toilet flange to the subfloor with non-ferrous screws to prevent rocking @ 00:00:31; Evaluating and maintaining the wax seal (wax ring) to prevent leaks @ 00:00:50; Shim the toilet to compensate for floor irregularities @ 00:01:19; Use plastic shims and trim them flush under the toilet @ 00:01:26; Use non-rusting spacers or coins as a substitute for shims when needed @ 00:01:37; Avoid rust-prone or wooden shims in wet areas @ 00:01:45,4
Wqw7V0QbGFs.youtube,Understanding the Cycles of a Dishwasher (Ask This Old House),"May 7, 2017",,"This video tours the inner workings of a residential dishwasher and demonstrates a complete cycle, highlighting how the machine draws in hot water, uses a float switch to regulate fill, heats water with an electric element, and distributes it via bottom and upper wash arms. It explains how cycle length is controlled by the control settings (e.g., light versus heavy), and then walks through loading, detergent and drying-agent placement, pre-purge, multiple washes and rinses, and the final drying phase powered by a bottom heating element that vents warm air. Practical notes touch on keeping the bottom sump clear and the typical operating temperature (around 120°F) rather than crank-starting the home's water heater to a higher temperature. The result is a concise, inside-the-appliance look at what happens during a dishwasher cycle and how to optimize loading and cycle choices.",Dishwasher Basics; Dishwasher Cycle; Dishwasher Cycle Options; Dishwasher Pre Wash; Load Staging; Dishwasher Wash Arms; Upper Wash Arms; Float Switch; Dishwasher Inlet Valve; Dishwasher Cycle Basics; Dishwasher Heating Element; Dishwasher Drain; Rinse Cycle; Heated Air Drying; Detergent Placement; Rinse Aid; Dishwasher Hot Water Temperature; Dishwasher Pre Purge; Dishwasher Discharge Timing,Pre-purge and basin fill before washing @ 00:02:40; Float switch controls fill level @ 00:01:12; Bottom wash arm rotation and upper wash arm operation @ 00:01:36; Drying via lower heating element and heated air exhaust @ 00:03:47,4
Wzsr-B6MK_k.youtube,Hybrid Gas-Fired Water Heater Installation: Replacement and Test,"April 16, 2017",Residential basement (probable),"This Old House revisits a home water-heater retrofit focused on a gas-fired hybrid unit. The segment contrasts traditional tank-type heaters with European-style instantaneous options, recounts a prior hybrid install in the same home that initially delivered endless hot water and about 30% gas savings but later failed after noise and lack of service parts, and documents a replacement with a newer gas-fired hybrid heater featuring a built-in recirculation pump, a small reservoir, and a heat exchanger. The installation covers vent/exhaust routing, water supply and return connections, condensate handling, and a bottom-mounted mixing valve to ensure ample hot water in a high-demand bathroom. The team tests the system, demonstrates hot-water delivery, and discusses the importance of parts availability when adopting new technology.",Hybrid Gas Water Heater; Water Heater Types; Built In Recirculation Pump; Stainless Heat Exchanger; Water Heater Reservoir; Mixing Valve; Condensate Pump Line; Combustion Air Venting; Gas and Water Hookups; TPR Valve; Hybrid Water Heater Install; Serviceability and Parts; High Demand Hot Water,"Gas-fired hybrid water heater installation with integrated recirculation pump @ 00:02:54; Cutaway demonstration of heat exchanger and 3.5-gallon reservoir @ 00:03:10; Bottom-mount mixing valve to deliver ample hot water @ 00:03:47; Exhaust venting and combustion air routing for a hybrid unit @ 00:05:05; Condensate management with external condensate pump @ 00:06:50; Recirculation system integration with smart control (built-in Reser brain) @ 00:07:08; System commissioning: leak tests, start-up, and hot-water test @ 00:07:18",6
YLFUuEDf_YQ.youtube,Dish Soap vs Dishwasher Detergent: A This Old House Demonstration on Why Soap Matters in Dishwashers,"February 12, 2017",kitchen (probable),"This video contrasts dish liquid (hand-washing soap) with dishwasher detergent gel, emphasizing that they are not interchangeable. Through narration and a live in-dishwasher test, the hosts show how using ordinary dish soap in a dishwasher creates heavy suds that overflow the basin, leak from the door, and can contaminate the floor. The demonstration uses interior camera views to observe the wash cycle, revealing foam choking the wash arm and a mounting mess that requires cleanup with a wet vac and mop. The host then confesses that the mess was caused by putting the wrong product in, underscoring the practical lesson: always use the proper dishwasher detergent and keep dish soap for handwashing. The segment ends with cleanup tips and a reminder that soaps differ in concentration and formulation.",Dish Soap; Dishwasher Detergent; Dish Soap Comparison; Dish Soap vs Detergent; Dishwasher Soap Door; Dishwasher Basin Fill; Dishwasher Suds Dynamics; Dish Soap Suds; Dishwasher Foam Overflow; Dishwasher Camera Monitoring; Wet Vacuum Cleanup; Residue Removal; Dishwasher Detergent Mixup; Dish Soap Risk,"Demonstration of the difference between dish liquid for hand washing and dishwasher detergent gel, illustrating concentration and formulation disparities. @ 00:00:20; In-dishwasher observation using interior cameras to monitor cycle behavior and suds development. @ 01:42; Live test of the dishwasher with the wrong product to visualize overflow and mechanical impact on the wash arm. @ 01:54; Post-event cleanup protocol using wet vac and mop to remove suds and residue. @ 02:31",3
YTilMO3w7kI.youtube,Radon Mitigation Device Troubleshooting in a Well-Water System,"February 18, 2018",,"This video documents a spitting faucet issue in a well-water system and follows a service technician as they diagnose a radon mitigation device as a likely source of the problem. The host explains the sequence of components in a typical well installation (pump, pressure tank, pressure switch, filtration/neutralizer stages, and a radon mitigation unit) and then demonstrates how radon can be present in drinking water. The core finding is that an upstream flow restriction can cause a flow imbalance (inbound vs outbound) that allows air and radon to be drawn back through the faucet, especially when high-demand loads (like a top-loading washer) rapidly deplete the reservoir. The fix involves installing a secondary flow restrictor to ensure inbound flow stays ahead of outbound, adjusting a valve to limit flow to under approximately five gallons per minute for testing, and verifying the result with a bucket-and-timer test. The segment also notes radon testing options for water and air, and emphasizes safety considerations in addressing radon-related concerns.”",Well System Components; Radon Water Risks; Radon Mitigation Device; Sediment Neutralizer Stages; Flow Rate Comparison; Filtration Volume Impact; Air Burping Diagnosis; Flow Balancing Restrictor; Flow Control Adjustment; Bucket Timer Testing; Device Anatomy Overview; Radon Testing Options,"Radon-in-water mitigation device operation: spray nozzle and air separation to vent radon @ 00:03:15; Diagnosing flow imbalance using inbound/outbound gallons per minute (7 gpm vs 6 gpm) @ 00:05:40; Installing a second flow restrictor to balance inflow and outflow (prevent air reversal) @ 00:06:12; Testing to ensure low, controlled flow (bucket and timer to stay under 5 gpm) @ 00:07:29; Health risk communication and testing options for radon in water and air @ 00:02:44; Illustrated device anatomy and explanatory diagram @ 00:08:03",5
YcVh_0nKcI8.youtube,Installing a Reverse Osmosis Water Filter Under a Kitchen Sink (This Old House),"December 3, 2018",Inside kitchen cabinet under the sink,"This Old House demonstrates a complete under-sink reverse osmosis (RO) filtration installation. The video walks through what an RO system does (pre-filters, a central RO membrane cartridge, post-filter, and storage tank) and then shows a hands-on install: mounting cartridges inside a kitchen cabinet, reusing the existing faucet hole, routing tubing to barbed fittings, anchoring the assembly with a toggle-bolt base, tying the RO feed into the cold-water shut-off via a tee-style adapter (no soldering), tying the drain line into the sink drain with a provided adapter, connecting the storage tank, and finally powering up and testing the system. Along the way it highlights the filtration path (through pre-filter, membrane, post-filter, tank, and faucet), explains that only a limited amount of purified water is produced (drain waste ratio), and notes practical tradeoffs like the system supplying drinking water only. The transcript provides explicit step-by-step actions and tool usage (screwdriver, wrench, toggle bolt, barbed fittings) and the host emphasizes verification by tasting the output water.",RO System Overview; GAC Pre Filter; Carbon Block Filter; RO Membrane Cartridge; Reverse Osmosis Post Filter; Reverse Osmosis Tank; RO Faucet Installation; Soap Dispenser Hole Reassignment; RO Component Mounting; Cold Water Intake Integration; RO Feed Adapter; Tubing Color Coding; Barbed Tubing Connections; RO Drain Adapter; Drain Line Trimming; RO Base Mounting; Assembly Tool Use; RO System Startup; Reverse Osmosis Waste Ratio; Captive Tooth Connection; Purified Water Tasting,RO membrane filtration principle (semi-permeable barrier) @ 00:00:32; Under-sink cartridge mounting inside cabinet @ 00:01:20; Reusing faucet hole for RO faucet installation @ 00:01:28; Tubing connection to barbed fittings @ 00:01:55; Toggle-bolt mounting for under-cabinet base @ 00:02:12; Faucet connection with captive teeth and locking @ 00:02:58; Cold-water supply modification using tee adapter (no soldering) @ 01:03:24; Drain line connection to sink drain with adapter @ 01:04:39; Storage tank connection to RO unit @ 01:05:01; System startup and water tasting to verify output @ 01:05:57,5
YpZzM_naGD8.youtube,"High-Flow Tub Fill: Storage Tank, Mixing Valve, and Boiler Sizing in This Old House Hot-Water System","July 2, 2025",Downstairs storage/utility location (tank location),"This Old House examines how to supply a large soaking tub with hot water by balancing high demand against stored energy. The host demonstrates the problem of filling a big tub fast when typical faucet aerator limits (and tub spout flow) can drive up to 10 GPM, while a compact storage volume exists. The solution combines a gas-fired condensing boiler with an internal heat exchanger that preheats water and feeds a 26-gallon stainless steel storage tank. A dedicated electric element maintains the tank, and a mixing valve enables storing more energy while providing ready hot water for the tub and other fixtures. The video frames the sizing challenge, introduces the storage-and-boiler approach, and shows how the system is configured to deliver quick tub fills without sacrificing efficiency.",GPM Visualization; High Flow Tub Fill; GPM Block Demo; Storage Tank Sizing; Condensing Boiler Heat Source; Heat Exchanger Tank; Insulated Storage Tank; Tank Standby Heating; Mixing Valve Energy Storage; Storage Distribution; Storage vs Peak Flow; GPM Code Limits,GPM-based visualization to size hot-water supply (gallons per minute blocks) @ 00:00:11; Combination boiler + storage tank with internal heat exchanger feeding stored hot water @ 00:01:16; Mixing valve integration with storage to increase usable energy and control distribution @ 00:01:46,6
YxVQDtDT1CM.youtube,A Tour of Antique Plumbing and the Toilet of the Future (Ask This Old House),"April 9, 2017","Boston, MA (historical context for origins of the family business)","This This Old House segment pairs a historical tour of plumbing fixtures with a look at a modern, high-tech toilet. It traces the evolution from the earliest, nonstandard lead piping to the rise of standardized, mass-produced baths in the early 20th century, illustrated with artifacts, engravings, and a 1930 catalog that introduces the Neo-angle bath. It also discusses retrofit challenges in older housing (even fitting a bathroom into unlikely spaces). The episode culminates in a contemporary demonstration of a “toilet of the future” featuring a sensor-activated, no-touch interface, a heated seat, a built-in bidet with UV self-cleaning, odor control, a nightlight, and automatic lid and flush capabilities—blending historical context with a current technology showcase.",Lead Piping; Nonstandard Fittings; On Site Fabrication; Boston Foundry; Fixture Engraving; Custom Fixtures; Plumbing Standardization; Neo-Angle Bath; Bathing Well; Tub Standardization; Bathroom Retrofits; Historic Bathroom Retrofit; Toilet Future Features; Sensor Activated Toilet; Touchless Operation; Heated Toilet Seat; Built In Bidet; UV Self-Cleaning Bidet; Odor Control; Auto Lid Close; Plumbing History Framing,Sensor-activated toilet with non-touch operation @ 00:02:41; No-touch lid lifting and flush @ 00:03:47; Built-in bidet with UV self-cleaning cycle @ 00:03:32; Heated toilet seat @ 00:02:55; Nightlight for nighttime orientation @ 00:02:42,4
_Hz-BAFh3rI.youtube,"Gas Pipe Sizing, Assembly, and Leak Testing (Ask This Old House)","January 21, 2019",,"This Old House’s instructional segment explains residential gas piping fundamentals: how to size a gas supply based on appliance load, how the piping layout (a “tree”) is planned from the main to each appliance, and what materials and fittings are used. It covers the move from main supply to branch connections, the use of steel pipe and pre-cut lengths, nipples, tees and couplings, proper threading and sealing, and the two-wrench method for assembly. A strong emphasis is placed on safety through pre-energization testing with a manometer and a soap-solution leak check, underscoring that gas work should be performed by licensed professionals and checked for leaks before the system is put into service.",Gas Pipe Sizing; Appliance Load Calculation; Gas Code Sizing; Branch Supply Layout; Steel Pipe Threading; Pipe Precut Lengths; Nipples Fittings; Gas Tees and Reducers; Threaded Coupling; Pipe Sealant; Two Wrench Method; Thread Start; Gas Shutoff Valves; Manometer Pressure Test; Soap Solution Leak Test; Gas Work Safety; Licensed Gas Professionals; Gas Commissioning,Gas pipe sizing based on appliance load @ 00:00:20; Use of pre-cut steel pipe lengths and nipples @ 00:01:33; Threaded connections with couplings and tees @ 00:02:39; Sealing with pipe dope and tightening with two wrenches @ 00:03:01; Starting threading from the source outward (righty tighty) @ 00:03:07; Gas system pressure testing using a manometer @ 00:03:27; Leak testing with soap solution @ 00:03:45; Emphasizing licensing and safety for gas work @ 00:00:08,4
_TEVf4DubtI.youtube,"Installing a Fiberglass Tub and Surround: Drain/Overflow, Valve Rough-In, and Finish","July 20, 2014","Probable bathroom remodel site (interior, walls opened for plumbing and tub work)","The video walks through a bathroom remodeling sequence to install a fiberglass tub and surround. It starts with establishing support (ledger board) and verifying plumbing access, then pre-assembling the drain and overflow and selecting a potential new shower valve. The tub is positioned, holes are drilled through the flange for the rough-in shower valve and tub spout, and the unit is secured to the studs. The installer explains creating a proper spout connection with copper adapters, patches the drain opening with a compatible cover, tightens the trap connections, and finishes with caulk, drywall touch-ups, and installing a shower curtain, culminating in a functional tub/shower surround.",Fiberglass Tub Setup; Gel Coat Interior; Drain Assembly; Overflow Assembly; Trip Lever; Stopper Linkage; Tub Spout; Shower Valve Rough-In; Tub Flange Drilling; Tub Alignment Measuring; Tub Hardware Pre Assembly; Flange Pre Drilling; Tub Securing; Drain Opening Patch; Patch Fitting Technique; Copper Adapter Fittings; Wall Plumbing Considerations; Threaded Connections; Tub Lifting Shimming; Tub Caulking; Compression Trap; Drywall Patching; Shower Curtain Install,"Pre-install drain and overflow components on fiberglass tub before placement @ 00:00:25; Stopper linkage and trip lever integration with overflow @ 00:01:06; Drilling exact holes in fiberglass tub flange for rough-in hardware @ 00:02:11; In-wall spout connection using copper adapters to achieve correct length @ 00:03:09; Patch-drift approach: oversize opening and trace to fit drain cover @ 00:03:37; Final trimming, caulking, and trap connection for finish @ 00:04:02",4
abOX0uGC2LI.youtube,How to Rebuild a Toilet Tank: Replacing Fill and Flush Valves (This Old House),"September 30, 2014",,"This Old House presents a step-by-step, tool-agnostic repair guide for diagnosing and fixing a leaking or constantly running toilet by rebuilding the tank internals. The host explains the tank anatomy (flapper/flush valve, fill valve, and float) and contrasts older copper floats with modern plastic/embedded floats. The segment identifies common leak scenarios (running toilet, overfill,-condensation nuances) and then demonstrates a complete tank rebuild: shutting off water, draining the tank, disconnecting the supply line, removing bolts, and replacing both the fill and flush valves with a universal kit priced around $20. Finally, it covers reassembly, adjusting the refill height and float, and verifying proper operation, including cautions against overtightening and ensuring the overflow height is correctly set to prevent spills.",Toilet Tank Anatomy; Toilet Flapper Valve; Ballcock Fill Valve; Toilet Float Types; Overflow Tube; Shutoff Valve Types; Toilet Tank Drain; Supply Line Disconnect; Tank Bolt Removal; Toilet Spud Gasket; Universal Valve Kit; Fill Valve Height Adjustment; Refill Tube Placement; Float Height Adjustment; Tank Condensation Check; Toilet Leak Diagnosis; Overtightening Tolerance; Repair Kit Cost,"Explain and identify tank components (flapper, flush valve, fill valve, float) and how they interact during a flush @ 00:23:36; Diagnose common toilet leaks and running symptoms (flapper misalignment, misadjusted fill valve, overflow/condensation considerations) @ 01:45:00; Drain and disassemble: shut off, drain, and disconnect supply to prepare for tank removal @ 02:56:00; Install a universal two-valve kit (fill valve and flush valve) and connect spud gasket @ 04:46:00; Adjust refill tube height and float for proper tank fill level @ 06:37:00",6
azfY1-JRh6Q.youtube,"Installing Kitchen Sink Plumbing: Compression Fittings, Faucet, Drainage, and Dishwasher Connections","September 3, 2014",,"This Old House guides a complete kitchen sink plumbing install focused on a two-bowl island sink. The video demonstrates assembling copper supply lines with compression fittings (nut and ferrule), installing a sensor-enabled faucet, and building a drainage system that includes tailpieces, a trap, venting, ABS drain piping, plumber’s putty, and dishwasher drainage connections. A test of the system follows water restoration, including evaluating the faucet’s touch control feature. The instruction emphasizes careful seating and alignment, avoidance of pipe dope on plastic connections, and the use of ABS glue for drain piping, culminating in a functional, leak-free installation with new shutoffs and dishwasher/discharge integration.",Compression Fitting; Connection Nut; Ferrule Compression Nut; Copper Pipe; Pipe Dope; Two Wrench Technique; Adjustable Spanner; Nonmarring Wrench; Shutoff Valve Types; Sink Supply Installation; Faucet Installation; Faucet Spout; Solenoid Faucet; Battery Sensor Faucet; Plastic Metal Connections; Pipe Seating; Basket Strainer; Sink Tailpiece; Dishwasher Branch Line; Sink Tee Fitting; Kitchen Trap; Vent Drain Venting; Plumber Putty; ABS Pipe; ABS Solvent Cement; PVC ABS Glue; Brass Cutting; Valve Threading; Dishwasher Drain Line; Stainless Clamp; Water Supply; Drain System Testing,Compression fitting assembly (nut and ferrule with copper pipe) @ 00:00:04; Two-wrench tightening technique with non-marking tools @ 00:00:37; Faucet installation and sensor/touch-spout operation @ 00:01:08; No pipe dope on plastic connections @ 00:01:49; Placing and securing plumber’s putty around basket strainers @ 00:02:12; ABS drain piping with glue-only system @ 00:03:22; Dishwasher drain hookup with stainless steel clamp @ 00:04:13; System test after water restoration and faucet testing @ 00:04:41,5
b4LMBlXumjY.youtube,"Rough Plumbing Coordination: Wet Vent Constraints, Vent Routing, and Exterior Drain Tie-In (This Old House)","June 9, 2025",Basement,"This Old House guides a rough plumbing layout in a partially finished home, focusing on venting when LVLs block a conventional wet-vent arrangement, and then detailing how a 3-inch drain from the primary bathroom is routed through the garage and foundation to an exterior sewer tie-in. The crew reroutes vents through floor joists to avoid attic space and moves vent termination to the opposite side of the roof, while concealing new drain lines behind a partition wall in the finished basement. The video covers practical decisions about where to vent, how to run drains with pitch, and how to integrate an exterior sewer connection while the interior remains finished.",Wet Venting Comparison; Shower Venting Comparison; LVL Venting Constraints; Fixture Drain Venting; Joist Vent Routing; Opposite Roof Vent; Vent Stack Configuration; Drain Sizing; Drain Proportions; Finished Basement Drains; Exterior Sewer Tie-In; Drain Wall Concealment; Drain Wall Penetration; Future Drain Tie-In,Wet venting vs. separate fixture vents when LVLs block typical configurations @ 00:00:29–00:01:01; Vent routing through floor joists to avoid attic space and align with roof vent @ 00:01:31–00:01:46; Independent venting for tub and toilet due to LVL obstruction @ 00:01:47–00:02:01; Routing a 3-inch drain from a bathroom toward a downstream fixture via the garage @ 00:02:11–00:02:21; Concealing drainage runs in a finished basement behind a partition wall @ 00:02:52–00:02:58; Exterior drain exit and tie-in to sewer main outside the building @ 00:02:58–00:03:12; Planning for cross-building drainage when an outbuilding is pumped into the main house @ 00:02:32–00:02:37,7
b6Pk7RQA9ag.youtube,"Installing a Single-Lever, Anti-Scald Shower Valve (Pressure-Balance) in a Bathroom","March 5, 2016",Bathroom,"This Old House presents a step-by-step installation of a modern single-lever, pressure-balanced anti-scald shower valve to replace a failing old three-valve tub/shower setup. The episode covers diagnosing the risk of scalding due to pressure fluctuations, removing the old valve and surrounding tile, templating and cutting the wall for a new valve, dry-fitting and soldering copper connections, installing the trim plate and safety limit, and testing the finished shower for both temperature stability and leak-free operation, all while discussing code implications for anti-scald valves and permits when remodeling.",Three Valve Tub Shower; Pressure-Balanced Shower Valve; Anti-Scald Valve; Tub Shower Diverter; Cover Plate Trim; Faucet Handle Puller; Valve Stem Removal; Valve Body Removal; Template Witness Lines; Tile Removal; Oscillating Saw Blade; Reciprocating Saw; Copper Dry Fitting; Copper Soldering Flux; Shower Spindle Reinstall; Solder Leak Testing; Temperature Limit; Watertight Shower Seal; Anti-Scald Code,"Explain the operation of an old three-valve tub/shower valve and how pressure fluctuations can cause scalding @ 00:01:12; Replace with a single-lever, pressure-balanced shower valve to stabilize temperature @ 00:01:14; Use a manufacturer cover plate to conceal old valve openings and avoid retiling @ 01:12:00; Remove old handles with a handle puller @ 02:57; Remove valve stems with a pipe wrench after escutcheon removal @ 03:26; Mark wall cutout using a template and witness lines for precise tile removal @ 03:55; Remove tile and mud bed with oscillating saw and carbide blade @ 04:31; Cut the wall with a reciprocating saw to free the old valve @ 05:01; Dry-fit and solder copper pipe connections with flux for the new valve @ 05:20; Test for leaks by turning water back on after soldering and spindle reinstallation @ 06:19; Set a temperature limit on the pressure-balanced valve to prevent scalding @ 08:01; Install trim plate, gasket, cap, and test the finished temperature @ 08:33; Discuss code and safety considerations for anti-scald valves and permitting in remodeling @ 10:39",4
brumHe2lmWg.youtube,"The Story Behind Antique Bath Fixtures: Drainage, Traps, and Lead in an 1833 Captain’s House","January 15, 2017","New Bedford, Massachusetts (historic Captain's House)","This Old House hosts a historical look at bath fixtures in an 1833 captain’s residence in New Bedford, tracing the evolution of bathroom drainage from early systems to modern code. The video explains the components of a tub drain—bath waste, overflow, and stoppers—and contrasts old and new practices, including the shift from lead-based fittings to copper and plastics. Viewers see a claw-foot Essex tub and learn about hot/cold mixing, the function of traps (P-trap vs. drum trap), and a bayonet catch trip-lever mechanism. A centerpiece is the on-site fabrication of lead fittings: melting sheet lead, pouring into forms, and finishing with tools and a torch, illustrating how historic plumbing was crafted before contemporary materials and manufacturing methods became standard. The piece also addresses safety and durability considerations, such as sewer gas protection provided by traps and the hazards of lead piping, all within the historical context of domestic water systems.",Bath Waste; Overflow Drain; Stopper Operation; Bayonet Catch; Trip Lever; P-Trap Plumbing; Drum Trap; Essex Clawfoot Tub; Hot Cold Mixing; Tub Spout; Lead Fittings; Sheet Lead; Molten Lead Pouring; Wiping Cloth Technique; Torch Finishing; Lead Pipe Hazards; Pipe Material Evolution; Brass Bronze Fittings; Modern Drainage Codes,Bath waste and overflow operation @ 00:00:34; Bayonet catch and trip lever drain actuation @ 00:02:06; P-trap vs. drum trap comparison @ 00:02:24; On-site lead fitting: pouring lead and shaping @ 00:03:20,3
cLx1Vj0HdxY.youtube,"Pro2Pro: Focus on Plumbing Episode 1 — Brookline, MA Project (Sewer/Water Main, Drains, and Radiant PEX)","November 15, 2018","Brookline, Massachusetts","This Pro2Pro episode follows host Richard Trathui and plumbing professional Doug Lanzo on a Brookline, MA project to discuss real-world skilled-trades challenges in residential construction. The dialogue tracks a complex sewer and storm main project with subgrade work, including camera inspection that reveals root intrusion and old pipe conditions (clay, Orangeburg, welded or cemented joints), and a plan to open, repair, and re-route around the building. The crew demonstrates trench safety (using trench boxes) and a drainage redesign that adds a perimeter drain and a large dry well to manage rainwater on-site. Interior work highlights space constraints of a mid‑century 1950s building, the integration of Unico high-velocity HVAC with radiant heating using Viega PEX, and venting strategies across jurisdictions. The episode also covers modern PEX connections (ProPress) versus copper, the use of a pneumatic mole to pull pipe, workforce initiatives like Generation Next, and the HomeServe service model, all framed through a live Q&A with industry peers.",Sewer Storm Separation; Camera Inspection; Old pipe materials; Sewer Storm Sequencing; Trench Safety; Perimeter Drain System; Water Main Backwater; Interior Space Constraints; Unico HVAC System; Viega PEX Radiant; Bow Venting; PEX Crimp Connections; Mole Drilling Technique; Fernco Adapters; Generation Next Initiative; HomeServe Model; Tankless Heater Comparison; HVAC Technology Outlook,Trench boxes and shoring for excavations deeper than 4 feet @ 00:04:00; Perimeter drainage with a dry-well around the building @ 00:06:41; Unico high-velocity HVAC system installation @ 00:07:46; Radiant floor heating using Viega PEX with plywood substrate @ 00:11:23; ProPress fittings for PEX and copper connections @ 00:15:03; Pneumatic mole/bullet method to pull pipe through walls or foundations @ 00:27:28; Ferncos/adapters to join mixed pipe materials (old to new) @ 00:25:31; Code-aware venting strategies (bow vent in MA vs mechanical vents in NJ) @ 00:10:50,8
cZ53GbAcfPo.youtube,"Brooklyn, Massachusetts: Sewer Camera Inspection, Storm/Sanitary Separation, and PVC Drain Retrofit for a 1957 Addition","October 25, 2018","Brooklyn, Massachusetts","This This Old House Live segment follows Kevin and Richard as they work on a heavily renovated Brooklyn, MA home addition that connects to a municipal water and sewer system. The hosts describe the three main utilities entering the property (water supply, sanitary sewer, and storm sewer) and clarify ownership boundaries between homeowner and city, including the shut-off valve location and the responsibility line for storm drainage. The interior plan features new PVC drain lines under a slab, a future master bathroom vent and trap, and a camera inspection of the sewer line that reveals dirt buildup, a transition to orangeburg/clay pipe with root intrusion, and a sag in the town sewer. The team discusses repair options (open-cut replacement with PVC versus liner options), the cost implications of digging versus piping lining, and the need for a bonded contractor when cutting into street/sidewalk. They also cover drainage philosophy (keeping water outside the building, proper pitch and rise), and the permitting process that can impact schedule. All of this is conveyed through live Q&A and visual demonstrations using an in-camera feed on an iPad during the workflow.",Site Drainage Retrofit; Live Renovation Scope; Municipal Water Sewer; Utility Separation Layout; Storm Drain Responsibilities; Main Water Materials; Historic Sewer Materials; Under Slab Drain Lines; Bathroom Vent Layout; Sewer Camera Inspection; Orangeburg Root Intrusion; Sewer Sag Implications; Open Cut Lining; Digging vs Lining Costs; Bonded Contractor Rules; Drain Pitch Guidelines; Permit Approvals; Storm Drain Routing; Camera Display Inspection; Multi Level Constraints,Sewer camera inspection with live readouts @ 00:05:12; Identification of orangeburg/clay pipe and root intrusion via video @ 00:05:50; Using camera data to locate sag and standing water as failure indicators @ 00:06:14; Planning exterior tie-in to municipal sewer and keeping water outside the building @ 00:08:16; Open-cut replacement versus liner (polymer) lining strategy @ 00:11:00; Drain slope calculation and pitch guidelines (1/4 in/ft and 1/8 in/ft) @ 00:13:00,8
c_aOFqL6bc8.youtube,"Diagnosing Humidity in a 3-Ton A/C System: Heat-Gain Calculation, UV Light Impact, and Filtration Upgrades","May 27, 2019",Attic (air handler),"The video documents a humidity problem following a new air conditioner installation. The host evaluates whether the system is correctly sized, performs a heat gain check, and confirms the unit is a three-ton system appropriate for the building’s insulation and envelope. It then examines how a smart thermostat and a UV germicidal light may be influencing humidity and fan behavior, identifying unintended consequences that can worsen moisture control. The solution centers on improving filtration and airflow: upgrading to a high-density, five-inch pleated filter, modifying the return duct to accommodate the larger filter housing, sealing the air path, and adjusting the thermostat to run the fan during cooling to enhance dehumidification. The UV feature is noted to be limited in addressing allergens, reinforcing filtration as the key strategy for reducing humidity and allergens.",Heat Gain Calculation; HVAC Tonnage Sizing; Three Ton System; Attic Insulation Status; Concrete Wall Insulation; Envelope Heat Gain; Heat Gain App; System sizing verification; Thermostat Humidity Control; Thermostat Cycling Humidity; UV Light Fan Interaction; UV Light Limits; Filtration Allergies; Pleated Air Filter; Air Filter Upgrade; Filter Replacement Frequency; Return Duct Filter Mod; Foil Tape Sealing; Cover Plate Installation; Contractor Involvement; Cooling Fan Operation,Heat gain calculation to determine proper system size (tons) @ 00:01:20; Verify equipment size and building envelope insulation via attic inspection @ 00:02:00; Assess impact of smart thermostat on humidity and define narrower humidity setpoints @ 00:02:44; Identify unintended consequences of UV germicidal light on humidity and continuous fan @ 00:03:34; Upgrade filtration from 1-inch to 5-inch pleated filter for better air quality @ 00:05:00; Modify return duct to accommodate higher-efficiency filter housing @ 00:05:37; Seal air path with foil tape and install cover plate for airtight filter installation @ 00:05:52; Configure thermostat to run the fan in cooling mode to improve dehumidification @ 00:06:16; Educate on UV light limitations for allergy control and emphasize filtration @ 00:04:40,3
crpvmMBsd9Y.youtube,Replacing a Whole-House Plumbing Trap: Cast Iron Removal and No-Hub Assembly,"September 29, 2014",Exterior excavation area near the house (probable),"This Old House demonstrates replacing a whole-house plumbing trap by removing the old cast-iron trap, cutting and removing the surrounding pipe, and installing a new drain assembly using a No-Hub coupling. The segment shows cutting the soil pipe with a chain-type cutter, breaking a cast-iron fitting with a sledgehammer, removing old lead-and-oakum sealing, and assembling a new outlet with an angle fitting, cleanout, neoprene gasket, and No-Hub bands. A torque wrench is used to snug the bands without overtightening, and the installer measures and cuts replacement pipe to fit with proper pitch. The video emphasizes careful measurement, gasket handling, and pressure-tested connections while noting a long-term (quote) “100 years” durability of the No-Hub assembly. The content aligns with common retrofit practices for exterior house drain lines and trap replacements, with attention to sealing materials and proper hardware torque.",Soil Pipe Cutter; Chain Cutter; Cast Iron Pipe; Sledgehammer Use; Breaking Cast Iron; Lead Oakum Seal; Oakum Seal; No-Hub Coupling; Neoprene Gasket; Stainless Band Clamps; Torque Wrench; Pipe Measure and Cut; Angle Fitting; Drain Cleanout; Gasket Folding; Piping Pitch; Drain System Retrofit,Soil pipe cutter in action on pipe @ 00:00:03; Breaking a cast-iron fitting with a sledgehammer @ 00:01:06; Removing lead and oakum seal (oil hemp) with chiseling @ 00:01:41; No-Hub coupling installation with neoprene gasket and bands @ 00:02:03; Using a torque wrench to snug bands without overtightening @ 00:03:13; Gasket folding trick to fit smaller pipe @ 00:02:45,3
cua4YDSALmo.youtube,Installing an Under-Sink Carbon Filtration System with Cartridge Indicator (This Old House),"April 26, 2019",Under-sink kitchen cabinet (probable),"This Old House walks through upgrading a retrofit snap-on faucet filtration setup to a dedicated under-sink carbon filtration system with a cartridge-indicator, highlighting the cartridge technology (carbon composite membrane), kit contents, and a step-by-step installation sequence. The presenter covers how the indicator shows cartridge life, how the carbon membrane targets sediment, heavy metals, pesticides, and pharmaceuticals, and then demonstrates removing the old aerator, connecting new supply tubes, choosing push-fit versus compression connections, and finally initializing and flushing the system before testing the water for taste. The workflow emphasizes proper shut-off, secure connections, and a guided diagram to minimize mis-piping, finishing with a tested, cleaner-looking installation under the sink.",Under Sink Filtration; Carbon Composite Filtration; Cartridge Filter Indicator; Cartridge Life Indicator; Filter Cartridge Removal; Filtration Aerator Adapter; Aerator Replacement; Filtration Kit Diagram; Cold Water Valve Operation; Compression Fittings; Push-Fit Tube Connections; Tubing Service Length; Piping Diagram; Filtration Startup; Water Quality Check,"Under-sink filtration unit installation with cartridge indicator @ 00:01:33; Carbon composite membrane cartridge explanation and benefits @ 00:01:54; Push-fit tubing connections for quick, watertight seals @ 00:04:28; Compression fittings replacement for cold-water supply line @ 00:03:42; System initialization and multi-stage flush protocol @ 00:04:52; AERATOR replacement to interface with upgraded filtration setup @ 00:02:56; Kit diagram usage to prevent mis-piping @ 00:03:28",9
d4X1yg-Fb88.youtube,"Ice maker water line connections: saddle valves, soldered, and solderless options","April 2, 2015",,"The video discusses how to supply an ice maker with water, focusing on saddle valves and their drawbacks, and then presenting safer, code-friendly alternatives. It explains that saddle valves clamp onto copper water lines to pierce the pipe and feed a tube to the ice maker, but notes this approach as prone to leaks, rust, and eventual failure, with legal restrictions in some jurisdictions for licensed plumbers. The speaker advocates avoiding saddle valves when possible and outlines solderless options (T-fittings with shutoff, Dutch finger clamps) and traditional soldered copper connections, along with practical tubing choices (polyethylene, other plastics, stainless steel braided, and copper) and the importance of a shutoff valve for future service. The overall guidance emphasizes safer, longer-lasting connections and the preference for copper pipe with an appropriate shutoff rather than saddle valves.",Saddle Valve; Copper Pipe; Piercing Valve; Shutoff Valve; Shutoff Tee Adapter; Solderless Connection; Dutch Finger; Soldered Copper Connection; Tubing Options; Polyethylene Tubing; Braided Hose; Copper Tubing; Licensed Gas Work; Leak Risk; City Water Pressure; Ice Maker Connection; Future Service Access; Ice Maker Hookup,Saddle valve piercing copper pipe @ 00:00:15; Solderless T-fitting with shutoff valve @ 00:01:23; Dutch finger (solderless grip) @ 00:01:27; Traditional copper soldered connection with shutoff @ 00:01:36; Copper pipe with shutoff valve installation principle @ 00:01:42; Tubing selection for ice maker supply @ 00:01:44,5
eA5E6yr0cCs.youtube,Drain Pipe Puzzle: Basement-to-Roof Drain Routing in a This Old House Renovation,"November 29, 2025",basement,"In this house-renovation video, the team tackles routing a full-size drainage stack through a multi-room remodel, balancing code requirements, space constraints, and existing structure. The plumber explains converting an old cast-iron stack to current practice using PVC, while coordinating with the joists, kitchen layout, and headroom to avoid clashes with the electrical panel and living spaces. The crew demonstrates removing the old cast iron with a chain cutter, installing a neoprene-gasket coupling with stainless-steel bands, and laying out a drain path that uses the joist direction for proper pitch toward the main drain and eventual roof vent. A Y-fitting creates a branch to the second-floor toilet, and the team discusses padding walls and adjusting the toilet rough-ins to accommodate the new configuration. The result emphasizes practical, code-conscious planning, precise cutting, and a clean run inside the joist bays that preserves headroom and minimizes horizontal piping.”",Drain Routing Planning; Basement Roof Waste Stack; Drain Routing Layout; Plumbing Clearance Padding; Cast Iron Demolition; Cast Iron Cutting; Cast Iron PVC Coupling; Y Fitting Drain Branching; Toilet Rough-In Layout; Vertical Drain Routing; Panel Clearance Planning; Roof Vent Routing; Waste Stack Routing,Chain cutter demolition of cast-iron pipe @ 00:04:39; Installing a neoprene gasket coupling with stainless steel bands (transition from cast iron to PVC) @ 00:05:04; Routing drain along joist direction to achieve proper pitch toward main drain @ 00:01:25; Introducing a Y-branch to feed a second-floor toilet @ 00:02:52,4
ejEkBEtEFgk.youtube,"Washing Machine Plumbing: Copper Pipe Connections, Fluxing, and Stainless Braided Hoses (This Old House)","November 5, 2014",,"This Old House demonstrates a practical laundry-room plumbing upgrade, starting with a small carpentry box and bell-shaped pipe hangers to support copper supply lines. The presenter routes hot and cold feeds to a dedicated washing-machine valve, then cuts, cleans, fluxes, and solder-fits copper pipe and fittings, including a tee to feed the new washer connection. The assembly is completed by replacing aging rubber hoses with stainless steel braided supply hoses and testing the water supply by opening the cold and hot valves. The segment emphasizes careful fluxing, conservative solder usage to protect fittings, and proper valve operation to relieve pressure when away from home.",Carpentry Box Construction; Bell Hangers; Copper Pipe Routing; Washing Machine Valve; Water Lines; Pipe Cutting; Pipe Cleaning; Fitting Cleaning; Flux Application; Copper Fitting Soldering; Elbows and Tees; Washer Elbow Seals; Braided Hose; Valve Shutoff Orientation; Cold Water Supply; Hot Water Supply; Supply Line Testing,Bell hanger pipe mounting for copper lines @ 00:00:24; Copper pipe cutting @ 01:02; Cleaning copper pipe exterior and fittings interior @ 01:04; Flux application to pipe and fittings @ 01:11; Soldering copper fittings @ 01:13; Conservatively applying solder to prevent overfill @ 01:21; Installing a dedicated washing machine shut-off valve @ 01:31; Replacing rubber hoses with stainless steel braided hoses @ 02:23; Testing water supply by opening cold and hot valves @ 02:52,5
gKoQHqVwxrA.youtube,"Preventing Frozen and Burst Pipes: Outdoor Faucets, Insulation, and Heat Tape","January 17, 2016",Outdoor garden hose bib / faucet,"This Old House outlines practical steps to guard residential plumbing against freezing by addressing outdoor spigots, interior shut-offs, insulation, and heating options. The video demonstrates draining water from outdoor faucets, using frostproof sillcocks that place the shut-off inside the building, and applying insulation or retrofit wraps to exposed pipes. It introduces self-regulating heat tape with a temperature sensor that activates around 38°F and deactivates around 45°F, reducing the chance of freezing without continuous energy use. When access is limited, it suggests leaving doors open to allow heat into plumbing spaces and, on the coldest days, letting a faucet drip slightly. The guidance targets homeowners and DIYers seeking preventive measures for winter-protecting domestic water lines.",Outdoor Faucet; Outdoor Faucet Shutoff; Exterior Line Shutoff; Frostproof Sillcock; Split Pipe Insulation; Self Regulating Heat Tape; Heat Tape Thermostat; Cabinet Door Heat; Freeze Drip Protection; Exterior Wall Pipes,"Drain water from outdoor faucet by opening the indoor faucet and locating the drain so the line drains backward @ 00:00:50; Frostproof sillcock with interior shut-off to avoid winter drainage @ 00:01:02; Split insulation for retrofit pipe insulation @ 00:01:23; Self-regulating heat tape with a temperature sensor, activating at ~38°F @ 00:01:36; Open cabinet doors to allow warm interior air to reach plumbing @ 00:01:59; Leave faucet dripping on the coldest day to prevent freezing @ 00:02:04",7
gOZWyZMOASA.youtube,Diagnosing a Cold Radiator in a 1950s Forced-Hot-Water Heating System (Monoflow/Diverter Tee),"January 29, 2017",basement,"The video documents a diagnostic walkthrough of a hydronic (hot-water) heating system in a mid-20th-century house. An expert distinguishes between gravity and pumped (circulator) hot-water systems, confirms the boiler type (oil-fired in this case) and essential components (pressure reducing valve, expansion tank, and pressure relief valve), and then explains the 1950s-era Monad/Monoflow approach with a diverter (monoflow) tee that feeds multiple radiators from a single trunk. The section demonstrates practical checks—verifying boiler operation, water pressure, and air in radiators—and uses a smartphone thermal camera to visualize heat distribution. The root cause of the non-heating radiator is traced to zone control: a radiator was turned off at the base of the stairs, which effectively isolated it from the heated loop. The host reinforces the lesson to check simple causes before pursuing more complex mechanical fixes.",Forced-Hot-Water Heating; Gravity Hydronic Systems; Oil Fired Boiler Burner; Pressure Reducing Valve; Expansion Tank; Pressure Relief Valve; Circulator Pump; Monoflow Diverter Tee; Venturi Effect; Monoflow Radiator Feed; Radiator Air Removal; Radiator Zone Control; Radiator Heat Distribution; Thermal Imaging; Valve Operation Checks; Basement Heating Plant; 1950s Heating Expansion; Hot Water Diagnostics,Monoflow (diverter) tee operation and Venturi effect explanation @ 00:03:10–00:04:58; Diverter Tee and radiator feed path visualization @ 00:04:58–00:05:58; Thermographic camera verification of radiator heat @ 00:06:25–00:06:41; Zone-control diagnosis leading to radiator restoration @ 00:06:52–00:07:11; Air venting and water-fill check for radiators @ 00:05:25–00:05:40,11
gUFnf9EaQM4.youtube,"Maximizing Comfort with Thermostats: Humidity, radiant temperature, and smart controls","May 17, 2019",,"This Old House’s segment describes a multi-factor approach to comfort beyond just setting a numeric thermostat. The host explains four core factors—temperature, humidity, air velocity, and mean radiant temperature—and how humidity and surface temperature affect perceived warmth or coolness. It contrasts traditional on/off thermostats with smart, connected controls that use motion sensing, geofencing, and room-level wireless sensors to better match heating with occupancy and occupancy patterns, while noting efficiency considerations and potential rebates. The discussion also covers how oversized boilers, single-zone systems, and the difference between dry winter air versus humidified air influence comfort, and why upgrading controls can yield energy savings without replacing equipment. ",Thermostat Setpoints; Humidity Comfort Effects; Humidity Comfort Range; Forced-Air Comfort; Radiant Comfort Effects; Surface Temperature Effects; Clock Thermostat Setback; Smart Thermostats; Occupancy Heating Control; Geofenced Temperature Control; Wireless Zoning Controls; Boiler Sizing Efficiency; Control Upgrade Rebates,"Identifying four core comfort factors (temperature, humidity, air velocity, mean radiant temperature) @ 00:44; Describing humidity’s impact on perceived temperature and comfort ranges @ 00:48; Explaining how air velocity from forced-air systems affects comfort @ 01:31; Introducing mean radiant temperature and surface warmth concepts @ 02:04; Contrast between traditional thermostats and smart/connected controls @ 03:16; Geofencing as occupancy-aware heating @ 04:46; Use of wireless room sensors to target comfort @ 05:04; Discussion of upgrades, efficiency, and rebates @ 05:39",8
gZPazhP6Dvs.youtube,"Garbage Disposers: Selection, Features, Septic Options, and Jam Clearing","September 22, 2014",Under the kitchen sink cabinet,"This Old House presents a practical primer on choosing and maintaining a garbage disposer. The video compares models by horsepower, insulation, and features such as auto-reverse anti-jamming and batch-feed operation; it notes a septic-system option with an enzymatic additive. It explains the internal grinding mechanism (splash guard, collar, stainless-steel grinding wheel and teeth), how waste travels to the discharge, and common jam culprits (coins, jewelry, and stringy foods). The host demonstrates jam-clearing methods, including using the built-in reset button and an included Allen wrench, and surveys additional tools (extractor, tongs, broomsticks) for freeing a jam—emphasizing safety and not placing hands inside the unit.",Disposer Horsepower; Disposer Insulation; Auto Reverse Jamming; Batch-Feed Activation; Batch-Feed Safety; Septic Compatible Disposers; Disposer Septic Additives; Disposer Components; Disposer Grind Path; Disposer Jam Causes; Disposer Foods to Avoid; Jam Reset Button; Jam Clearance Wrench; Jam Clearance Tool; Leverage Jam Clearing; Disposer Safety,"Auto-reverse anti-jamming @ 00:00:29; Batch-feed activation mechanism @ 00:00:53; Septic-system compatible disposer with enzymatic additive @ 01:22; Internal grinding assembly anatomy (splash guard, teeth, wheel) @ 02:01; Jam clearing with Allen wrench and reset button @ 03:21; Extraction tool for jam removal @ 03:45; Alternative jam-clearing leverage (broomsticks, tongs) @ 04:04",7
gwlYMR4vzRw.youtube,"Rotating a Toilet to an ADA-Height, 14-Inch Rough-In with Flange Adaptation","July 16, 2018","Probable residential bathroom (interior, with tile floor and toilet flange)","This Old House demonstrates how to rotate a toilet to achieve a more natural angle and ADA-ready height in a residential bathroom. The segment covers measuring for a standard 12-inch rough-in, reporting a 14-inch distance from the back wall to the bolt holes when repositioned, and upgrading to a taller, 18-inch finish-floor height for better accessibility. When the existing flange lacks a usable keyway, the host selects a flange adapter solution, installs a wax seal, and anchors the base into tile with masonry anchors and bolts. The water supply is adapted with a longer flexible line to avoid re-piping, and the unit is tested for a successful, low-flow flush (about 1.3 gpf compared to the old toilet’s higher usage). The procedure emphasizes precise bolt alignment (parallel to the back wall), even tightening, and proper seal to prevent leaks.",Toilet Rotation; Twelve-Inch Rough-In; Back-to-Wall Dimension; ADA Height Toilet; Finish Floor Height; Closet Flange; Toilet Bolt Alignment; Keyless Flange; Flange Adapter; Wax Ring Preparation; Half Cut Wax Ring; Bolt Pattern Keyways; Wax Ring Installation; masonry anchors for tile; Tile Drill Anchors; Masonry Anchor Screws; Bolt Alignment Position; Toilet Supply Relocation; Flexible Supply Line; Toilet Flush Performance; Water Use Comparison; Even Torque; Cap Thread Trimming; Flush Testing,Measuring and documenting rough-in and back-to-wall spacing for reorientation @ 00:00:46; ADA-height planning and seat-height consideration for wheelchair access @ 01:26; Evaluating flange compatibility and using a flange adapter when keyways are absent @ 03:14; Wax ring preparation and alignment to base with bolt-parallel positioning @ 03:46; Anchoring a toilet base to tile using masonry anchors @ 04:12; Relocating or extending the water supply with a longer flexible line to avoid re-piping @ 05:18; Even tightening sequence on supply and mounting hardware to avoid leaks @ 05:46; Post-installation efficiency check showing reduced gallons-per-flush @ 06:46,11
h-tUGX3M6zY.youtube,"How to Install a Utility Sink: Drain, Vent, and Water Supply Integration","July 1, 2014",Basement utility area (probable),"This This Old House episode demonstrates installing a utility sink in a basement-style laundry area by modifying an existing washer drain and vent to accommodate a new sink drain. The tutorial covers evaluating the standpipe/drain layout, reducing and reconfiguring piping with 45° elbows to align drains, dry-fitting before glue, and using a slip/repair coupling for final connections. It also shows replacing an aging washing-machine shut-off valve, rerouting hot and cold supply lines to the sink, and installing a faucet with a pull-out spray. The workflow emphasizes venting considerations, accurate marks for reassembly, careful deburring and cleaning of PVC joints, glue application, leak testing with water, and verifying both hot and cold water supply during the final test.",Basement Laundry Area; Washer Standpipe Height; Basement Vent Function; Double Y Drainage; Horizontal Drain Elbows; Drain Center Marking; Drain Dry Fitting; PVC Pipe Cutting; Pipe End Deburring; Slip Coupling; PVC Cement Application; Fitting Rotation; Drain Venting; Washer Shutoff Replacement; Supply Valve Installation; Pull-Out Spray Hose; P-Trap Installation; Water Leak Testing; Washer Valve Hookup; Water Supply Testing,Dry-fitting drainage components to verify fit and alignment @ 00:02:50.879; Using a Double Y drainage to combine washer and utility sink drains @ 00:02:14.400; Re-routing drain with 45° elbows to achieve horizontal outlet @ 00:01:16.720; Slip coupling / repair coupling for final connection @ 00:02:50.879; Deburring and cleaning pipe ends before glue @ 00:02:08.000; Gluing PVC joints with primer and cement @ 00:03:25.680; Leak testing using water capture bucket and live drain checks @ 00:04:26.400; Replacing washing machine shut-off valve and updating supply elbows @ 00:05:02.120; Installing a pull-out spray faucet with counterweight @ 00:06:21.360; Testing water supply by powering hot and cold lines and verifying operation @ 00:07:36.120,3
hBDBwM1MWt8.youtube,"Soldering Copper Pipe: Prep, Flux, and Torch Technique","December 10, 2015",,"This This Old House segment demonstrates essential copper-pipe soldering prep and execution. It covers cleaning copper surfaces with Emery cloth and a cleaning brush, applying flux to both pipe and fitting, choosing and using a basic heat torch with two tip styles, and performing a heat-and-solder sequence that relies on capillary action to draw solder into the joint. The video also flags important safety notes: ensuring the old piping is dry before soldering and using a heat shield when working near wood to avoid fire hazards.",Emery Cloth Prep; Copper Pipe Cleaning; Fitting Interior Cleaning; Brush Cleaning Technique; Brush Rotation Technique; Flux Application; Pipe and Fitting Flux; Torch Components; Torch Ignition; Spark Torch Tip; Ignition Torch Types; Torch Flame Tip; Inner Blue Flame; Fitting Side Heating; Flux Bubble Timing; Opposite Side Soldering; Capillary Solder Flow; Torch Removal Timing; Solder Wiping; Dry Piping; Fire Prevention; Heat Shield Use,Emery cloth surface cleaning for copper pipe and fittings @ 00:00:11; Flux application to pipe and fitting @ 00:00:30; Torch tip options and ignition methods (pencil-tip vs built-in spark) @ 00:00:39; Heat-one-side then apply solder from opposite side to leverage capillary action @ 00:01:10; Remove flame after solder enters joint while solder remains liquid @ 00:01:20; Safety practice: ensure piping is dry and use heat shield near wood @ 00:01:33,5
hZulTP0LpRA.youtube,"Mini Split Cleaning and Maintenance: Filters, Coils, and Safety","April 12, 2025",,"This This Old House video demonstrates practical DIY maintenance for a ductless mini-split system. It structures the work from a basic overview of components and airflow to hands-on steps for cleaning or replacing the indoor air filter, accessing and cleaning interior coils, and protecting walls during washing. The guide covers a safe approach to disassembly (power off, screws, cowl and diffusion vein removal), vacuuming and brushing the evaporator coils, applying a coil cleaner, and managing exterior coil cleaning with a containment setup. It emphasizes letting cleaned parts dry before reassembly, then reinstalling the filter and testing the unit. The video notes that routine filter care is within a homeowner’s reach, while deeper coil cleaning may require caution and potential professional involvement later on.",Mini Split Components; Mini Split Indoor Unit; Outdoor Unit; Ducted Versus Ductless; Filter Location; Filter Cleaning; Filter Replacement; Filter Vacuum Cleaning; Mini Split Filter Cleaning; Cowl Removal; Mini Split Cleaning; Evaporator Coils; Coil Brush Cleaning; Coil Cleaner Use; Water Containment Safety; Magnetic Screwdriver; screw collector; HVAC Maintenance Tools; Wall Protection Kit; Outdoor Coil Cleaning; Drying Time; Mini Split Reassembly; Maintenance Unit Testing; Maintenance Schedule,Inspect and clean the indoor air filter (vacuum or rinse) @ 00:01:01; Disassemble inner cabinet: remove cowl and access diffusion veins @ 00:01:50; Vacuum evaporator coils with bristle brush @ 00:03:21; Apply coil cleaner to indoor coils with safety measures @ 00:03:57; Outdoors coil cleaning setup (vacuum + coil cleaner) and containment @ 00:04:31; Reinstall filter and perform a test run after drying @ 00:05:10,4
iDK_5nPiPJ0.youtube,"How to Avoid Rookie Plumbing Mistakes: Strap Wrenches, Old-Pipe Techniques, and Radiant Floor Caution","January 7, 2016",,"This Old House host demonstrates common plumbing missteps and practical corrections. The video covers preventing chrome fixture damage by using a strap wrench instead of pliers, preserving the roundness of old pipes with a three-corner bite when loosening, and a cautionary anecdote about radiant-floor installations that emphasizes checking screw size to avoid protruding fasteners. The demonstrations translate into user-friendly tips homeowners can apply during DIY plumbing projects.",Strap Wrench; Fixture Protection; Shower Head Removal; Tub Spout Access; Old Pipe Handling; Three Point Bite; Pipe Deformation Prevention; Radiant Floor Install; PEX Tubing; Heat Transfer Plates; Radiant Screw Sizing; Screw Size Check,Using a strap wrench to remove chrome fixtures without scratching the finish @ 00:00:43; Three-corner bite method to back out old piping without deforming it @ 00:01:30; Check screw size and quantity in radiant floor installations to avoid protruding fasteners @ 00:02:20,6
iP7KXv2ab-o.youtube,How to Change a Toilet Seat,"August 20, 2014",,"This Old House’s quick-guide demonstrates how to replace a toilet seat, covering seat sizing (round-front vs. elongated), accessing and removing top bolts with proper tools, and handling common hardware issues. It contrasts plastic fasteners with older brass hardware, explains why space constraints matter, and offers practical techniques such as using a basin wrench for tight spaces, a deep socket for corrosion, penetrant oil, and careful cutting with a hacksaw while protecting the porcelain with a putty knife.",Toilet Seat Sizing; Toilet Seat Shapes; Toilet Seat Measurement; Top Bolt Access; Cover Removal; Top Bolt Installation; Wing Nut Behavior; Plastic Brass Fasteners; Screwdriver Size Check; Proper Screwdriver Use; Counterclockwise Loosening; Compact Basin Wrench; Tight Space Wrench Options; Hinge Bolt Replacement; Corroded Bottom Nut; Deep Socket Use; Penetrating Oil; Bolt Cutting; Mini Hacksaw Holder; Porcelain Cutting Protection; Putty Knife Shield,"Expose top bolt and remove wing-nut with proper screwdriver @ 00:00:33; Loosen plastic wing-nut by turning counterclockwise and manage nut with hand when possible @ 00:00:58; Use basin wrench to reach and hold bottom nut in tight spaces @ 00:01:26; Alternative tight-space tool: adjustable wrench with ratchet or 90-degree orientation @ 00:01:41; Loosen or back off corroded brass bottom nut with a deep socket @ 00:02:00; Penetrating oil to break down corrosion before forcing nuts @ 00:02:12; Cut bolt off with mini hacksaw blade holder, while protecting porcelain @ 00:02:22; Protect porcelain during cutting using a broad knife or putty knife @ 00:02:33",5
iyiGJ-uwmKU.youtube,"Bathroom sink stopper repair: pop-up assembly diagnosis, seal, and reassembly","November 6, 2012",Bathroom sink area (probable),"An experienced craftsman guides viewers through diagnosing a stuck bathroom sink stopper, disassembling the pop-up assembly, removing and replacing a rotted strainer and tailpiece, applying plumber's putty and pipe dope to seal the drain, trimming the tailpiece to fit, and reassembling the linkage with a rod and clip while ensuring correct alignment perpendicular to the back wall, finishing with a functional test of the stopper.",Pop-Up Stopper; Pop-Up Linkage Diagnosis; Pop-Up Assembly; Sink Tailpiece; Pop-Up Strainer; Nut Removal; Strainer Nut Removal; Stopper Putty Ring; Drain Gasket; Pipe Dope; Gasket Alignment; Back Wall Alignment; Tailpiece Trimming; Swiveling Nut Clearance; Compression Nut Tightening; Pop-Up Rod Clip; Stopper Test,Inspecting and diagnosing a stuck pop-up stopper linkage @ 00:00:04; Disassembling a pop-up stopper and strainer assembly and removing the tailpiece @ 00:01:41; Sealing the drain with plumber's putty and gasket; applying pipe dope @ 00:02:14; Cutting tailpiece to length and aligning perpendicular to the back wall @ 00:03:36; Swiveling and tightening the through-wall connection and compression nut @ 00:04:04; Installing rod and clip to secure linkage and ensure smooth operation @ 00:04:49; Testing stopper operation after reassembly @ 00:05:20,3
jHeCP21ik7w.youtube,"Sealants on Threaded Plumbing Connections: Tape, Dope, and Wicking","August 11, 2014",,"This Old House presents a viewer Q&A on sealing threaded plumbing connections. The host contrasts tapered (plumbing) threads with common straight threads, then demonstrates several sealing options: teflon tape (PTFE tape) application, non-hardening pipe thread sealant (pipe dope), and the wick method for older work. The discussion covers when to apply each method, how to apply around threads, and situational choices such as using rubber gaskets or relying on a ground joint instead of thread sealants for certain connections like radiators and faucets. The result is a practical guide to selecting and applying sealants or gaskets to achieve a removable, leak-free seal without over-sealing.",Tapered Threads; Straight Threads; Thread Tape Application; Teflon Tape Wrapping; Thread Sealant; Nonhardening Sealant; Old-Work Wicking; Ground Joint; Radiator Valve Union; Faucet Gasket Seal; Straight Thread Sealant; Supply Line Seals; Threaded Joints; Threaded Seal Removal; Thread Seal Methods,Teflon tape winding around threads until the tape seals on itself @ 00:01:12; Applying pipe dope (non-hardening liquid thread sealant) for a removable seal @ 00:01:40; Wicking thread-sealant method for old-work connections @ 00:02:15; Ground joint/seating approach to leak-proof straight-thread connections without sealant @ 00:03:04; Using rubber gasketed fittings (no thread sealant required) on faucet connections @ 00:03:33; Selective use of pipe dope on ground joints near unions (partial sealant strategy) @ 00:02:58,7
jR917D0PpD4.youtube,"Repairing a Damaged Main Shutoff Valve: Gate Valve Failure, Curb Stop, and Pipe-Freezing Methods","April 9, 2018",Basement shutoff area (near water meter),"This Old House presents a practical sequence for addressing a damaged main shutoff valve. When the in-house gate valve spins and won’t move, the host explains how these valves operate and why wear at the valve stem can render them unusable. With access to the town curb stop often required, the segment then discusses external shutoff options and the rationale for isolating the line when internal valves fail. To perform a valve replacement without risking water damage, the video demonstrates two pipe-freezing approaches (a CO2 canister method and a refrigeration-based freezing tool) to hard-freeze a short section of pipe, allowing the old valve to be cut out and a new valve installed. The replacement highlighted is a ball valve (full-port stainless steel) with a solderless connection to speed installation and guard against backflow while the work is completed. The overall lesson blends problem diagnosis, municipal shutoff basics, and rapid, fire-safe valve replacement techniques suitable for both residential and larger-scale plumbing scenarios.",Gate Valve; Main Shutoff Repair; Valve Stem Wear; Main Shutoff Location; Water Main; Curb Stop; Municipal Shutoff; CO2 Pipe Freezing; CO2 Canister; Pipe Freezing Tool; Pipe Freezing Clamp; Valve Replacement; Ball Valve; Full-Port Valve; Solderless Connection; Backflow Risk; Water Isolation,CO2 pipe freezing to isolate a live water line @ 00:01:31; Refrigeration-clamp pipe freezing for rapid isolation @ 00:02:00; Replacing a damaged gate valve with a ball valve (full-port stainless steel) @ 00:02:12; Solderless/compression connection as a fast valve install @ 00:02:34; Diagnosing gate valve failure due to stem wear (electrolysis wear) @ 00:00:37,4
jvAvD7ZdQOo.youtube,"How to Install a Kitchen Sink: Basket Strainer, Disposer, and PVC Drain Assembly","August 27, 2013",,"This Old House presents a concise, hands-on kitchen-sink installation workflow focused on common residential practices: disconnecting existing water and waste lines, pre-assembling components in a tight cabinet space, installing a basket strainer with plumber’s putty, assembling and securing a garbage disposer with flange and snap-ring hardware, seating and aligning the sink, making electrical connections for the disposer, attaching faucet lines with a basin wrench, dry-fitting and gluing PVC drain piping, and finally restoring water to test the installation.",Water Supply Disconnect; Waste Line Disconnect; Sink Removal; Tight Space Pre Assembly; Basket Strainer Installation; Strainer Seal Putty; Disposer Flange Assembly; Disposer Flange Sealing; Basket Strainer Rings; Disposer Screw Tightening; Sink Seating; Sink Level Check; Disposer Wire Nut; Faucet Connections; Basin Wrench Fittings; PVC Drain Dry Fit; PVC Drain Gluing; Sink Water Restoration,Basket strainer installation with plumbers putty @ 00:26; Garbage disposer flange assembly with batting rings and snap ring @ 00:50; Sink placement and alignment in cabinet opening @ 01:39; Using a basin wrench for faucet connections @ 02:12; Dry-fitting and gluing PVC drain lines @ 02:29,8
l7FWGTeYGXE.youtube,"Drinking Water from Thin Air: Solar-Dew Point Water Harvesting (Ask This Old House, Future House)","December 31, 2017","Phoenix, Arizona, USA (probable demonstration site)","This Old House’s Future House episode documents a Phoenix-based off-grid system that extracts drinking water from humid air using solar energy. The presenters explain dew-point concepts, the integration of a sponge-like material inside a dedicated panel, and how a combined solar photovoltaic and solar thermal setup raises the air’s dew point to condense water. The installation hub distributes water from an 8.5 gallon reservoir through a three-eighths inch line to the house (including a refrigerator), powered entirely by solar energy with a microprocessor-controlled system. A mineral block is added to improve taste, and the video discusses practical applications, approximate cost (a few thousand dollars), and yield (a few gallons per day), highlighting scenarios—from arid locales to developing regions—where self-contained, infrastructure-free water could be transformative. The segment culminates with notes on deployment in six countries and the potential for broader adoption as technology matures.",Dew Point; Air Moisture Condensation; Sponge Material; Solar PV Power; Solar Thermal Heating; Microprocessor Optimization; Roof Mounted Framing; Atmospheric Water Harvesting; Water Harvesting Tank; Water Line; Mineral Taste Block; Off Grid Water Generation; Water Yield Estimate; Arid Region Applications; International Deployment,Dew-point elevation inside moisture-absorbing panels using heated air from solar thermal panel @ 00:46:00; Integrated solar PV and solar thermal power for a self-contained condensation system @ 00:40:00; Hub-and-spoke water distribution architecture (two units feeding house) @ 02:56:00; Mineral block addition to drinking water for taste enhancement @ 04:18:00; On-roof mounting with redwood framing and base plate @ 03:12:00; Off-grid water generation with no utility power connection @ 02:27:00,7
lb0UgFisz1E.youtube,"Whole-House Ductless Heat Pump Installation: Inverter Tech, Zoning, and Attic Integration","August 17, 2018",,"This Old House demonstrates installing a ductless heat-pump system to heat and cool a home, explaining how ductless indoor units paired with a single outdoor condenser provide multi-zone comfort. The video covers how ductless systems transfer heat via a refrigerant loop, inverter technology for high efficiency in cold weather, the option to use a ducted ductless air handler, and the planning steps that precede installation (including a heat-load calculation). It also shows practical installation details such as mounting air handlers, running refrigerant line sets and condensate drains, creating four zones with individual thermostats, and elevating the outdoor unit above the snow line to ensure winter operation. A visualization using an infrared camera illustrates heat distribution in a historic electric radiant ceiling setup, framing the motivation for modern, efficient alternatives.",Ductless Heat Pump; Ductless Wall Unit; Outdoor Condenser; Refrigerant Line Sets; Branch Box; Ducted Air Handler; Air Handler; Whole-House Zoning; Wireless Thermostat Control; Inverter Technology; Heat Load Calculation; Supply and Return Ducts; Condensate Drain Coil; Quad Zoning Control; Outdoor Unit Snow Line; Infrared Heat Visualization; Heating Ductless Heat Pump; Efficient Heating Cooling,Infrared heat visualization to reveal radiant heat in ceiling cables @ 00:00:46; Inverter-based heat pump enabling efficient heating/cooling in cold weather @ 00:02:38; Ducted ductless air handler with quadrant zoning plan @ 00:04:16; Single outdoor condenser serving multiple indoor units with snow-line clearance @ 00:03:18; Wireless programmable thermostats for multi-zone control @ 00:06:02,5
mKLot_EgcJw.youtube,Vent a Clothes Dryer: Redirecting a Long Interior Duct to a Short Exterior Run,"January 27, 2019",Basement interior (under the dryer),"This Old House staff assess a dryer vent that runs a long, convoluted path through the basement and out through an exterior wall. They identify lint buildup risks from the maze of ducting and favor rerouting the vent to exit directly outside along the shortest possible path. The process covers drilling a through-wall hole in vinyl siding, installing a 4-inch galvanized elbow and duct, sealing joints with foil tape, and removing the old basement ductwork. The segment also notes the dryer’s lint filter location for ongoing maintenance and demonstrates finishing steps to ensure the new vent path reduces lint accumulation and improves venting efficiency.",Dryer Vent Cleaning; Vent Blockage Diagnosis; Long Duct Issues; Lint Trap Elbow; Shortest Path Venting; Exterior Vent Routing; Through Wall Vent; Vinyl Siding Drilling; Reverse Drilling Technique; Dryer Vent Hole Saw; Galvanized Elbow; Duct Length Measurement; Foil Tape; Vent Louver Termination; Vent Critter Cover; Basement Duct Removal; Dryer Lint Filter,Reverse drilling to start a hole in vinyl siding without chipping @ 00:03:41; Cutting through vinyl siding with a hole saw (4-1/8 inch) @ 00:03:46; Exterior vent termination with directional louvers and optional critter cover @ 00:04:42; Measuring and fitting galvanized duct to connect to an elbow @ 00:05:01; Sealing duct joints with foil tape (not duct tape) @ 00:05:27; Removing existing basement duct maze to simplify the vent path @ 00:06:25; Locating and inspecting the dryer lint filter for maintenance @ 00:06:58,4
nVdrZoiT98M.youtube,Hard Water Testing and Ion-Exchange Softening Demonstration (This Old House),"August 3, 2014",Bathroom,"The video introduces hard water symptoms in a house that relies on a town well, documents a hardness reading of 150 mg/L, and demonstrates a portable ion-exchange water softener. It explains the resin bead mechanism and sodium exchange, then compares hard and softened water with a soap test. The latter part outlines the recommended treatment train order (sediment filter first, then the water softener) and describes the salt-brine tank, regeneration, and basic maintenance (refilling salt) along with service contracts.",Hard Water Testing; Hard Water Threshold; Hardness Measurement; Water Hardness; Soap Test Demo; Ion Exchange Softening; Ion Exchange Beads; Sodium Exchange; Softened Water Traits; Sediment Filter Stage; Spun Cartridge Filter; Filtration Sequence; Softener Resin Tank; Brine Tank; Ion Exchange Regeneration; Electronic Control Board; Town Water Adaptation; Salt Refill Maintenance; Softener Service Contracts,Ion-exchange water softening (beads/resin) @ 00:01:26; Sodium exchange mechanism in resin beads @ 00:01:50; Soap test to compare hard vs softened water @ 00:02:30; Sediment filter first in home water treatment train @ 00:02:56; Salt brine tank and automatic regeneration concept @ 00:03:45; Maintenance practice: refilling salt and service contracts @ 00:04:00,4
nVom-6VROxo.youtube,"Soldering Copper Pipe for Beginners: Flux, Torch, and Finishing","May 18, 2018",,"This beginner-focused lesson from This Old House guides a first-time solderer through assembling a 3/4-inch copper pipe joint. The instructor demonstrates marking and cutting a 6-inch piece, securing it in a pipe cutter, and verifying alignment with a Sharpie. The tutorial then covers cleaning the cut ends with an emery cloth and a fitting brush, applying flux to the pipe exterior and inside the fittings, and inserting the tube fully into the fittings. After clamping the assembly, the teacher directs safety practices (safety glasses) and demonstrates heat application with a torch, waiting for flux to bubble, and applying solder to both sides so the solder wicks toward the joint. The process concludes with removing heat, cleaning the joint, and wiping away flux for a clean, leak-free connection, followed by closing remarks and a prompt to explore more videos.",Copper Pipe; Copper Supply Pipe; Pipe Cutter; Sharpie Cut Marking; Thumbscrew Tightening; Emery Cloth Deburring; Fitting Cleaning Brush; Flux Application; Fitting Cleaning; Copper Fluxing; Pipe Insertion Technique; Joint Clamping; Safety Glasses; Torch Heating; Flux Bubbling; Solder Application; Solder Wicking; Wipe and Finish; Joint Inspection; Leak Prevention,Cutting a 3/4 inch copper pipe with a hand pipe cutter @ 00:00:16; Marking the cut and aligning with a Sharpie @ 00:00:16; Snugging the cutter and performing the first revolution @ 00:00:41; Deburring and shining the cut end with emery cloth @ 00:01:25; Cleaning the inside of fittings with a fitting brush @ 01:41; Flux application on pipe exterior and inside fittings @ 00:02:34; Inserting pipe into fittings and bottoming @ 00:02:51; Torch heating and applying solder with flux bubbling @ 00:03:31; Solder wicking and draw to joint @ 00:04:58; Wiping and finishing the joint after soldering @ 00:05:14; Wearing safety glasses during soldering @ 00:03:26; Clamping the joint to stabilize during work @ 00:03:19,5
ntJNuEv5Mw0.youtube,Installing an Industrial Kitchen Faucet: Replacing an Old Faucet with a Benchmarked Industrial-Style Fixture,"September 3, 2018",Under kitchen sink (probable),"This Old House guides viewers through removing an older, leaky faucet and replacing it with a single-hole industrial-style faucet designed for a multi-hole sink. The episode covers initial assessment and style rationale, shutting off water supply, using a basin wrench to loosen hard-to-reach nuts, removing the old faucet, choosing a deck plate to cover extra faucet holes, routing and connecting supply lines through a tight shank, mounting the new faucet with rubber washer, metal gasket, and a mounting yoke, orienting the handle, and finally restoring water flow to test the fixture and demonstrate the spray modes.",Basin Wrench; Faucet Removal; Deck Plate Cover; Single-Hole Faucet; Soap Dispenser Integration; water shut-off valves; Hot Cold Supply Lines; Through Shank Routing; Threading Fittings; Rubber Washer; Metal Gasket; Mounting Yoke; Underside Mounting Screws; screwdriver tightening; Sink Deck Compression; Faucet Handle Orientation; Post-Install Water Test; Spray Mode Switching; Basin Wrench Technique; Faucet Leak Diagnosis,"Basin wrench used to loosen faucet nut in tight space @ 00:01:12; Deck plate to cover extra faucet holes on a multi-hole sink @ 00:01:58; Fish/guide supply lines through tight shank and align threads @ 00:02:26; Ensure straight threading to avoid cross-threading when connecting supply lines @ 00:02:37; Assemble rubber washer, metal gasket, and mounting yoke under sink; secure with screws @ 00:03:18; Adjust faucet orientation and handle alignment before final tightening @ 00:03:53; Test water flow and demonstrate spray modes (stream vs shower) after install @ 00:04:27; Lefty-loosey/righty-tighty principle referenced during removal/installation @ 00:01:23; Use of a deck plate to adapt a single-hole faucet to a multi-hole sink @ 00:01:58; Proper routing and securing of supply lines to avoid kinks/bends @ 00:02:12",9
oyq4gTWVRhA.youtube,Diagnosing and Fixing a Noisy Hydronic Baseboard: Shortening the Return Pipe to Allow Expansion,"December 23, 2018",Basement boiler area,"This Old House guides a homeowner through diagnosing and fixing a noisy hydronic baseboard heating system. The host explains how a closed-loop boiler system circulates 180°F water through copper baseboard fins, with a return line circulating back to the boiler. The team identifies that the noise stems from copper pipe expansion pushing a long return line against an exterior wall and deforming drywall. They isolate a single zone, drain the top-floor baseboard, and shorten the return pipe to allow room for expansion. Using an emery cloth to clean the pipe, a tight-spaces tubing cutter (Imp), flux, and careful reassembly, they realign the return with the supply line, refill the system, and verify that the baseboards operate quietly with no audible noise.",Hydronic Baseboard Heating; Closed Loop Boiler; Boiler Water Temperature; Circulator Pump; Supply Return Piping; Copper Expansion; Thermal Expansion; Hydronic Noise Diagnosis; Heating Zone Isolation; Hydronic Drain Down; Return Pipe Diagnosis; Cutting copper pipe tight spaces; Tubing Cutter; Pipe Preparation; Copper Joint Flux; Hydronic Line Alignment; Hydronic Bleeding; Quiet Operation Check,"Explain the layout and operation of a hydronic baseboard loop (boiler, pump, supply/return) @ 00:00:01; Diagnose expansion-induced noise as a mechanical issue in copper piping @ 02:59:00; Isolate a single heating zone to perform service @ 03:32:00; Shorten a return pipe to accommodate thermal expansion @ 03:16:00; Repair with precise cutting in tight spaces using an Imp tubing cutter @ 04:32:00; Prepare copper joint surfaces with emery cloth before joining @ 04:24:00; Apply flux to pipe and fittings prior to joining @ 04:52:00; Realign return in line with supply to restore expansion allowance @ 05:19:00; Refill and test the system to ensure quiet operation @ 05:15:00",5
p0t6yyKf-4s.youtube,How to Install a Whole-House Water Softener | Ask This Old House (Video Analysis),"January 28, 2016",Probable: New Jersey basement installation site (Pam's home),"The video demonstrates diagnosing hard water, testing its mineral content, and installing a whole-house water softener with an ion-exchange resin system. It explains how resin beads remove magnesium and calcium, how brine regeneration recharges the resin, and how to plumb the unit into the cold-water supply with a drain/air-gap, bypass, and valves. The host also covers layout considerations, connections (3/8 tubing and compression fittings), maintenance (salt checks and annual refills), and the anticipated benefits—cleaner dishes and clothes, and removal of staining—while noting the system’s metered regeneration feature and safety of softened water.",Hard Water Testing; Water Hardness Grains; Hardness Minerals; Ion Exchange Resin; Brine Regeneration; Brine Tank; Softener Control Head; Bypass Valve; Softener Inlet Plumbing; Copper Pipe Soldering; Water Softener Tubing; Compression Fitting; Air Gap Drain; Softener Drain Elbow; Hose Clamps; Water Meter Integration; Softener Salt Maintenance; Metered Regeneration; Softener Benefits; Softened Water Safety,Ion-exchange resin beads attract calcium and magnesium from water (hardness removal) @ 00:01:29; Brine regeneration recharges resin by passing salt solution through it @ 00:01:57; Air-gap drain connection to prevent contamination between potable water and sewage @ 00:03:54; Meter-based regeneration control inside the softener @ 00:04:29; Bypass valve configuration allows service without shutting off main supply @ 00:02:52; Soldering copper pipe and installing 3/8 inch tubing with compression fittings @ 00:03:01,5
pE3gD8P2_r4.youtube,How to Prevent Plumbing Sulfur Smells | Ask This Old House,"October 11, 2015",,"This Old House explains that sulfur odors in household water typically stem from hydrogen sulfide dissolved in groundwater. The discussion covers distinguishing odor sources (hot vs cold water, well water vs municipal supply), treating well water with filtration, and a key heater-maintenance fix: the sacrificial anode rod inside tank-type water heaters. Hydrogen sulfide attacks magnesium anodes, producing the rotten-egg smell, so replacing a magnesium anode with aluminum can dramatically reduce odors. The guidance also notes municipal water is usually treated and should not carry high hydrogen sulfide levels. The video emphasizes routine maintenance (anode replacement about every two years) and consulting a local well contractor for filtration options.”",Hydrogen Sulfide Water; Groundwater Chemistry; Well Water Comparison; Anode Rod; Anode Rods; Hydrogen Sulfide Corrosion; Anode Rod Replacement; Well Water Filtration; Odor Diagnosis; Sewer Gas Odor; Well Contractor Guidance; Municipal Water Treatment; Hydrogen Sulfide Safety; Odor Source Comparison,Diagnose odor source by hot vs cold water exposure and source of supply (well vs municipal) @ 00:01:00; Install or replace filtration at the well to reduce hydrogen sulfide @ 00:01:00; Replace magnesium sacrificial anode with aluminum to reduce H2S odors in tank-type water heaters @ 01:15:00; Inspect and replace sacrificial anode rod on water heater on a regular maintenance interval (approximately every two years) @ 01:50:00; Understanding hydrogen sulfide’s source in groundwater and its gas phase release @ 00:00:35,4
qnLMwkbU1V0.youtube,"How to Replace a Clogged Shower Valve: Cartridge Removal, Orientation, and Testing (This Old House)","November 7, 2015",Basement shut-off (not behind the valve plate),"This Old House walks through diagnosing and replacing a clogged shower valve cartridge in a residential bath. The host explains how a pressure-balancing cartridge manages hot and cold water to prevent scalding, identifies common clog sources (impurities and rust), and demonstrates removing the faceplate, locating and extracting the cartridge with its retainer clip, inspecting for debris, installing a new cartridge with proper orientation (H and C marks) and lubrication on O-rings, and finally testing the shower to confirm hot and cold operation. The video also notes that rust from the building’s water supply can contaminate the cartridge, and emphasizes exercising the piston every 2-3 months to avoid sticking. A brief discussion about shut-off valves behind the plate and the basement shut-off is included, highlighting maintenance considerations for multi-unit buildings.",Shower Valve Cartridge; Mixing Cartridge Anatomy; Pressure piston; Retainer Clip; Cartridge Extraction; Cartridge Inspection; Shower Cartridge Install; O Ring Grease; Cartridge Orientation Marks; Shower Valve Shutoff; Basement Water Shutoff; Service Drain Control; Steel Tank Sediment; Pressure Balance Piston; Hot Cold Pressure Testing,"Identify and diagnose a clogged pressure-balancing cartridge by inspecting the internal cartridge for impurities and rust. @ 00:04:07; Replace a shower valve cartridge with orientation marks (H and C) and lubricate O-rings with waterproof grease before reinstalling. @ 00:02:50; Test the rebuilt valve by validating hot and cold water flow after reassembly to confirm proper operation. @ 00:03:44; Use a retainer clip and careful shielding to prevent water or debris from entering the wall during cartridge removal. @ 00:02:01; Explain and demonstrate the role of the pressure-balancing piston in preventing scalding during pressure fluctuations (e.g., toilet flush). @ 00:00:59",6
qwaaL6cgvX0.youtube,Wrenches that Make Plumbing Easier | Ask This Old House,"June 6, 2018",Under-sink (kitchen) area,"The video surveys practical plumbing wrenches and fittings encountered when making the final faucet connections near fixtures. It foregrounds the basin wrench as the go-to tool for reaching tight nuts under the sink, and it introduces a lighted under-sink tool designed for visibility in those cramped spaces. The host contrasts older brass nuts with newer plastic wing nuts and demonstrates how a homeowner-friendly, multi-tool kit can cover most faucet connections. The segment also notes that three standard sizes handle the vast majority of situations while reminding viewers that pliers may still be needed occasionally, and cautions against over-tightening when plastics are involved.",Basin Wrench; Faucet Nut Tightening; Under Sink Access; Basin Wrench Jaw Geometry; Lighted Sink Tool; Toilet Vanity Connections; Wing Nut Comparison; Homeowner Faucet Hardware; Faucet Connector Kit; Faucet Shank Connections; Wrench Limitations; Faucet Connector Set; Basin Wrench Grip; Scratch-Free Tightening,Basin wrench for tight under-sink faucet nuts @ 00:33:00; Lighting-equipped tool for under-sink visibility @ 01:03:00; Versatile multi-tool for faucet connections (brass/plastic) @ 01:34:00; Three-size connector set covers 95% of common fittings @ 02:41:00; Plastic vs brass fasteners; grip and compatibility considerations @ 01:26:00,5
qylSbf0Szms.youtube,"Ducting an Old House: Hidden Oval Trunk Ducts, Sound Attenuators, and Aesthetic Concealment","June 13, 2025",Kitchen,"This Old House walks through retrofitting HVAC in a 200+ year-old residence with tight spaces and structural constraints. The crew identifies a hidden solution: an oval duct trunk tucked into a pantry to supply a upstairs zone, while ductwork and drains are concealed within walls to preserve historic spaces. They describe sound-attenuation components to quiet the system, a central return strategy, and a plan to finish metals unobtrusively—potentially painting and trimming attenuators to resemble old knot-work. The episode emphasizes a load-driven approach to sizing attenuators and outlets, along with practical tactics for running trunks under joists, hiding drains, and concealing mechanicals behind woodwork for a seamless aesthetic in a historic shell.",Hidden Trunk Duct; Hidden Duct Routing; Low Headroom Retrofit; Upstairs Duct Routing; Bathroom Drain Concealment; Hidden Trunk Routing; Cloth Core Attenuators; Return Duct Options; Duct Takeoffs Interlocks; Duct Tape Sealing; Duct Load Design; Duct Concealment Finishes; Sound Attenuator Concealment; Historic Retrofit Sequencing,Hidden oval trunk duct in pantry (supply) @ 00:00:53; Sound attenuators with cloth-core (quiet HVAC) @ 00:01:40; Main trunk takeoffs with interlocks and tape sealing @ 00:02:07; Load-based design guideline: 1 attenuator per 10x12 @ 00:02:26; Aesthetic concealment: trim boards and paint attenuator to resemble knot-work @ 00:02:45,8
rVpbmHl9Mpc.youtube,"Diagnosing Sewer Gas, Vent Blockage, and Sagging Main Drain with Camera Inspection in a 60-Year-Old Home","May 14, 2017",Behind the bathroom → main drain/vent stack area,"This Old House follows a diagnostic workflow for a bathroom that smells like sewer gas and exhibits abnormal water movement when fixtures upstream are used. A camera is run down the vent and then through a disguised main drain to assess the line. Observations reveal water in the drain where it should be dry, a possible house trap (rat trap) under the floor, and a pipe path that unexpectedly angles downward. Using a camera locator, the team pinpoints the location of the camera head and depth, then performs a water-level test to determine whether there is a restriction. The analysis leads to a sagged main drain with an aging cast-iron/lead joint system, suggesting the need to open the floor, replace the main line, remodel the bathroom, and address venting to prevent future sewer-gas issues.",Sewer Smell Diagnosis; Venting System; Toilet Water Level Change; DWV System; Cleanout Access; Main Drain Camera; House Trap Diagnosis; Lead Joint Pipe; Historic Sand Fill; Camera Drain Inspection; Drain Camera Locator; Drain Water Clue; Drain Vent Mockup; Wet Vent Concept; Vent and Drain Layout,Camera inspection of vent and main drain progression @ 00:01:53; Observation of water presence in a drain line as diagnostic clue @ 00:02:03; Use of a drain camera locator to locate camera head and depth @ 00:05:22; PVC mockup to illustrate house trap and venting constraints @ 00:03:50; Toilet flush water-level test to assess obstruction vs. obstruction-free flow @ 00:06:37; Analytical reasoning about sag in old cast-iron joints and sand support @ 00:08:18,7
r_43osKtKr8.youtube,How to Install a Garbage Disposal | This Old House (Step-by-step under-sink installation),"August 27, 2013",Under the sink,"This Old House demonstrates the installation of a garbage disposal, focusing on safety, teardown of the existing setup, gasket preparation, electrical wiring with grounding considerations, and the final mounting of the unit. The presenters verify power is off with a tester, remove the electrical conduit and armor, drop the disposal, disassemble the top coupling, apply a plumber’s putty gasket, and reassemble in reverse order. They then fish wires, connect hot and neutral conductors, secure the unit to the sink with a locking ring, and complete the tailpiece/flange assembly, emphasizing correct grounding and vibration-free mounting.",Electrical Safety Shutdown; Tester Verification; Disposal Cover Removal; Armored Cable Grounding; Disposer Teardown; Disposer Bolt Removal; Lock Ring Removal; Plumber's Putty Gasket; Disposal Gasket Seating; Reverse Assembly Order; Under Sink Wiring; HVAC Wiring Colors; Appliance Wiring Connections; Vibration Proof Locking Ring; Disposal Tailpiece Install,"Electrical isolation and verification with a voltage tester @ 00:00:32; Disposer removal using bolts, gasket, and locking ring @ 00:01:01; Sink mounting with plumber's putty gasket @ 00:02:04; Wiring connections and color-code guidance (white-to-white, blue/black hot) @ 00:02:55; Locking ring snugging and vibration prevention @ 00:03:52",5
riDY_Juwqr4.youtube,How to Install a New Kitchen Faucet | Ask This Old House,"May 23, 2018",probable kitchen sink area,"This video walks through upgrading a four-hole kitchen sink setup to a modern single-hole faucet with a deck plate and a soap dispenser. It covers selecting a faucet with an integrated pull-down spray, choosing a deck plate to cover extra holes, and mounting the faucet with a gasket, plumber’s putty, and an underside washer. The guide also covers securing the faucet with screws, weight-adding for the pull-down spray hose, connecting hot and cold water with compression fittings, installing the soap dispenser, verifying new shutoffs, and testing water and soap output before wrapping up.",Four-Hole Sink Setup; Old Faucet Layout; Pull-Down Kitchen Faucet; Three Hole Deck Plate; Soap Dispenser Hole; Faucet Mounting Posts; Faucet Mounting Order; Faucet Gasket Placement; Deck Plate Clearance; Leak-Prevention Putty; Plumber's Putty Spread; Gasket Washer Positioning; Faucet Tightening; Pull-Down Hose Weight; Retractable Hose Mechanism; Compression Supply Connections; Soap Dispenser Install; Sink Shutoffs; Faucet Soap Dispenser Test,Integrated pull-down spray faucet design (single-hole) @ 00:00:24; Deck plate to cover three sink holes @ 00:00:33; Gasket placement and mounting sequence @ 00:01:03; Under-sink washer and screws to secure faucet @ 00:01:41; Plumber's putty applied to base for seal @ 00:01:27; Weight on spray hose to ensure retraction @ 00:02:49; Compression fittings for hot and cold water @ 00:03:02; Soap dispenser installation in remaining hole @ 00:03:11; Functional test of faucet and soap dispenser @ 00:03:21,6
rijY5LeotMs.youtube,"Install a Towel Warmer: Piping, Mounting, and Refill","August 27, 2013",,"This Old House demonstrates converting an existing convector to a towel warmer by draining the system, rerouting copper supply and return lines under the floor, dry-fitting and soldering new piping, and mounting a wall-hung radiator with concealed trim. The process covers center-to-center measurement (18 inches), determining radiator height, using chrome nipples and flanges to integrate trim with tile, mounting with wall anchors and toggle bolts where studs are absent, and finally refilling the heating system to restore service.",Drain Heating; Convector Removal; Supply Line Cutting; Copper Recip Saw; Floor Excavation Reroute; Dry Fit Piping; solder copper pipes; Center Spacing; Radiator Height; Chrome Nipples Flanges; Refrigerator Adapter Fitting; Subfloor Flush Install; Pipe Clips; Wall Mount Base Units; Mounting Hole Layout; Toggle Bolt Mounting; Towel Warmer Hangers; Radiator Docking; Heating System Refill,"Soldering copper pipes after dry-fitting @ 00:01:26; Center-to-center spacing planning for radiator (18 inches) @ 00:01:30; Concealing piping with chrome nipples, flanges, and subfloor flush adapters @ 00:01:41; Mounting on studless wall using toggle bolts and hanger bases @ 00:02:54; Mounting the towel warmer into hanger bases and final snug @ 00:03:27; Refilling and returning system to service @ 00:03:50",5
slhlD0DOVeY.youtube,"Roughing Plumbing for a New Bathroom: Drain Routing, Wall Relocation, and Joist Reinforcement","August 6, 2025",Probable second-floor bathroom rough-in area (over a first-floor space beneath),"This Old House staff walkthrough demonstrates rough-in plumbing for a new bathroom in a wood-frame house, focusing on layout constraints and practical fixes. The crew explains tub, vanity, and toilet positions, and shows how relocating the toilet drain by building a short wall can place the rough-in correctly without drilling through multiple joists. They compare wood-frame versus poured-concrete floors for drain routing, discuss required clearances (such as keeping a 12–13 inch rough-in from the finished wall for a toilet), and describe structural reinforcement—sistering joists with 3/4 plywood and using glue and nails. The segment emphasizes planning and measurements to avoid notching or excessive bore holes while maintaining proper pitch and clearance, culminating in a plan to drill safely after reinforcement.",Bathroom Rough-In Layout; Toilet Rough-In Distance; DWV Routing; Tub Drain Alignment; Vanity Drain Routing; Drain Relocation; Joist Boring Pitch; Joist Preservation Limits; Notching Restrictions; Drain Hole Coordination; Joist Reinforcement; Joist Reinforcement Glue; Remodel Coordination,"Relocating the toilet rough-in by building a wall to shift the drain path @ 00:01:08; Plan drainage path to minimize joist drilling and route tub/vanity drains toward main stack @ 00:01:52; Maintain structural limits when boring: preserve minimum top/bottom joist material (1-3/4 inches) @ 00:02:58; Drill planning for a 4-inch hole while accounting for pitch and multiple joists @ 00:02:58; Sistering joists with 3/4-inch plywood on both sides, glued and nailed @ 00:03:48",4
tatkojgzc80.youtube,Installing a Toilet Below Grade with a Macerator (This Old House),"November 26, 2014",,"This Old House demonstrates installing a toilet below grade using a macerator unit integrated with a lavatory drain. The video contrasts a standard siphon-jet toilet with a P-trap-like discharge design that pushes waste through a small 3/4-inch line to the house drainage, aided by a macerator grinder and an automatic sensor. It covers routing the discharge up a wall to a vent stack, priming and cementing PVC joints, and securing the unit to the subfloor without a traditional closet flange using brass lag screws. The demonstration also shows connecting the porcelain outlet to the macerator with a rubber gasket and stainless clamps, tying in the lav drain to the reservoir, venting, and finishing with a water-supply hookup and test.",Macerator Unit; P-Trap Toilet Comparison; Macerator Discharge Pipe; Macerator Reservoir; Macerator Lavatory Drain; Macerator Shower Routing; PVC Primer Cement; Breeze Clamp; Macerator Discharge Adapter; Vent Stack Connection; No Closet Flange; Subfloor Lag Screws; Pre Drilling Layout; Accordion Gasket; Porcelain Outlet Connection; Discharge Clamps; Toilet Supply Hookup; Toilet Tank Testing,Install the macerator unit behind the toilet and describe how it replaces a traditional discharge path @ 00:00:33; Route a 3/4 inch macerated discharge up the wall and plan vent integration @ 00:01:20; Prime and cement PVC connections inside the wall for waste and vent paths @ 00:01:31; Secure a toilet without a closet flange using brass lag screws into the subfloor @ 00:02:44; Connect porcelain outlet to the macerator with a rubber accordion gasket and stainless clamps @ 00:03:05; Reconnect the water supply and perform a tank fill test @ 00:03:23,5
ucZRoR9UiE8.youtube,Automatic Whole-House Water Leak Prevention: Wireless Sensor Network and Main Shutoff,"October 22, 2017",near water heater,"This Old House demonstrates an automatic leak-prevention system centered on a master emergency shutoff installed at the water main. A full-port ball valve closes the main line in response to detected moisture, stopping water flow to the entire house. Detection is modernized with a wireless network: a single wired connection from the valve to a hub and an RF/wifi-based array of puck sensors that can be placed around the home (near water heater, boiler, behind appliances, under sinks, etc.). When moisture is detected, a red alarm indicator pins the location of the triggered sensor, and the system shuts off water automatically; a manual override and reset are provided. Additional protection includes a low-temperature alarm suitable for basements to prevent freezing. The video emphasizes multiple common leak points (hoses, appliances) and positions sensors to cover those risk areas as an ounce of prevention against catastrophic water damage.",Auto Shutoff Valve; Main Leak Shutoff; Full-Port Shutoff Valve; Wireless Leak Network; Leak Sensor Hub; Wireless Leak Sensors; Sensor Placement Strategy; Near-Point Placement; Leak Alarm Reset; Manual Override; Low Temperature Alarm; Home Flood Risk Points; Water Damage Prevention; Leak Detection Timing; Leak Event Demo; Auto Shutoff Maintenance; Second Floor Wiring; Freeze Risk Mitigation; Main Flow Control; Toilet Sensor Placement,Automatic shutoff at water main using a full-port ball valve @ 00:00:32; Wireless sensor network with hub and puck sensors @ 00:01:00; Alarm signaling and sensor-localization of fault location (red flash indicator) @ 00:01:46; Manual override and reset capability for automatic shutoff systems @ 00:02:16; Low-temperature basement alarm for freeze protection @ 00:02:32,3
uxwrKd1CpA4.youtube,Replace a Bathtub Drum Trap with PVC P-Trap (This Old House),"November 29, 2014",,"This Old House demonstrates replacing an aging bathtub drum trap with a modern PVC P-trap. The speaker explains that the trap provides a water seal to prevent sewer gas from entering the tub, introduces the self-scouring feature of the P-trap, and walks through removing the old trap, disconnecting the threaded adapter, selecting appropriate adapters, and sealing old-work joints with pipe dope and wick. The process includes dry-fitting, taking a measurement to cut, deburring, cleaning, and gluing the PVC joints, while marking alignment witness marks to ensure the correct angles. The lesson emphasizes careful preparation and fit before final assembly, with practical notes on tools and joint sealing techniques.",Water Seal; Drum Trap; P-Trap Plumbing; Trap Replacement; Self Scouring Trap; PVC Trap Replacement; Refrigerator Adapter Fitting; Adapter Compatibility; Pipe Dope; Thread Seal Wicking; Teflon Tape; Pipe Deburring; Dry Fit; Witness Marking; PVC Joint Alignment; PVC Joint Gluing; PVC Elbow; Pipe Clip; Threaded Adapter Removal; Pliers Technique,Replace bathtub drum trap with PVC P-trap @ 00:00:29; Explain self-scouring P-trap and water seal @ 00:00:32; Remove threaded adapter with wrench and pliers @ 00:01:14; Use pipe dope with wick for old-work connections @ 00:01:49; Apply single-strand wick to seal threads @ 00:02:01; Dry-fit and measure before cutting @ 00:02:29; Deburr cut ends before assembly @ 00:02:49; Mark witness lines for alignment before gluing @ 00:03:21; Glue PVC joints with alignment lines @ 00:03:30; Handle last joint by gluing two pieces simultaneously @ 00:03:53,7
vppittbHByg.youtube,Coffered Ceiling and Box-Beam Strategy to Conceal Plumbing in a Second-Floor Renovation,"March 14, 2026",Second-floor project area (probable),"This Old House frames a complex upstairs plumbing installation within a renovation, where traditional routing is blocked by steel beams. The crew leverages architectural coffers and box-beam chases to conceal pipe runs for a shower, tub, and toilet, routing drops down to the basement through vertical and horizontal coffers. They plan multiple coffers and even drillFloor joists to create additional chases, illustrating how ceiling design (coffer ceilings) can influence plumbing layouts in a tight, beam-conflicted space. The segment also touches on design credit for the coffers and wraps with a channel CTA.",Coffered Ceiling Concealment; Box Beam Concealment; Pipe Concealment; Toilet Drain Routing; Floor Joist Drilling; Pipe Chase; Shower Drain Routing; Tub Drain Routing; Basement Drain Routing; Beam Interference; Upstairs Layout Planning,Coffered ceiling to conceal plumbing @ 00:01:23.080; Box beams as pipe chase within coffers @ 00:01:30.040; Drilling floor joists to create additional coffers for routing @ 00:02:12.440,6
weDLgHiSiCw.youtube,"Diagnosing a Gurgling Toilet: Venting, S-Traps, and Mechanical Vent Solutions","January 28, 2018",Under the sink / vanity area (probable),"This Old House’s Ask This Old House segment analyzes a gurgling sound heard during a toilet flush as a venting problem in the drainage system. The host explains that an unvented toilet allows air to be drawn behind the water slug, causing the gurgle, and identifies a physically obstructive under-sink configuration (an S-trap) as a code-violating setup that can siphon and allow sewer gas to enter the home. The discussion covers vent concepts including wet vents and how air should travel to the main drain, then presents corrective routes such as adding a proper vent (potentially a mechanical vent) and routing vent piping outside and back into the building. The host emphasizes that proper venting prevents vacuum formation when water leaves the fixture and demonstrates how a correctly vented system should behave when flushed.",Toilet Venting; Gurgling Toilet Diagnosis; Wet Vent; S Trap Issues; P-Trap Plumbing; Trap Siphon; Sewer Gas Risk; Mechanical Vent; Vent Installation; Vanity Flood Level; Drainage Path; Sink Vent Path; S Trap Connection; Vent Routing; Vent Tee Extension; Drainage Air Ingress; Plumbing Code Violations; Lavatory Venting; Drain Vacuum Effects,"Identify venting deficiency from gurgling toilet signal @ 00:00:20; Diagnose S-trap under sink as illegal and dangerous @ 00:01:16; Explain wet vent function and connection to main drain @ 00:02:00; Propose mechanical vent as a fix option, including outdoor vent routing @ 00:02:34; Describe correct venting path with a vent to the top of the building's system @ 00:02:07",5
wpKYS1Yst4k.youtube,How to Prevent Sink Clogs,"March 28, 2026",kitchen sink,"This video explains the common causes of sink clogs and practical prevention strategies. It starts with the plumbing trap under a kitchen sink and the water seal that keeps sewer gases out, illustrating how solids, like jewelry or hair, can get trapped. The narration emphasizes grease as a major culprit that can re-coagulate in long horizontal runs, especially in older galvanized or cast-iron piping, and recommends saving grease for disposal instead of pouring it down the drain. A grease demonstration shows how liquid grease cools and layers over time, gradually closing off the pipe. Hair and the sink’s pop-up stopper and strainer are highlighted as frequent clog points, with suggestions to use removable strainers and a shower hair catcher. The video then compares harsh chemical cleaners (lye) with safer organic options—baking soda plus vinegar and enzyme-based cleaners—and cautions about pipe damage from caustics, advocating prevention and safer methods over aggressive chemicals.",P-Trap Plumbing; Water Seal; Trap Maintenance; Grease Disposal; Grease Coagulation; PVC Pipe; Galvanized Steel; Cast Iron Pipe; Pop-Up Drain; Sink Strainer; Hair in Drains; Shower Hair Catcher; Drain Cleaner Risks; Caustic Cleaner Risks; Organic Drain Cleaners; Enzyme Drain Cleaners; Grease Prevention; Drain Maintenance,"Grease coagulation demonstration in cold pipe, showing layered buildup leading to a stoppage @ 00:01:33; Hair and debris management using pop-up drain and removable strainer @ 00:02:50; Chemical drain cleaning with sodium hydroxide (lye) and cautions about heat and pipe damage @ 00:04:29; Organic drain cleaning with baking soda and vinegar as a non-caustic option @ 00:05:29; Enzyme-based cleaners that digest organic matter over time @ 00:05:35",4
x5Vw9P3x5i8.youtube,Do Plumbers Need A License? A Practical Look at Plumbing Licensing,"March 21, 2019","Long Island, New York","This interview-heavy segment examines whether plumbers require licenses and contrasts licensing expectations across regions. The guest discusses a Long Island pathway that involves seven years of work under a licensed master plumber (with no standalone LI license), cites Massachusetts as having a formal apprentice-to-journeyman-to-master ladder (three years of apprenticeship plus 300 hours of schooling), and frames licensure within broader calls to strengthen the skilled trades workforce. The conversation also emphasizes the public-health role of licensed plumbers and ends with a pro-trades career message encouraging youth away from a purely college-centric path.",HomeServe Sponsorship; Plumbing License Rules; Long Island Licensing; Plumber Apprenticeship; Plumbing Licensing; Plumber Licensing Rules; Massachusetts Apprenticeship; Plumbing Workforce Crisis; Generation Next; Trades Career Advice; Plumbing Licensing Ethics; Plumbing License Motto,Expert interview with practicing plumber about licensure @ 00:00:05; Regional licensure comparison (Long Island vs Massachusetts) @ 00:00:49; Career advocacy for skilled trades and Generation Next @ 00:01:10; Linking licensure to public health and societal responsibility @ 00:02:21,4
yGgx_UFQIfw.youtube,PVC Drain-Waste-Vent Layout and Glue in a Master Bathroom (This Old House),"March 11, 2020",Master bathroom (upstairs),"This Old House demonstrates planning and installing a PVC drain-waste-vent (DWV) run in a master bathroom. The host outlines typical pipe sizes by fixture (3"" for the toilet, 2"" for the shower, 1.5"" for the lav/vent) and reviews a range of fittings and angles (90° and 45° elbows, plus 60° and 22° variants; street side/male-to-female adapters for tight spaces). The video covers layout considerations, including drilling holes upstairs, dry-fitting with hangers, and ensuring proper pitch. It then covers joint preparation with cleaner and cement, marking witness lines, and performing a quick-set cementing process (five seconds) to ensure solid, drip-free connections for the tub, toilet, lavatory, and shower later in the project.",DWV Basics; Three Inch Drain; Two Inch Shower Drain; Lavatory Drain Vent; Vent Piping; PVC 90 Elbows; PVC 45 Elbows; Drain Elbow Angles; DWV Fitting Variations; DWV Tee Fittings; Drain Cleanouts Access; Tight Space Fittings; PVC Glue and Cleaner; Dry Fit Before Gluing; Joint Witness Marks; Hole Drilling Layout; Drain Pitch Hangers; Five-Second Cement; Bonding Drip Control,"DWV pipe sizing by fixture type (toilet 3"", shower 2"", lav/vent 1.5"") @ 00:00:32.640; Elbow fittings and common angles (90°, 45°) @ 00:01:00.879; Alternative fittings for tight spaces (street side / male-to-female) @ 00:01:34.400; T-fitting use for traps and lav drain transitions @ 00:01:47.600; Cleanouts and access for drains @ 00:01:53.920; Dry-fit, witness marks, and cleaning before glue @ 00:03:00.159; Gluing technique with five-second set and no-drip timing @ 00:03:40.640",4
yY3TN_O2pxg.youtube,"Installing a Dishwasher: Plumbing, Tailpiece, and Electrical Hookup (This Old House)","August 17, 2014",basement,"This instructional video guides a hands-on installation of a dishwasher, focusing on plumbing and electrical connections. The host demonstrates upgrading the hot-water supply with a dual-branch shut-off valve, performing copper-pipe compression fittings with ferrules, replacing the sink tailpiece with a dishwasher-tailpiece, and routing a stainless braided supply line. The segment also covers an electrical hookup via a polarized appliance plug, including how to identify hot and neutral, and ends with securing the unit, leveling, leak testing, and powering it up to verify operation. The steps combine practical carpentry, basic plumbing cartridges, and electrical safety checks typical of in-kitchen appliance installs.",Dual Outlet Shutoff Valve; Dishwasher Hot Water Supply; Compression Fitting; Ferrule Nut Fittings; Copper Pipe; Dishwasher Supply Hose; Braided Supply Line; Dishwasher Tailpiece; Dishwasher Tailpiece Gasket; Dishwasher Tailpiece Seal; Bottom Nut Gasket; Thread Tape Prep; Elbow Adapter; Polarized Appliance Plug; Hot Neutral Identification; Appliance Grounding; Water-line Water Routing; Dishwasher Mounting; Connection Leak Testing; Junction Box; Safe Dishwasher High Loop; Back Siphon Prevention; Basement Plumbing Access; Dishwasher Hookup Context,Install a dual-branch hot-water shut-off valve to feed both sink and dishwasher @ 00:00:16; Compression fitting with ferrule on copper pipe; reuse existing ferrule/nut when applicable @ 00:00:39; Replace kitchen sink tailpiece with dishwasher-tailpiece; install top gasket and bottom nut with integrated gasket @ 00:02:08; Identify hot/neutral in a polarized appliance plug by locating smooth vs ribbed sides @ 00:04:29; Route water line under the narrow groove and secure at cabinet level to prevent backflow @ 00:04:59; Test for leaks after reconnecting water supply and restore power; power-on test with dishwasher @ 00:05:39,7
ylX2gfggu_o.youtube,"Gas Venting Improvements: PVC Gas-Vent Rating, Fittings, and Safety (This Old House)","January 10, 2020",Basement (home utility area),"This Old House presenter explains how venting of gas appliances evolved from galvanized smoke pipe venting up a chimney to newer practices that vent exhaust horizontally to the outdoors. He explains that higher appliance efficiency lowers flue gas temperature and lift, which made galvanized pipe unsuitable, prompting a shift to venting materials like PVC; however, plain drain-waste-vent PVC is not rated for venting hot gases and can suffer thermal aging, discoloration, brittleness, and even leaks that release carbon monoxide. The standard now requires gas-vent rated PVC, with both pipe and fittings from the same manufacturer to ensure airtight joints. Visible signs of failure (discoloration or brittle, expanding/contracting sections) warrant professional inspection, and a working CO detector is advised as inexpensive safety insurance.",Gas Venting Basics; Flue Gas Safety; Venting Comparison; Appliance Venting Efficiency; PVC Vent Rating; PVC Brittleness; Vent Pipe Degradation; Carbon Monoxide Risk; Gas Vent PVC Rating; Matching Pipe Fittings; Gas Vent Joints; Basement Inspection Cues; CO Detector Safety; Unsafe Venting Assessment,Identify pipe as gas-vent rated PVC with explicit labeling @ 00:02:03; Require same-manufacturer pipe and fittings for airtight joints @ 00:02:16; Avoid standard DWV PVC for venting due to temperature limitations and brittleness @ 00:01:15; Visual assessment of vent health: discoloration and brittle sections as failure indicators @ 00:01:25; Use CO detector as safety precaution when venting systems are in question @ 00:02:46,5
z0ydjY_sALc.youtube,Replacing a Main Shutoff Valve: Curb Stop to Ball Valve and Soldered Joint,"December 9, 2018",Indoor fixture shutoffs (under sinks and toilets),"This instructional video demonstrates replacing a malfunctioning main shutoff valve by first acknowledging an exterior curb stop at the street-front, coordinating with the local water department to shut/reopen service, and then installing a modern ball valve. The presenter explains the external curb-cap access, introduces the ball valve with its directional flow, and shows copper-pipe prep with flux, a tight-space cutting tool, and a soldering technique to create a watertight joint. After installation, the water is restored and tested to verify proper operation.",Main Shutoff Valves; Curb Stop Location; Curb Box Access; Frost Line Depth; Full-Port Ball Valve; Copper Pipe Cutting; Copper Flux Prep; Flux Soldering Technique; Water Meter Clearance; Drain and Purge; Water Department Reactivation; Main Shutoff Testing,"Access curb stop via curb cap and curb box with a specialized wrench @ 00:01:14; Install a modern ball valve on the main supply and explain its operation (directional flow, full-port when open) @ 00:01:56; Prepare copper pipe for a soldered joint: clean, flux, heat, and apply solder for a watertight seal @ 00:03:43; Drain and purge the system to allow safe soldering of the new joint (venting and water removal from the line) @ 00:03:03; Post-installation test: restore water, open fixtures, and verify lack of leaks @ 00:04:14",3
zCTAW2qQar4.youtube,"Replacing Kitchen Countertops: Digital Template, Silicone Bonding, and Appliance Hookups (This Old House)","January 1, 2015",,"This Old House walks through a small kitchen remodel focused on countertop replacement and appliance reinstallation. The crew begins by removing the old stove and disconnecting water, drain, and electrical lines to clear the workspace. They contrast a traditional countertop templating method with a digital system that uses taped templates and CAD-based measurement to achieve precise dimensions. The new solid-surface countertops are installed with silicone to allow thermal expansion, secured with pony clamps and a vacuum clamp system for a tight, level seam, and paired with a matching three-piece backsplash. The video then covers reconnecting the water supply and drain, installing the disposal and hood fan (including hard-wiring), wiring the dishwasher (water, drain, and electrical connections), and finally mounting and testing the electric range.",Appliance Removal; Water Supply Shutoff; Drain Shutoff; Electrical Disconnect; Countertop Removal; Cabinet Painting Plan; Countertop Templating; Plywood Template; Digital Countertop Templating; Counter Template Layout; Digital Template Photography; CAD Dimensional Capture; Template Accuracy; Solid Surface Countertop; Countertop Color Selection; Countertop Silicone Bonding; Expansion and Contraction; Seam Alignment Clamps; Vacuum Clamp Seam Pulling; Epoxy Seam Management; Matching Backsplash; Hot Supply Reconnect; Cold Supply Reconnect; Garbage Disposal Hookup; Range Hood Hardwiring; Dishwasher Supply Hookup; Dishwasher Pump Connection; Dishwasher Wire Nuts; Range Plug Testing,"Digital countertop templating using tape, photography, and CAD-based measurements @ 01:04:00; Solid-surface countertop installation with silicone bonding to allow expansion @ 01:45:00; Seam alignment using pony clamps @ 01:59:00; Vacuum clamp system to pull and level countertop seams @ 02:12:00; Matching backsplash material to countertop @ 02:28:00; Dishwasher connections: copper water supply with compression nut and ferrule @ 03:17:00; Dishwasher drain connection to discharge pump with a stainless clamp @ 03:30:00; Electrical connections for dishwasher using wire nuts @ 03:42:00; Hard-wired hood fan installation mounted under cabinet @ 03:03:00; Final electric range plug-in and functional test @ 04:01:00",4
zDY2MCQZRic.youtube,"Repairing a 1960s Three-Handle Shower Valve: Seats, Stems, Diverter, and Trim","April 22, 2018",,"This This Old House segment guides a homeowner through diagnosing and repairing a three-handle shower valve from a 1960s-era bathroom. The host explains the three-valve anatomy (hot and cold stems, a diverter, and a valve body behind the wall), demonstrates disassembly (removing escutcheons, extracting stems with tub sockets, and inspecting the diverter), and compares original parts to a modern replacement kit. The video emphasizes sourcing the correct parts, the importance of bonnet packing and gaskets to prevent leaks into the wall, and careful reassembly with properly aligned trim and labeled hot/cold handles. It also notes that three-valve configurations are less common today and discusses upgrading to a modern, pressure-balanced valve for safety. The closing tips cover locating parts via manufacturer markings, using a parts kit, and the value of a trim plate when upgrading the wall installation.",Three Valve Shower Valve; Water Lines; Diverter Function; Escutcheon Removal; Stem Removal Sockets; Stem Seat Repair; Bonnet Packing; Valve Replacement Planning; Shower Valve Parts Kit; Spline Compatibility; Trim Escutcheon Alignment; Hot Cold Labels; Pressure Balanced Valve; Trim Plate Upgrade,"Explaining three-valve valve anatomy and diverter function @ 00:00:28; Using tub sockets to remove valve stems @ 00:02:56; Assessing stem compatibility and spline differences @ 00:04:50; Replacing valve seats with specialized seat wrench @ 00:06:34; Tightening bonnet packing and adjusting bonnet gasket @ 00:08:05; Sourcing parts via manufacturer name, bubble-pack kits, and specialty wholesalers @ 00:09:18; Safety and upgrade note: three-valve obsolescence and move to pressure-balanced valves @ 00:11:10; Tile-wall trim adapter and plate upgrade for flush installation @ 00:11:32",7
zMH61Yabdj0.youtube,"Faucet Repair Fundamentals: Handle Removal, Washer/Seat Inspection, and Seal Repair","August 22, 2014",,"This Old House presents a hands-on guide to repairing a leaking faucet, starting with how to remove the handle (including hidden screws and the use of a handle puller for stubborn fittings), then distinguishing between modern cartridge-based faucets and traditional stem-and-washer designs. The video proceeds to inspect the bottom washer and the associated screw, highlighting wear and the risk of stripping a screw head. For older valves, it demonstrates removing and inspecting the valve seat, and discusses options to restore a tight seal—ranging from replacing washers and ends to using a seat wrench, grinding or reaming the seat, or replacing the seat itself—and emphasizes that a proper seal hinges on mating flat surfaces between the washer and the seat.",Faucet Handle Removal; Hidden Button Screws; Faucet Handle Puller; Vintage Faucet Identification; Modern Cartridge Replacement; Washer Stem Repair; Bottom Washer Inspection; Screw Head Integrity; Phillips Head Care; Stem Wear Inspection; Washer Replacement; Seat Wrench Removal; Seat Wear Inspection; Seat Grinding Reaming; Seat Replacement; Washer Seat Sealing,Use of a handle puller to remove a stubborn faucet handle @ 00:00:37; Identifying faucet type (cartridge vs stem) and planning replacement path @ 01:04:00; End modification on stem with retainer ring to restore a seal @ 02:52:00; Seat removal with a seat wrench and evaluation for pitting/cracking @ 03:24:00; Achieving a tight seal by mating flat washer and seat surfaces @ 04:24:00,3
zZa3SRQ568A.youtube,Self-Rim Kitchen Sink Installation with Disposer Replacement (This Old House),"August 27, 2013",kitchen,"This This Old House guide walks through replacing a kitchen sink with a self-rimming (top-mount) sink, detailing the considerations that precede installation (undercounter vs. self-rim), removing the old sink and disposal, fitting the new sink, and then installing and connecting the disposer, dishwasher knockout, faucet supply lines, and PVC drain piping. The program emphasizes preassembly up top, proper sealing with plumber’s putty and caulk, alignment checks to ensure the sink sits square, and a final test run including spraying with a hose. Throughout, it notes potential complications such as drain misalignment requiring piping changes and the need to reassemble disposer components before tightening.",Sink Mounting Types; Self Rimming Sink; Undercounter Sink; Basket Strainer Installation; Plumber Putty; Caulk Application; Disposer Installation; Disposer Hardware; Dishwasher Knockout; Disposer Wiring; Faucet Supply Lines; PVC Drain Assembly; P-Trap Alignment; Sink Squareness Check; Spray Hose Connection; Water Test,"Self-rim sink installation with top-edge sealing @ 00:00:33; Basket strainer installation using plumber’s putty @ 00:01:57; Garbage disposer replacement with flange, rings, and snap ring @ 00:02:32; Electrical connections for disposer (wire nut) @ 00:03:44; Dishwasher knock-out creation and drain hookup prep @ 00:04:02; Dry-fit and glue for new PVC drain/water lines @ 00:04:15; Final water test and spray hose check @ 00:04:26",7
z_YGXXmBFV8.youtube,"Prevent Household Plumbing Leaks: Under-Sink Checks, Washer Pan, Hose Maintenance, and Pipe Insulation","September 5, 2014",Finished second-floor laundry room,"This Old House presents practical steps to prevent household plumbing leaks by teaching how to inspect common leak points under sinks and around appliances, mitigate washer-related flood risk with a plumbed catch pan and optional shut-off devices, recognize and prevent hose failures, and winterize exposed pipes with insulation. The host demonstrates visual leak indicators (moisture, bubbling, discoloration), discusses the limitations of catch pans, and covers proactive maintenance like hose replacement and installing moisture-sensing or manual shut-off solutions. The segment concludes with insulation techniques for unheated spaces to reduce freezing and subsequent bursting.",Drain Seal Inspection; Leak Detection at Connections; Leak History Indicators; Supply Line Identification; Appliance Moisture Check; Laundry Leak Risk; Washer Pan Install; Washer Pan Drain; Burst Hose Failure; Hose Replacement Schedule; Hose Shutoff Valve; Moisture Sensor Shutoff; Frozen Pipe Risk; Pipe Wrap Insulation; Pipe Insulation,"Install a plumbed catch pan under the washing machine @ 01:42; Use a manual shut-off valve at the washing machine hose @ 02:59; Install an automatic moisture-sensing shut-off device for the washing machine @ 03:25; Regularly replace washing machine hoses every 3-5 years @ 02:52; Inspect supply lines for moisture, bubbling, cracks, and discoloration at connections @ 00:34; Insulate exposed pipes in unheated spaces with wraps or foam insulation @ 04:16",3
