video,title,date,location,summary,topics,featured_techniques,section_count
-DU34BQ3880.youtube,Continuity of Service During Advisor Transitions,"May 8, 2013",,"This short talk centers on how to maintain a seamless client experience when service providers change. The speaker highlights the risk of customers feeling forced to restart a long-standing relationship and introduces a concrete practice from Edward Jones: when a younger advisor is set to assume the books of a more mature advisor, the younger advisor shadows the older advisor for six months in every client meeting. The aim is to ensure an ongoing relationship remains intact and the transition supports customer advocacy and prosperity.",service continuity; transition management; book of business handoff; client transition shadowing; advisor handoff continuity; customer advocacy; customer prosperity; advisor transition continuity; advisor onboarding; Edward Jones transitions,Shadowing the outgoing advisor with the incoming advisor during client meetings to preserve relationships @ 00:34:14,3
0Hxj85ODFIE.youtube,Pioneering the Chief Customer Officer: Jeanne Bliss's cross-industry customer-centric leadership,"May 26, 2015",,"In this concise talk, Jeanne Bliss describes how she helped pioneer the Chief Customer Officer (CCO) role by placing the customer at the center of business strategy and experience across multiple industries. Beginning at Land's End, she collaborated with the executive committee to design how products and services would be delivered. Over roughly two decades, she moved across industries—Mazda, Coldwell Banker, Allstate, and Microsoft—taking on roles that did not previously exist, all with the aim of uniting leadership around a single customer-centric approach and growing the business by focusing on the customer's life.",CCO role; customer-centric growth strategy; customer experience delivery; cross-industry CX leadership; Land's End experience; new roles creation; Mazda customer experience; Coldwell Banker CX; Allstate CX; Microsoft CX leadership; cx leadership alignment; lifecycle growth driver; integrated customer experience; CX career path; customer leadership development,Pioneering the Chief Customer Officer role across industries @ 00:00:01; Centering the customer in product/service delivery @ 00:00:15; Unifying leadership around a single customer-centric mindset @ 00:00:42; Growing by focusing on the customer's life @ 00:00:54,1
0POuZ6LC760.youtube,"Zappos Case Studies: Empowerment, Culture, and Strategic Service Choices (Transcript Analysis)","November 2, 2010",Macy's flagship store (analogy context for 'Miracle on 34th Street'),"The interview with Zappos COO Alfred Lin centers on how Zappos became a beloved company through a relentless focus on service, culture, and deliberate business decisions. The discussion unfolds across several documented case studies and practices: empowering customer-service reps to locate items not in stock to fulfill customer needs; a culture of belief and bottom-up leadership that prioritizes the customer experience; a controversial but defining program that pays people to leave to test commitment; the strategic use of social media (Twitter) to strengthen internal bonds and humanize the brand; a bold shift away from dropshipping to owning inventory to control the customer experience; and an evolving vision that moves from selection to service to delivering happiness. Throughout, the ROI of exceptional service is framed not just in dollars saved or earned, but in strengthened brand loyalty, employee alignment, and a durable competitive edge in tough economic times.",Zappos wow service; Miracle on 34th Street; out-of-stock help; multi-site search; service call cost; service branding ROI; empowerment culture alignment; at bottom-up culture; cultural fit hiring; 2000 to leave program; inventory ownership experience; dropshipping revenue impact; vision evolution; Twitter humanization; twitter bonding,"Deliver wow through service as a core value @ 00:02:52; Empowerment of customer-service reps to locate out-of-stock items (multi-website search) @ 00:02:02; 2,000 leave program as a culture and commitment test @ 00:05:38; Stop dropshipping to own inventory for better customer experience @ 00:11:57; Twitter adoption for internal bonding and customer connection @ 00:10:13; Decide to believe — culture-driven hiring and empowerment @ 00:04:02",6
2OEsrpBVjLM.youtube,Saying Sorry to Customers is about Repairing the Relationship,"August 17, 2010",,"In this brief clip, Jeanne Bliss reframes apologies as a strategy for repairing the emotional bond between a company and its customers after a failure. She argues that the value of an apology lies not in issuing a letter, but in actions that restore trust and bring the customer’s heart back to a state of feeling valued or “beloved.” The message emphasizes the emotional impact of mistakes and the careful work required to re-engage customers so they want to continue talking about and with the brand.",emotional service recovery; apology versus action; customer trust repair; re-engagement after a mistake; service failure impact; loyalty and bonds; relationship repair; customer recovery psychology; customer relationship repair,Repair the emotional bond through actions beyond apology (emotional reconnect strategy) @ 00:00:00,1
2qlSmDrCqTs.youtube,Silos to Service: Customer Experience Lessons from Jeanne Bliss,"June 6, 2011",Madrid,"Jeanne Bliss discusses how leading organizations move beyond silos to design holistic, customer-centric experiences. She emphasizes reliability as the foundation for trust (e.g., Land’s End shipping within 24 hours, responsive service), then explains how emotional connection—such as packaging that speaks to shared values—can differentiate brands. The talk frames customer-centric leadership around the practice of 'customer math' (tracking new and lost customers, gathering regular feedback), frontline empowerment (trusting staff to do the right thing, exemplified by Zappos), and a culture built on clear purpose, passion, and consistent behaviors (as seen in Genentech, 1-800-GOT-JUNK, Land’s End, and others). Bliss also highlights the dangers of silos for the customer experience and advocates for organizational alignment, shared metrics, and a deliberate, memorable language around customers, culminating in her memorable metaphors like 'stairway to desire' and 'human duct tape.'",customer experience; cross-functional silo removal; frontline empowerment overview; customer-centric leadership; beacon of hope; customer math; new and lost customers; retention repurchase; word of mouth growth; Zappos service model; 365-day returns; call center heroes; culture screening; Land's End packaging; 1-800-GOT-JUNK branding; stairway to desire; human duct tape metaphor; silos as risk; customer experience metrics; silent customer language,"Customer math: identify newest and lost customers and follow up regularly @ 00:02:26; Frontline empowerment with trust to resolve customer issues (e.g., Zappos model) @ 00:04:15; Emotional packaging as brand storytelling (animal imagery inside boxes) @ 00:00:57; Stairway to desire: cross-functional alignment to enhance loyalty @ 00:09:48; Human duct tape concept for cross-department collaboration @ 00:14:44",8
3WtNiseEckM.youtube,Earning the Right to Customer Loyalty,"November 8, 2010",,"Jeanne Bliss argues that in business, the collective decisions of an organization tell a story about who we are and what we value for customers, employees, and the marketplace. In the age of the internet and social media, that story shows up in online reviews and conversations on sites like TripAdvisor and Yelp. Loyal customers champion brands, but a company must first earn the right to tell their story by delivering experiences that are memorable and worthy of sharing. With only a portion of a brand’s marketing message owned directly by the company, the vast majority of influence comes from peers whose opinions shape buying decisions; therefore focusing on how customers are treated and ensuring memorable experiences is central to earning loyalty.",customer loyalty; brand storytelling; online reviews; social media influence; customer experience; memorable experience; peer influence; word of mouth marketing; online reputation; marketing message composition; customer treatment stories; collective decisions,Brand storytelling through customer experiences @ 00:00:03.100; Leverage online reviews and social proof @ 00:00:24.660; Earn the right to the customer's story @ 00:00:41.440; Rely on peer influence in decision making @ 00:01:01.020; Memorable experiences drive loyalty @ 00:01:08.340,1
44UnvCWhgBA.youtube,"What Makes a Beloved Company: Jeanne Bliss on People, Experience, and CRM","August 19, 2010",,"Jeanne Bliss argues that beloved companies are defined by three interrelated dynamics: (1) customers actively sharing their stories in the marketplace, which creates immune-brand loyalty; (2) employees who stay and infuse Energy into the organization, reducing replacement costs; and (3) an unrivaled customer experience that differentiates the brand and drives growth. The talk emphasizes that loyalty yields profitability and resilience in good and bad times. The path to beloved status begins with retaining employees and cultivating a culture where customers publicly express love for the brand, often via social media. Bliss cautions that CRM is not a magic bullet; success requires blending high-touch, human service with high-tech data to surface needed actions and drive accountability. Without organizational commitment to act on CRM insights, the tool alone falls short.",customer storytelling; word of mouth; employee retention; turnover cost reduction; unrivaled customer experience; profitability and growth; brand love signals; CRM limits; high-touch high-tech integration; CRM accountability; leadership energy; actionable customer insights,"High-touch + high-tech CRM integration @ 00:01:39; Customer storytelling and social proof in the marketplace @ 00:00:28; Employee retention as driver of loyalty and cost reduction @ 00:00:39; Social media signals of brand love (customers saying 'love' or 'can't live without') @ 00:01:20; Accountability tied to CRM outputs @ 00:01:51; CRM as a tool, not a magic bullet @ 00:01:34; Actionable interpretation of data to surface required actions @ 00:01:45",2
4dXS90A8y0Y.youtube,White Paper Bag Hiring: A Customer-Centric Recruitment Demonstration,"November 10, 2010","Amy's Ice Creams, Austin, Texas","Jeanne Bliss advocates replacing or augmenting traditional job applications with an experiential task that reveals an applicant’s fit to a customer-centric culture. Using Amy's Ice Creams as a concrete example, the talk describes giving applicants a white paper bag to fill and return, a playful activity intended to surface personality and interaction style. The presenter links this approach to broader service principles by comparing the workplace environment to a vibrant, customer-facing space like Seattle Fish Market and by emphasizing moments of human connection as the core of reliability. The talk also highlights how a brand’s growth can emerge from genuine customer experiences and word-of-mouth, rather than solely from paid advertising, and cautions that tangible service cues must align with the overall experience (as illustrated by the hotel-room analogy).",white paper bag; experiential hiring; Amy's Ice Creams hiring; bag return; personality through tasks; Seattle Fish Market analogy; ice cream carnival; quirky cultural fit; word of mouth marketing; philanthropy over advertising; customer experience story; bring best self to work; reliability engine; referral hiring; white paper bag hiring,Experiential hiring task: white paper bag assignment (Amy's Ice Creams case) @ 00:00:31; Analogical storytelling via comparisons (Seattle Fish Market carnival analogy) @ 00:00:49; Weirdness as a proxy for cultural fit in recruitment @ 00:01:12; Reliability engine concept: being there for customers @ 00:01:36; Customer journey framing: 'Here's what happens when you go there' and 'Here's what you get first...' @ 00:02:03,4
5ZTpTl1rTfY.youtube,Earn the Rave: Turning Customers into Brand Ambassadors,"August 17, 2010",,"Jeanne Bliss discusses how organizations earn customer raves by crafting experiences and fostering genuine human connections. When a company earns the rave, customers become an army of mouthpieces who share the brand story, extending reach beyond advertising and PR. The talk emphasizes that the authentic story of a company lives in how it operates—its values, people, and decisions—rather than only in marketing materials. The core lesson is that the right to tell a customer’s story is earned through every interaction along the customer journey, with outcomes ranging from great, to not-so-great, to mediocre depending on performance.",earn the rave; customer raves; word of mouth marketing; online communities; social media; customer experience; human connection; brand ambassadors; brand narrative; authenticity beyond marketing; customer story stewardship; customer interactions; outcomes and mediocrity,Creating human connections that turn customers into brand ambassadors @ 00:00:16,2
65RYUeR4PwA.youtube,Do You Start with the Product or Your Customer? — Jeanne Bliss,"May 8, 2013","Dodgeville, Wisconsin, USA","Jeanne Bliss recounts an origin moment from her early career at Lands' End, describing starting work in 1983 in a rural setting near Dodgeville, Wisconsin. She highlights a catalog-driven retail era that relied on a strong guarantee: 98.6% of orders shipped within 24 hours. The talk emphasizes imagining customers’ lives and treating the delivery experience—how the UPS driver interacts and how it feels to try on a product—as essential signals of reliability and customer satisfaction, framing customer experience as the ultimate measure of brand success.",Lands' End origins; 1980s catalog business; customer experience; shipping guarantee; on-time shipping; 24-hour response rate; imagining customers lives; customer experience report card; delivery experience; UPS driver experience; unboxing try-on experience; reliability as brand value; service-led branding; retailer practices,Customer-centric operations emphasis @ 00:00:00; Reliability-focused fulfillment metrics (ship within 24 hours; 98.6% success) @ 00:00:15; Empathy-driven storytelling about delivery experience @ 00:00:30,1
6L3dhmGvfpc.youtube,"Deliver an Experience, Not Your Organization Chart","May 8, 2013",,"Jeanne Bliss argues that delivering a great customer experience requires reliability and deliberate action, not simply following an internal organization chart. She notes that companies are traditionally organized around centers of expertise—operations, data, accounting, and sales—and that this structure can force customers to traverse the internal org chart. The core message is to unite the experience across functions and ‘herd the cats’ to deliver a consistent, authentic customer story, rather than allowing silos to fragment service delivery.",customer experience; journey over org chart; expertise centers; operational silos; deliberate service reliability; customer story rights; customer experience unification; cross-functional alignment; consistent customer experience; customer journey orientation; silo reduction; service design,Experience-focused organizational design to align cross-functional delivery @ 00:00:00,1
6LmOaViVm2s.youtube,Jeanne Bliss on Teaching You to Fish: Coaching for Client Ownership and Transformation,"May 26, 2015",,"In this brief clip, Jeanne Bliss articulates a practitioner-focused approach to executive CX coaching. She emphasizes hands-on, lived-experience leadership in helping chief customer officers and CX leaders, asserting that she personally engages with clients. A defining thread is her provocative commitment to end-user independence: she aims to equip clients to continue driving change after she leaves, ensuring ownership, behavioral change, and sustained transformation rather than dependency on the coach.",Chief Customer Officer role; customer experience leadership; executive coaching; practitioner coach; client engagement; client ownership; organizational behavior change; transformation leadership; coaching exit strategy; experience practice; coaching value,Client empowerment and transition-focused coaching (preparing clients to leave and own transformation) @ 00:00:28,2
8U5X0CMoD00.youtube,Being a Beloved Company: Growth Through Customer Advocacy and Employee Experience,"May 26, 2015",,"In a concise 35-second talk, Jeanne Bliss outlines the core idea of a 'beloved company': growth comes from customers who become your megaphone in the marketplace, which requires treating customers well and also treating employees well. She emphasizes building an environment where leadership decisions align with how you would act in your personal life, and she argues that removing rules that hinder trust or force employees into workarounds is essential to delivering what customers expect without friction.",beloved company; growth via customer advocacy; customer megaphones; customer-first treatment; employee treatment; employee experience; life congruent decisions; trust building; removing obstructive rules; eliminating workarounds; customer trust; culture delivery alignment,Leverage customer advocacy as a growth engine (megaphone) @ 00:00:00; Treat customers and employees with fairness to enable trust @ 00:00:07; Leadership decisions aligned with personal ethics @ 00:00:11; Eliminate rules that block customer trust and require workarounds @ 00:00:20,2
8XflU-A6LxU.youtube,Clarity of Purpose as the Glue of Customer Experience,"June 6, 2011",,"In this talk, Jeanne Bliss argues that beloved companies succeed when they maintain a clear, singular purpose for how they serve customers. She illustrates how a crisp clarity of purpose creates internal alignment, fuels authentic culture, and guides hiring, operations, and customer interactions. Through concrete examples—from 1-800-GOT-JUNK to Zappos and Genentech—she shows how brands translate purpose into tangible service standards (such as 24-hour scheduling and professional appearance), how culture screening shapes hires, and how customer experiences drive retention, citing metrics like an 86% repurchase rate after positive calls versus 37% after poor experiences. The overall message positions purpose as the essential “glue” that holds customer experience together across touchpoints.",purpose clarity; purposeful customer experience; purpose alignment; brand-driven service culture; purpose over rules; authentic employee trust; junk branding aspiration; 24-hour appointment scheduling; professional image and uniforms; customer rituals; call experience and repurchase; call center decompression; life purpose; culture screening interviews; operations hardwiring; brand cues perception; ma'am respectful interaction; 86% repurchase rate; 37% repurchase rate,"Sensory storytelling to define customer experience @ 00:00:13; Culture-focused hiring (4-5 interviews) to hardwire culture @ 00:02:50; Concrete service standards as brand promise (24-hour scheduling, uniforms, professional fleet) @ 00:01:01",2
8xMezp5HVOc.youtube,Zappos Culture Test for Customer Commitment,"May 8, 2013",,"Jeanne Bliss discusses how Zappos ties hiring to the soul of the company and uses a culture-focused onboarding litmus test to reveal true commitment. The onboarding lasts about two months, with periodic intervals offering new hires $2,000 to quit if the role isn’t a fit. The aim is to separate those driven by genuine commitment from those who would take the money and leave. According to Bliss, very few take the offer, implying alignment with a customer-centric mission, which correlates with a high share of repeat business (about 75% of daily orders). This video highlights how culture and clarity of purpose can shape hiring practices and downstream business outcomes.",culture fit hiring; purpose-driven service; cx hiring criteria; Zappos commitment test; onboarding and training; two-month training; quit incentive; attrition risk management; low quitting rate; commitment loyalty impact; repeat business metric; call center service; incentive-based onboarding test; culture-driven hr decisions; hiring strategy context,"Zappos' commitment litmus test during onboarding @ 00:00:23.200; Two-month onboarding with periodic quit incentive (offer of $2,000) @ 00:00:40.000; Quitting incentive as a predictor of cultural alignment @ 00:00:44.820; Link between employee commitment and customer loyalty metrics (repeat business) @ 00:01:04.620",3
9J5yIPTrm-0.youtube,Jeanne Bliss on Coaching for Customer-Driven Growth and Customer-Centric Leadership,"May 26, 2015","Chicago, IL (origin of presenter)","In this brief talk, Jeanne Bliss presents a coaching-centered approach to transforming organizations around customer experience. She argues that growth and profitability arise when leaders and employees focus on improving customers’ lives, create emotional bonds with customers, and empower staff by removing heavy management oversight. She contrasts coaching with traditional consulting—emphasizing immediate, actionable work and skin-in-the-game leadership—and describes how culture that honors customers can accelerate growth, loyalty, and advocacy. The talk blends practical stance on leadership with a vision of customer love as a strategic, if irrational-seeming, business driver.",customer-driven growth; coaching not consulting; experience growth impact; employee empowerment; management oversight removal; trust-based culture; honoring customers; emotional customer bond; customer life alignment; customer problem solving; intent in marketplace; customer love strategy; rapid learning; customer narrative,"Coaching approach (vs. traditional consulting) @ 00:00:38; Immediate, hands-on engagement with client teams @ 00:00:58; Removing management oversight to empower action @ 00:01:24; Building emotional bonds with customers as a strategic differentiator @ 00:01:31; customer-centric leadership focused on improving customers’ lives @ 00:01:04; Using storytelling and Energy to align leadership @ 00:01:47; Positioning customer advocacy as a growth driver (irrational love as a business concept) @ 00:02:08",11
9SeM2fwh_Kw.youtube,Jeanne Bliss - The Prosperity of Beloved Companies,"May 8, 2013",,"Jeanne Bliss argues that companies that deliberately cultivate a culture of kindness and clear strategic decision-making achieve more than financial prosperity alone. The talk frames financial success as a consequence of decisions about where to go and what not to do, but emphasizes a deeper prosperity—the prosperity of the human spirit—driven by leaders who treat employees well and understand their lives. This people-centered approach is presented as a concrete growth strategy, not mere sentiment: it lowers recruiting costs by retaining high-quality staff, can grow margins as customers become a positive, self-reinforcing army, and ultimately makes the business more resilient against competitive offers. The speaker reinforces that this is a deliberate strategy for growing the business, supported by the idea that customers and employees together form the core engine of sustainable profitability.",financial prosperity; decision making; beloved companies; human spirit prosperity; employee engagement; employee kindness; retention growth; recruiting costs; high quality employees; customer advocacy; word of mouth growth; advertising reduction; profit margins; customer loyalty; competitive immunity,Strategic decision-making for growth @ 00:00:11.980; Cultivating prosperity of the human spirit through kindness @ 00:00:22.860; Deliberate growth strategy framing @ 00:01:08.100; Lower recruiting costs via a beloved culture @ 00:01:14.920; Customers as a growth army and advertising reduction @ 00:01:21.420; Competitive immunity through customer loyalty @ 00:01:34.140,5
ATSQIIjO91k.youtube,Culture-First Hiring: Partners vs. Filling Positions,"August 1, 2013",,"In this brief talk, Jeanne Bliss asks whether organizations hire partners or simply fill positions, urging hiring decisions be anchored in core values and cultural fit. She encourages screening candidates to determine who will fit within the organization’s culture, not just who can fill a role. The talk also suggests that growth strategies, including mergers and acquisitions, should be evaluated for a culture fit, effectively diagnosing how new hires will contribute to sustaining the culture over time.",partner mindset hiring; core values screening; cultural fit; culture screening hiring; growth hiring; mergers and acquisitions; culture strategy fit; culture sustainment; culture fit sustainability,core values screening @ 00:00:10; cultural fit assessment @ 00:00:16; culture strategy fit during growth/M&A @ 00:00:34; diagnosing culture fit for sustainment @ 00:00:34,1
BNSZNHuDOGw.youtube,Encouraging Flexibility and Gut in Retail Culture: Gumby Award and Cross-Functional Collaboration,"May 8, 2013",Container Store (explicit mention in transcript as context for the award),"Jeanne Bliss frames a retail leadership approach built on flexibility and gut instinct, illustrating the idea with The Container Store’s Gumby Award, presented by chairman Kip Tindell to the person who is most flexible in helping others. The message emphasizes that a culture of mutual assistance reduces customer friction and enhances the shopping experience, contrasting it with internal competition. Bliss also notes that shared financial information with customers is part of a broader strategy to foster trust and transparency as part of service-oriented leadership.",gumby award; Kip Tindell; Container Store; gut flexibility; gut instinct; employee empowerment; cross-functional collaboration; culture of helping; retail leadership; customer experience; silo elimination; customer transparency,Gumby Award (recognition for flexibility and collaboration) @ 00:00:13; Culture of cross-functional helping to improve customer experience @ 00:00:24; Transparency with customers (sharing financials as trust-building) @ 00:00:51,4
BkiapyjpXtg.youtube,Decide to Be There for Your Customers: Building Reliability Through Service Magnets and Thoughtful Handoffs,"November 10, 2010","Dodgeville, Wisconsin","Jeanne Bliss argues that reliable customer relationships are built by designating simple, observable 'service magnets'—experiential touches that position you as a knowledge resource and partner—rather than pushing constant sales. She cites concrete examples: a penny-arcade-like magnet in TD Bank stores that attracts families and enables rapid onboarding, a deliberate staff-handoff process at Edward Jones to prevent customers from feeling forgotten, and Land's End’s life-centered reliability, including a guarantee and a focus on imagining customers’ daily experiences. Across these cases, the thread is clear: think about customers on their terms, maintain continuity when personnel change, and make reliability a visible, ongoing commitment rather than a transactional promise.",service magnet; reliability knowledge source; customer bond; TD Bank penny arcade; in-store customer experience; customer onboarding; staff handoffs; handoff shadowing; rewards recognition; customer satisfaction; staff change retention risk; Edward Jones handoff; imaginative customer experiences; reliability and guarantees; Land's End; UPS driver experience; customer-centric thinking,Experiential magnet: in-store arcade to attract customers and create rapid onboarding @ 00:00:38; Deliberate staff handoff with shadowing to preserve relationships during transitions @ 00:02:05; Lifecycle reliability through imagined customer experiences and guarantees @ 00:02:50,3
Byz68u7-0yk.youtube,Do You Have a Service Magnet? Creating Value-Added Touchpoints to Attract and Pre-Sell Customers,"May 8, 2013",,"Jeanne Bliss introduces the concept of a service magnet—offering value-added experiences beyond the standard set of processes and services to attract customers and pre-sell value. She cites TD Bank’s free penny arcade in stores as a tangible example: lines form, customers engage without opening an account, and the arcade is tied to a quick path to account openings, illustrating how an in-store touchpoint can function as a growth driver. The talk expands to other potential magnets, such as thought leadership, free audits or consumer checkups, and planning tools designed for specific groups (e.g., families, college students), framing these touches as investments that build trust, community, and a future asset for the business.",service magnet; value-added touchpoints; penny arcade; TD Bank example; in store engagement; growth strategy; thought leadership; free audits; consumer checkups; planning tools; future asset; customer acquisition,"Free penny arcade as service magnet @ 00:00:23; Value-added touches as a growth driver @ 00:01:04; Thought leadership and free audits @ 00:01:10; Planning tools for customers (families, students) @ 00:01:24",3
CcSPskMvGiM.youtube,Jeanne Bliss: Early Life in Des Plaines and Lessons from a Family Shoe Store,"August 17, 2010","Des Plaines, Illinois","In a brief autobiographical segment, Jeanne Bliss identifies herself with Italian heritage and a large family, naming Des Plaines, Illinois, as her hometown. She recalls her father running a Buster Browns shoe store and describes how sitting at his knee taught her not only how to sell footwear but how to be real and connect with customers. The narrative emphasizes empathy in sales—persuading a mother to buy for her children while acknowledging financial constraints—and frames these early experiences as defining elements of her identity and approach to business.",italian heritage; large family dynamics; des plaines upbringing; shoe store origins; family selling lessons; authentic customer relationships; empathetic customer connection; sales empathy; customer means focus; early work identity,"Authentic storytelling and personal branding through family history @ 00:00:13; Empathetic, customer-centric language in sales @ 00:00:25; Identity framing through lived experience to shape business philosophy @ 00:00:00",1
E-bgig1Lgbs.youtube,Clarify the Memories You Deliver: Mapping Critical Touchpoints for Personal Bonds in Small Businesses,"May 8, 2013",,"In this brief, Jeanne Bliss provocatively asks how clearly an organization defines the memories it intends customers to carry. The message emphasizes identifying the critical touchpoints and intersection points that shape a personal bond between customers and a small business owner, highlighting the need for cross-functional alignment within the organization. By considering whether five people across the company can articulate those moments, the talk underscores that memorable customer experiences hinge on shared understanding of which interactions matter most and how to deliver them consistently.",memories delivered; critical touchpoints; intersection points; personal bonds; small business owner; organization wide alignment; customer experience strategy; brand memory; stakeholder perspectives,,4
ESiJyoUDwVA.youtube,Chief Customer Officer: Defining a Leadership Role for Customer Experience,"May 26, 2015",Microsoft,"In this concise 45-second excerpt, Jeanne Bliss recalls leaving Microsoft in 2002 and writing what she calls the first practical guide to customer experience, Chief Customer Officer. She notes she had to convince the publisher to name the book after the emerging role, and observes that the book quickly provided a roadmap for practitioners—supporting her view that the Chief Customer Officer role was just beginning to be considered. BlissThen frames the idea of “brave Crusaders” tackling the customer gauntlet, positioning the book as foundational guidance for organizations seeking to formalize customer-centric leadership.",CCO role; customer experience leadership; cx leadership guide; publication officer role; adoption hesitation; CCO concept growth; brave crusaders metaphor; customer gauntlet; roadmap impact; Microsoft transition; CCO adoption; customer experience guidance,Define and promote a new CX leadership role (Chief Customer Officer) and articulate its organizational value @ 00:00:23; Frame the book as a practical roadmap for CX leadership within organizations @ 00:00:32; Use metaphorical framing to mobilize practitioners (brave Crusaders; customer gauntlet) @ 00:00:42,3
F2URSMnaCNo.youtube,Be Part of the Story of Your Customer's Life: A Lesson in Customer-Centric Leadership,"May 8, 2013","Des Plaines, Illinois","This short talk uses a vivid hometown anecdote about a small-town shoe merchant to illustrate how deeply a business can be woven into a family's life. By gently guiding customers toward the right first shoes, accommodating tight budgets with a 'bring back the rest when you're in town' gesture, and treating the fitting moment as a meaningful service, the merchant becomes part of generations of family stories. The speaker then ties this lived example to leadership, crediting his father—the Des Plaines, Illinois shoeman—as the first to teach him the importance of being real. He argues that authentic, customer-centered care—embodied in everyday interactions—must scale in large organizations, and that the best leaders make this their most important job. The core message is that business growth should be anchored in staying present in customers’ lives, not just flashy marketing or transactional sales.",first shoes touchpoint; right fit over flash; pay later trust; tender fitting touch; family life stories; business growth story; authentic leadership; father mentorship; family story legacy; customer-centric care; customer memory anchor; small business practice; customer life storytelling; leadership culture priority,"Story-based customer relationship @ 00:00:01; Guided product choice over flashy options @ 00:00:07; Flexible payment/trust-building gesture @ 00:00:25; Calm, tender fitting approach @ 00:00:41; Story integration as memory anchor @ 00:00:56; Personal mentorship and authenticity model @ 00:01:19; Addressing scalability of authentic care @ 00:01:34; Leadership priority and action @ 00:01:39",2
H88bdzQ7hAA.youtube,"Online Reviews, Social Proof, and the Keller K Chalk Track","May 8, 2013",,"The video presents how modern purchasing decisions are heavily influenced by online conversations rather than marketer-led content. It notes that customers spend only about 20% of their decision-making time listening to brands and reading marketing material, while roughly 80% comes from input from colleagues, friends, and strangers on the internet. The content references Yelp and other websites as sources of public opinion, framing this online chatter as a form of social proof. It introduces the Keller K. Chalk Track as a way to track sentiment and the extent to which people embrace and use social media in their buying decisions.",Yelp; online opinions; social proof buying; b2b social proof; b2c social proof; information influence in buying; peer recommendations; internet stranger reviews; online review perception; social sentiment tracking; sentiment tracking; reviews and trust,Monitoring online reviews and social proof (Yelp and other sites) @ 00:00:00; Quantifying influence split in buying decisions (20% vs 80%) @ 00:00:19; Sentiment tracking of social-media adoption (Keller K. Chalk Track) @ 00:00:51,3
IX0ra9cLWnY.youtube,Griffin Hospital’s Deliberate Patient Experience Design: Moving from Frantic to Calm,"May 8, 2013",Griffin Hospital,"In this brief talk, Jeanne Bliss uses Griffin Hospital as a case study to illustrate how a healthcare provider can deliberately design the patient and family experience around the life and emotions of the customer. The speaker contrasts Griffin Hospital’s past reputation for poor processes with a redesign that begins by understanding the mom’s perspective and the emotional journey from frantic to calm. The turnaround hinges on concrete, front-line-focused actions in the parking and entry experience—such as ambient music, valet parking, and concierge support—that signal welcome and reduce anxiety. The result, the speaker notes, is a measurable improvement in performance, with the hospital reportedly growing much faster than peers in Connecticut.",emergency room experience; patient family stress; process design reputation; emotional journey mapping; parent calming interventions; ambient environment design; parking-lot ambiance; valet parking; healthcare concierge services; frontline empowerment; calm healthcare design; hospital calm design; Connecticut hospitals; calm service design; patient-centered improvement,Ambient music or sound cues in the parking area to set a calming tone @ 00:01:02; Valet parking to streamline entrance and reduce friction @ 00:01:08; Concierge services in parking and front area to assist families @ 00:01:15; Front-line empowerment and recognition as part of the service design @ 00:00:39; Customer-emotion driven service design (life-centered approach) @ 00:00:34,3
Itp-2UhQXvE.youtube,Decide To Be Real: Authentic Leadership and Customer Loyalty (Decision 3),"March 19, 2013",,"Jeanne Bliss argues that beloved, human-centered companies succeed by blending personal instincts with business decisions. She uses Land’s End’s Wisconsin-rooted, folksy branding as an example and urges leaders to draw on personal memories and flexibility to do what’s right for customers, rather than sticking to a corporate veneer. By empowering employees and encouraging personality and creativity, organizations can strengthen customer storytelling and loyalty, which in turn fuels growth.",authentic leadership; personal instincts in decisions; brand personality; corporate veneer removal; employee empowerment; authentic loyalty; personal brand storytelling; Land's End authenticity; Wisconsin brand symbolism; gut decisions; human touch; loyalty growth,Authentic leadership: blending personal identity with leadership style @ 00:00:00; Brand storytelling through personal memories (case example: Land's End) @ 00:11; Go beyond the ordinary to surprise customers @ 00:28; Removing corporate veneer to empower employees @ 00:38; Leadership authenticity as a driver of loyalty and growth @ 00:53; Earn customer trust by aligning personal decisions with business decisions @ 01:06; Encourage personality and creativity in place of formalism @ 01:21,0
JEssPJUx1OE.youtube,Your Values Are On Stage When You Make a Mistake,"May 8, 2013",,"In this brief talk, Jeanne Bliss argues that how a company apologizes when something goes wrong reveals its true character more than any other moment. The message centers on using apology to remove pain and resolve problems as a storytelling device that defines the brand. She elevates grace and wisdom over accusations or deflection, reframing missteps as opportunities to demonstrate accountability and care. The talk introduces a “peace process” concept: a constructive, ongoing effort to repair trust between the company and its customers. It acknowledges that human beings design processes and that both human error and software errors are inevitable, underscoring that transparent, compassionate responses are essential to maintaining trust when things go wrong.",humanity litmus test apology; pain removal storytelling; graceful crisis leadership; accountability vs blame; peace process; human centered processes; people and system error; problem resolution transparency; brand repair; mistake recovery,Framing apology as a humanity litmus test @ 00:00:00; Telling the true story of the company through crisis recovery @ 00:00:11; Promoting a peace process between customers and company @ 00:00:31; Acknowledging human and program errors as normal parts of operations @ 00:00:41,2
JSmx-L5ARYQ.youtube,Decision 5: Say Sorry and Proactively Restore Customer Trust,"March 19, 2013",,"In this brief lesson, Jeanne Bliss emphasizes that great companies repair the emotional bond with customers after mistakes by openly apologizing, taking accountability, and learning from errors. The speaker frames apology as a humble, courageous action—captured in the line We are sorry—that should be followed by concrete changes and a proactive recovery plan. By choosing to move toward customers at critical decision points and trusting frontline teams to resolve issues, organizations can cultivate deep loyalty and turn broken experiences into enduring customer and employee stories that fuel growth.",emotional repair; apology language; we are sorry; accountability and remorse; mistake learning; change management; humility in leadership; customer trust restoration; proactive recovery plan; move toward customers; frontline empowerment overview; customer loyalty; employee advocacy; customer service risk-taking; crisis trust; repairing customer relationship; graceful decisions; fear avoidance in recovery; customer and employee narratives; growth through trust,Apology language @ 00:00:20; Accountability and learning from mistakes @ 00:00:22; Moving toward customers at decision points @ 00:00:34; Proactive recovery plan and frontline empowerment @ 00:00:41; Suspending fear to acknowledge fault @ 00:00:15,4
JyTZM1q-KIw.youtube,Decide with Clarity of Purpose: Align Decisions to Your Brand Promise,"March 19, 2013",,"Jeanne Bliss argues that beloved companies differentiate themselves by a clear, unique promise to customers. When decisions are made, they are aligned to that purpose, elevating work from merely executing tasks to delivering memorable experiences that customers will want to repeat. These experiences are reinforced by ironclad integrity and clarity that guide every decision, especially at forks in the road where the yes button is revealed. In operations, such clarity unites the organization around the customer story and the employee story, driving extreme loyalty and business growth.",brand promise; purpose-led decisions; purpose aligned decisions; delivering customer experiences; repeatable customer experience; integrity and clarity; yes button criterion; clarity aligned operations; customer story; employee story; customer loyalty; customer growth,Clarity of purpose as a decision filter @ 00:00:04.980; Ironclad integrity and clarity guiding decisions @ 00:00:21.580; Yes-button criterion at forks in the road @ 00:00:30.000; Operational unity around brand promise and stories @ 00:00:38.720,0
KivBKpXIfk8.youtube,Decide To Believe (Decision 1) — Belief as a Business Competency,"March 19, 2013",,"In this brief message, Jeanne Bliss argues that belief is not a mere feeling but a strategic driver of business performance. By declaring belief in customers and those who serve them, companies channel decisions and actions toward trust, imagination, and growth. Bliss contends that the most successful organizations treat belief as a core competency spanning people and operations, and at critical decision points they suspend cynicism and fear to let belief guide outcomes. The result, she suggests, is enhanced loyalty from customers and employees and stronger overall business growth.",business belief competency; trust customers; provider trust; belief-guided decisions; belief at decisions; fear at decisions; belief aligned operations; customer loyalty; employee loyalty; belief driven growth; story driven loyalty; leadership mindset,Belief-driven decision-making @ 00:00:15; Make belief a competency across the organization @ 00:00:25; Suspend cynicism to guide outcomes @ 00:00:31; Trust-based messaging to customers and service partners @ 00:00:20; Belief as a driver of loyalty and growth @ 00:00:44,0
KueRWfee3nk.youtube,"Being Real in Business: People over Spreadsheets, with Jargon Reduction","May 8, 2013",,"This concise, roughly 1-minute YouTube clip presents Jeanne Bliss’s core idea that being real in business means focusing on people rather than numbers, and aligning operations with stated values. The talk lays out three actions for being real: (1) put humanity on the line in how you do business, (2) eliminate jargon in communication with customers, and (3) introduce a practical team exercise to surface acronyms and their impact on clarity. It warns that acronyms can exclude listeners and impede understanding, and it offers a quick, participatory activity—team members stand, pair off, and speak for three minutes using every acronym they have—to reveal how language can disconnect customers. The segment serves as a micro-guide to customer-centric language and culture within a tight time frame.",people-first leadership; customer trust culture; operationalizing values; jargon elimination; acronym comprehension; customer clarity; jargon detection exercise; conscious business language; humanity in business operations; real-world CRM language,"Acronym exposure exercise: stand up, pair off, and speak for three minutes using every acronym in the organization to reveal how jargon excludes listeners. @ 00:37:00",1
MBta2oTI78g.youtube,Power Core: Identifying and Leveraging Your Company's Customer-Centric Core,"August 17, 2010",,"Jeanne Bliss introduces the concept of a Power Core—an internal organizational focus that drives how a company delivers value to customers. Using industry examples (automotive marketing, financial services, and a Microsoft service-model reference), she explains that a Power Core often governs rewards and behavior, sometimes detached from real customer outcomes. The talk then outlines a practical path: identify your Power Core, align actions with it to drive customer transformation, and begin with early traction—often by improving the core product or service—before expanding to broader initiatives. A notable example is Microsoft’s pop-up help as a product-based Power Core, and Bliss emphasizes energizing leadership with passion to engage the Power Core and earn the right to scale change.",power core concept; customer transformation; power core; Power Core alignment; automotive marketing core; dealership experience gap; financial services core; sales vs customer value; product power core; Microsoft pop-up help; early traction; engagement and expansion; cross-functional alignment,Power Core framework introduction @ 00:00:08; Industry-specific Power Core examples @ 00:00:23; Identify and align with the Power Core @ 00:01:01; Product-based Power Core and early traction @ 00:01:17; Engage the Power Core to gain early traction @ 00:01:45,6
N-PzZ5MMEwA.youtube,Earning Your Customer's Rave: A Life-Centered Framework for Beloved Companies (Jeanne Bliss keynote),"May 26, 2015","Des Plaines, Illinois","Jeanne Bliss argues that sustainable growth comes from building a 'beloved' company that serves the lives of customers and employees, not a company that reflexively competes with others. The talk centers on five deliberate decisions—believing in customers, clarifying purpose, being present, being real, and creating lasting memories—that together cultivate trust, loyalty, and higher margins. Through real-world examples (Trader Joe’s memory-driven service, IKEA’s price-first design grounded in customers’ life, USAA’s life-centered onboarding, Southwest’s proactive fault recovery, Lands’ End anecdotes, IHOP hiring for values), Bliss illustrates how operational reliability and humane apologies reinforce an emotional bond. She emphasizes memory creation as the currency of a brand, hiring for memory creators, and the power of proactive rescue (love notes, “chief forgiveness officer”) to turn service failures into growth opportunities. The transcript provides a practical framework—the four-part peace process for recovery—and challenges leaders to ensure customers tell the story they want, and employees embody the same life-centered values in every interaction.",beloved company comparison; life centered decisions; word of mouth reliance; rave review questions; decide to believe; purpose-driven organization; consistent experience; real humane culture; memory as brand currency; memory makers; moment of truth journey; customer life pricing; trust-building test drives; problem rescue revenue; peace process response; human duct tape,"Keller Fay Talk Track Report applied to customer decision-making @ 00:01:39; Treat customers as assets with lifetime value framing @ 00:12:02; Memory-creation criterion for hiring @ 00:15:45; Price design anchored to customer life (IKEA example) @ 00:14:24; Test-drive policy as a trust-building practice @ 00:11:46; Operational reliability as a differentiator and driver of loyalty @ 00:05:55; Hollow vs genuine apology and the four-part peace process @ 00:23:16; Love notes as proactive recovery and potential revenue @ 00:24:45; Story-driven onboarding and memory-centric culture (USAA, Lands' End references) @ 00:19:24",4
NWz7Tl0g1Tw.youtube,Jeanne Bliss - Spa Technicians? No! Customer Escape Artists? Yes!,"May 8, 2013",,"This short talk critiques the traditional spa experience and documents a transformation strategy used by a large spa company: redefine frontline staff from “spa technicians” to “customer escape artists,” align every person around a unified purpose, and redesign operations and training to deliver a more memorable, frictionless customer journey. The speaker argues a clear purpose unites diverse frontline backgrounds, and that the right role definitions, training, and service processes—exemplified by offerings like valet service—are essential to creating genuine customer escape experiences rather than simply performing technical tasks.",customer escape artists; purpose clarity; frontline training; process redesign; valet service; service design; hospitality culture; brand reframing; service memory; touchpoint alignment; organizational change; customer-centered transformation,Rebranding frontline roles to 'customer escape artists' @ 00:01:01.460; Operational redesign to support the customer escape artist model (including valet service) @ 00:01:37.160; Framing service quality around a clarified organizational purpose for frontline staff @ 00:00:46.360,1
OCKpTcSDM0w.youtube,Is Your Company Beloved? — Five Decisions to Create Devoted Customers (Jeanne Bliss),"March 21, 2013",,"In a competitive landscape, Jeanne Bliss argues that customer love is earned by a sequence of deliberate organizational choices. The transcript frames five decisions that generate devoted customers and business growth, explaining that decisions lead to actions, and the accumulation of those actions forms the company’s story. The speaker then invites viewers to consider what their own company’s story says about them, prompting reflection on how decisions are reflected in customer perception and word-of-mouth.",customer love; brand storytelling; customer experience; decision action chain; growth through retention; word of mouth marketing; brand perception; market differentiation; brand narrative; customer advocacy,Decision-to-Action-to-Brand Story progression @ 00:00:28; Audience reflection prompt: 'What’s your story?' @ 00:00:38,1
OVO-HO14HPU.youtube,"Hiring for the Soul: A Playful, Culture-Driven Approach to Candidate Fit","May 8, 2013","Austin, Texas, USA","The speaker argues for hiring practices that reveal the organization’s whimsy and its impact on customer experiences, rather than relying solely on traditional job applications. By highlighting Amy’s Ice Creams in Austin—where applicants submit a white paper bag that they transform within two weeks to reveal who they are—the talk illustrates a culture-aligned evaluation. It also uses the Seattle Fish Market analogy to illustrate how a playful, high-Energy environment can reflect a company’s soul. The takeaway is that culture, word-of-mouth recruitment, and even philanthropic spending can drive growth and brand strength more effectively than conventional advertising, tying hiring to the broader mission and customer service ethos.",soulful hiring; culture-based hiring; company culture; employee fit; creative hiring assessment; brand-aligned hiring; Amy's Ice Creams; Seattle Fish Market analogy; playful culture; word of mouth marketing; philanthropy strategy; customer experience; whimsical hiring; recruitment marketing; culture differentiator; employee engagement,Creative candidate assessment via a 'white bag' task @ 00:00:24-00:01:01; Using cultural analogies to illustrate workplace environment (Seattle Fish Market reference) @ 00:00:41-00:00:54; Philanthropy-focused recruitment as branding/marketing @ 00:01:13-00:01:15,4
OcU4eNSw0tc.youtube,Jeanne Bliss: A Pledge of Believe — Do You Believe Your Customers and Employees?,"November 9, 2010",,"In this brief talk, Jeanne Bliss reframes a fuzzy notion of belief into concrete organizational practices that center on trust between employees and customers. She contrasts “beloved” companies—those that think through customers’ lives and experiences—with task-focused, “everyday” firms, using a cup-manufacturer analogy and the example of Zappos to illustrate how hiring, onboarding, and commitment can produce meaningful outcomes like high repeat business. The speech emphasizes hiring for soul and purpose, and describes a two-month onboarding litmus test at Zappos that offers a $2,000 payoff to those who leave, revealing a strong link between employee commitment and customer satisfaction.",pledge of belief; believe employees and customers; beloved company comparison; customer life orientation; cup manufacturer analogy; focus group limits; soul fit hiring; purpose clarity; customer experience focus; Zappos commitment test; two-month onboarding; leave incentive; training duration; repeat business impact; customer trust culture,"Beloved vs. everyday company framework (cup analogy) to guide product, service, and hiring decisions @ 00:01:31; Hiring for soul and life-alignment with company mission @ 00:02:24; Zappos-like litmus test: two-month onboarding with an exit option and $2,000 payoff @ 00:02:42; Linking employee commitment to repeat business (customer experience impact) @ 00:03:12",4
OtRe7Q-Tqz8.youtube,"Zappos Culture, Belief, and the $2,000 Leave-If-Uncommitted Program","November 4, 2010",,"This excerpt features Alfred Lin discussing Zappos' culture-first approach, where belief in the company values drives empowerment and decision-making. It outlines a non-hierarchical, bottoms-up organization and details a controversial incentive: paying new hires to leave during training to weed out non-committed individuals. The conversation explains how the program evolved from a small amount to $2,000, the reasoning behind turning down the offer as a commitment test, and the emphasis on leaving with grace and dignity. Taken together, the material provides a concrete case study of how culture, onboarding, and selective incentives shape retention, fit, and organizational vitality in a customer-service-focused brand.",Zappos culture; core values hiring; employee empowerment; bottom-up culture; non-hierarchical culture; onboarding and orientation; culture-driven hiring; exit incentive; commitment testing; graceful departure; hr legal considerations; recruiting accuracy; Zappos culture and belief,"Exit incentive offer to leave (buyout) implemented during onboarding/training @ 00:02:28; Turn-down of incentive as a commitment signal @ 00:03:52; Bottom-up, non-hierarchical organizational culture @ 00:01:07; Graceful exit preserving dignity @ 00:04:50",4
RcvLMxw04Rs.youtube,Experience Reliability as a Social Media Story,"May 8, 2013",,"In this 38-second talk published May 8, 2013, Jeanne Bliss argues that social media success hinges on operational reliability. She states that reliability across the front line, processes, and response times creates a trust-worthy customer experience, because your reliability is what gives customers a story to tell: ""in social media, your ability to be reliable is what gives your customers a story to tell."" The talk highlights specific reliability touchpoints—quality of staff, process reliability, how long it takes to answer a phone, and cycle time to deliver the first review—and invites organizations to assess their current reliability to turn service consistency into a compelling social narrative.",reliability and handoffs; experience consistency; peace mind; front line reliability; process reliability; phone response time; cycle time; first information review time; social storytelling; customer experience management; service reliability metrics; social channel service levels; reliability assessment; brand storytelling,Reliability-driven storytelling on social media @ 00:00:08; Explicit focus on front-line and process reliability as key service levers @ 00:00:15,1
SCoqtR9kxNY.youtube,"Building a Customer-Driven Growth Engine: Jeannie Bliss on Reliability, Moments of Truth, and Five Competencies","May 26, 2015","Lands' End (implementation of journey-stage approach, 1983)","Jeanne Bliss presents a practical framework for turning customer-centric rhetoric into a repeatable, revenue-driving growth engine. She argues that most organizations are siloed and deliver inconsistent experiences unless work is broken into bite-sized, cross-functional efforts focused on reliable performance in the moments that matter. The talk traces roots of the discipline (moments of truth) through SAS Airlines, Lands’ End, and other case studies, then introduces five competencies for leading a customer-centric organization: treating customers as assets, defining journey stages, building a disciplined listening path, preempting unreliability, and ensuring leadership accountability. She peppered the talk with concrete tactics (touchpoint mapping, ‘kill a stupid rule,’ the customer room, storytelling by stage, and Vulcan mind meld exercises) and illustrated how reliability precedes delight, how to converge customer data into actionable insights, and how to structure governance to sustain a culture of customer growth.",customer-driven growth engine; cross-functional silos; reliability first; touchpoint mapping; moments of truth; rule removal; 1-800-GOT-JUNK case; hospitality quotient; reliability index; Amazon reliability engine; Lands' End journey mapping; moments of truth journey; customer immersion; customer as asset; journey stage naming; defector pipeline; experiential customer listening; customer mind meld; customer room; executive accountability; stage based storytelling; zip card journey; visual learning; moment of truth mapping; CEO alignment,Touchpoint mapping (selective) @ 00:03:42; moments of truth (origins and mapping) @ 00:12:14; Vulcan mind meld (leadership alignment exercise) @ 00:18:24; Be a customer / executive immersion ( experiential learning) @ 00:22:48; Defector pipeline (risk/retention focus) @ 00:19:04; Customer room (monthly/quarterly governance) @ 00:27:10; Zip card journey and visual storytelling @ 00:30:55,5
T3t5ApXbh8Q.youtube,Jeanne Bliss: Introduction to Customer Experience Leadership and the Stairway to Desire,"June 6, 2011",,"This six-minute introduction showcases Jeanne Bliss outlining her credentials and core philosophy for leading customer experience in large organizations. The talk foregrounds the idea that customer loyalty is driven by a desirable experience rather than mere satisfaction, introduces the iconic “stairway to desire,” and emphasizes cross-functional alignment to break silos. It weaves in real-world references (Rackspace example, public publications, and Bliss’s book) and culminates with actionable guidance for speakers and organizations to drive accountability for the customer experience, including an exercise to simulate unified leadership in a conference setting.",customer experience leadership; Chief Customer Officer role; desire vs loyalty; stairway to desire; word of mouth growth; silos and handoffs; customer-centric metrics; cross-functional collaboration; experience ownership; customer experience intro; Chief Customer Officer; Bermuda Triangle case; end-game clarity; human tape; kickoff speaker; large experience leadership,Stairway to Desire (desire-centric framing of customer loyalty) @ 00:00:54; Cross-silo leadership exercise (right/left gait analogy) @ 00:04:16; Human duct tape concept (internal alignment for customer experience) @ 00:06:02,6
TIsPxGmJr68.youtube,Proactive Customer Experience Recovery: Apology Letters and Love Bucks (Southwest Airlines Case),"May 8, 2013",,"The video presents a Southwest Airlines example of proactive customer experience recovery. Each day the airline reviews the prior day’s flights to identify whether a passenger’s life was interrupted, regardless of fault. A cross‑functional team—including operations staff, meteorologists, and a labeled “chief forgiveness officer”—assesses disruption severity and may respond with a preemptive apology letter and, in some cases, a monetary gesture called a love buck to encourage future travel. The speaker contrasts this approach with conventional “finance-only” thinking, noting Southwest still achieved a net revenue increase of about $1.7 million from these goodwill gestures, illustrating how proactive recovery can align customer satisfaction with financial outcomes.",daily disruption review; response team coordination; severity-based action; preemptive apology letters; love buck compensation; customer-centric recovery; goodwill gestures; recovery program revenue; Southwest recovery case,"Preemptive apology letter @ 00:00:30; love buck compensation (flight credit) @ 00:00:38; Cross-functional disruption review team (operations, meteorology, forgiveness officer) @ 00:00:13; Revenue impact measurement of goodwill gestures @ 00:00:58",6
UJ6J8XXuC8s.youtube,"Southwest Airlines: Realness, Servant Leadership, and Whimsy in Corporate Culture","May 8, 2013",,"The speaker discusses Colleen Barrett’s role at Southwest Airlines and frames leadership around being real and human, grounded in servant leadership. The narrative juxtaposes Southwest’s rising customer satisfaction with a rival claim from Northwest Airlines and describes an official corporate response, followed by a lighthearted tone that emphasizes humor and whimsy as a deliberate daily practice. Together, these elements illustrate how culture, communication, and leadership style contribute to Southwest’s authenticity and customer focus.",Colleen Barrett; Southwest Airlines; northwest airlines rivalry; servant leadership; real humane business; corporate response; humor in communications; daily whimsy; book than my dog; Colleen Barrett foreword; customer satisfaction; corporate culture; authentic business,Servant leadership and enabling the best selves @ 00:00:12; Being real and human in organizational culture @ 00:00:19; Public response to competitor assertion @ 00:00:49; Humor in corporate communications @ 00:01:05; Whimsy as daily discipline @ 01:36:00,4
UcqZXTEuhD4.youtube,Using Social Media to Map the Total Customer Experience,"May 26, 2015",,"Jeanne Bliss argues that modern organizations have become siloed, with marketing, operations, and sales excelling in their disciplines while customers move across the entire journey. She proposes placing a central function to orchestrate a holistic, one-company customer experience. The video highlights social media as a powerful revealer of the total customer experience, beyond traditional service metrics. Bliss teaches that insights should be drawn from the lives of customers and validated with numeric survey data, but the story should be led by the lived experience rather than by the score alone.",siloed organizations; customer experience owner; one company experience; social feedback channel; journey mapping; customer story storytelling; survey score validation; narrative driven by scores; life led storytelling; social voice of customer; customer experience vs service; holistic customer experience,"Tell the story of customers' lives using social media data to illuminate the total customer experience. @ 00:00:42.700; Validate what you know with numeric survey scores, but do not let the score drive the story. @ 00:00:48.020; Let the life of the customer lead the story, rather than prioritizing the score. @ 00:00:53.340",2
Vnbn1JE7DLg.youtube,Jeanne Bliss: Five Decisions Beloved Companies Make,"November 10, 2010","Chicago, USA (anecdotal reference)","Jeanne Bliss outlines five core decisions that distinguish beloved companies in their relationships with customers and employees: believe, with suspending cynicism; decide with clarity of purpose and align actions to a higher service-oriented promise; be real by shedding corporate veneer and creating an environment where employees can bring their best selves; be there by showing up for customers every day in ways that earn their loyalty; and repair the emotional connection after mistakes, moving beyond perfunctory apologies. Bliss links these practices to both financial prosperity and the prosperity of the human spirit, noting that genuine care generates customer loyalty and a energetic, magnet-like workplace culture. The talk contrasts sincere, repair-focused apologies with hollow ones and cites two years of research supporting the link between deliberate people-first decisions and better outcomes.",believe customers; believe employees; suspending cynicism; purpose clarity; customer service purpose; promise alignment; be real; remove corporate veneer; authentic workplace environment; be there; everyday presence for customers; earn the right to return; connection repair; genuine apology letters; mistake repair; human spirit prosperity; magnetic customer energy; downturn prosperity; research on beloved companies,Belief in customers and employees @ 00:00:07; Suspending cynicism @ 00:00:15; Purpose-driven decision making @ 00:00:19; Be real / reduce veneer @ 00:00:31; Be there / everyday presence @ 00:00:45; Earn the right to return @ 00:00:53; Repair emotional connections after mistakes @ 00:01:06; Sincere vs shallow apologies @ 00:02:03; Prosperity through human spirit and magnetic Energy @ 00:02:34,7
WVZWg_w3bow.youtube,Zappos pivots from dropshipping to inventory-driven fulfillment to improve customer experience,"November 2, 2010",,"In this brief interview excerpt, Alfred Lin discusses Zappos’ strategic shift from a dropshipping model to stocking inventory in order to better control the customer experience. The team explains how the original plan—market on the web and pass orders to brand partners for shipment—carried the appeal of no inventory costs, but many brand manufacturers blocked that approach. As a result, Zappos began inventorying more products and found that owning fulfillment enabled a noticeably better customer experience. The pivotal decision to stop dropshipping required sacrificing about 25% of revenue and increasing capital and cash needs, a trade-off deemed worthwhile for service and growth. Governance around the pivot was relatively uncomplicated by comparison, since there were few outside investors and the founders were effectively the board at the time. The tour moment also showcases a confession bell used to engage participants, adding a light aside to the otherwise strategic discussion.",inventory fulfillment; inventory management; fulfillment strategy; customer experience; brand partner constraints; capital requirements; revenue impact; growth strategy; board decisions; investor environment; Zappos culture; inventory-driven fulfillment,Inventory-first fulfillment to control the customer experience @ 00:01:22; Confession bell as tour engagement cue @ 00:00:52; Operating with minimal outside investment to enable bold pivots @ 00:02:02,2
WaGsvmp0qnw.youtube,Three Actions to Build a Culture of Belief in Your Organization,"May 8, 2013",,"Jeanne Bliss presents three concrete actions to hardwire belief in an organization's core competency: first, revamp hiring by starting with core values and adopting values-based screening (citing Chick-fil-A as an example); second, launch a “kill-a-stupid rule” movement to expose and eliminate outdated legacy rules, rewarding transparency and even celebrating successful removals with employee engagement; and third, share financials with all employees to build trust, with Container Store cited as an example of open financial reporting within a private company.",core values hiring; values-based core values hiring; screening for values; recruitment redesign; stupid rule movement; legacy rules removal; light of day exposure; rule surfacing reward; stupid rule elimination; rule removal celebration; financial transparency; open financials; Container Store example; Chick-fil-A hiring example; Commerce Bank origin; TD Bank merger,Hiring anchored in core values (values-based screening) @ 00:00:08.420; Kill-a-stupid-rule movement and exposure of legacy rules @ 00:00:19.120; Campaign reward for surfacing rules and whack-a-mole elimination @ 00:00:52.120; Open financials to employees (financial transparency) @ 00:01:00.840; Container Store open books example as organizational practice @ 00:01:10.640,4
Z58ovLlnUJ8.youtube,WestJet Lingo Reform: From Flight-Attendant Slang to Honored Guest Service,"May 8, 2013",Canada,"The speaker uses a concrete industry example to illustrate how internal language shapes customer experience and brand perception. By showing flight-crew shorthand (such as Pax in seat 10 wants a coffee) and WestJet’s deliberate move to eliminate that lingo, the talk demonstrates a shift toward a guest-centric service culture. The new attitude—treating passengers as honored guests—permeates the organization and is linked to a dramatic competitive outcome in the Canadian market within five years. The excerpt highlights how language choices at the leadership and daily operations level can become a strategic lever for differentiation.",language reform; jargon elimination; customer-centric language; guest-focused branding; service culture change; leadership messaging; branding and identity; organizational change management; WestJet case study; competitive positioning; reputation and perception; service communication,"Eliminate internal airline jargon to improve external customer service @ 00:00:32.500; Reframe staff-facing terminology to reflect customer-centric values (e.g., guests vs. passengers) @ 00:00:47.100; Leadership/branding through changed executive language (e.g., 'big shots' as a contrast to guest-centric terms) @ 00:00:43.400; Cultural transformation as a strategic driver of competitive advantage @ 00:00:50.500",3
ZYxE6SOd-ds.youtube,Chief Customer Officer 2.0: Book Release and Five-Competency CX Transformation,"May 26, 2015",,"In this 43-second YouTube clip, Jeanne Bliss announces the release of Chief Customer Officer 2.0 and reflects on a decade of coaching C-suite leaders and emerging Chief Customer Officers or VPs of Customer Experience. She frames the new book as a culmination of a developing roadmap for customer experience (CX) transformation, noting that the content is all new and organized around five competencies intended to guide CX initiatives within organizations.",Chief Customer Officer 2.0; Jeanne Bliss; CCO role; CX transformation; c-suite coaching; customer experience vp; CX transformation roadmap; cx transformation framework; publication announcement; coaching track record; emerging CX leadership; new book content; cx program leadership,Executive coaching for C-suite and CX leadership @ 00:00:02; CX transformation roadmap development @ 00:00:21; Five competencies framework for CX transformation @ 00:00:32,1
_EWSKMSIWYU.youtube,Belief as Asset: Customer-first Mindset and Training for a Culture of Belief,"August 1, 2013",,"In this succinct clip from Jeanne Bliss’s Beloved Companies framework, the speaker defines believing as two intertwined commitments: first, to treat the customer as an asset from the outset and to carefully punctuate that opening relationship because it shapes growth; second, to suspend cynicism and hardwire belief into the organizational culture, including efforts to address the needs of the minority. The final emphasis is on empowering employees through training and education so they can believe in their work and be believed in, forming the foundation of a culture where customers and staff are valued as essential assets.",customer as asset; starting customer relationships; first contact influence; suspending cynicism; belief driven culture; managing to the minority; belief in employees; belief training; believe and be believed,Mindset: customer as asset at the beginning @ 00:00:03; Communication: punctuate the beginning relationship to influence growth @ 00:00:08; Culture work: suspend cynicism in organizational culture @ 00:00:17; Culture work: hardwire belief and address minority perspectives @ 00:00:22; Capability building: training and education to enable belief @ 00:00:33,3
a4T2E2avIEA.youtube,Do Your Customers Talk About Your Trust in Them? - Jeanne Bliss,"May 8, 2013",,"This brief clip presents a leadership perspective on trust in business relationships. Jeanne Bliss poses two provocative questions intended to prompt executives to assess whether their relationships with customers and employees are grounded in mutual trust: whether customers would say they are trusted, and whether employees would say the leader believes in them. The two questions frame trust as a two-way, foundational element of customer experience and workplace culture, inviting reflection on how leadership behavior communicates belief in others.",two-way trust; customer trust; employee trust; trust-based leadership; staff belief; relationship storytelling; customer trust culture; organizational trust; trust as differentiator; relationship credibility,Trust-framing prompts @ 00:00:00; Two-way trust evaluation @ 00:00:12,1
a8tCNfHFn2g.youtube,What Story Is Being Told About You In the Marketplace? — Self-Reflection on Brand Narrative,"May 8, 2013",,"Jeanne Bliss asks viewers to consider the narrative their brand presents to customers and employees, framing the short talk as a study of how great companies earn the right to be seen as beloved. She introduces a self-reflection element—a “challenge question” meant to prompt viewers to evaluate where they stand in shaping that story today and how they might respond to the ongoing challenges in marketplace storytelling.",marketplace storytelling; customer perception of brand; employee perception of brand; beloved company concept; brand narrative reflection; self-assessment questions; narrative strategy alignment; great company benchmarking; marketplace messaging; leadership narrative,Framing the talk around brand storytelling and marketplace perception (opening question about your story) @ 00:00:00; Self-reflection prompt: use of a 'challenge question' to assess current position @ 00:00:28,1
aNq4zoUIkqg.youtube,From Selling Cups to Supporting Parenthood: A Customer-Centric Framework,"May 8, 2013",,"Jeanne Bliss contrasts an 'everyday', task-driven approach with a 'beloved', life-centric approach to customers. Using the concrete example of a children's cup, she argues that successful companies design around real-life contexts—specifically parenting—and not just product features. The talk highlights the limits of traditional focus groups and emphasizes creating outcomes (like spill prevention and easier handling) that support parenthood, reframing business success as improving customers’ daily lives rather than simply selling a cup.",customer-centric strategy; beloved company comparison; lived customer experience; product design and parenting; focus groups limitations; children's cup design; spill prevention design; outcome-oriented value; parenthood-supporting branding; co-creation feedback loop; selling vs supporting; feature versus need,Contrast framing: everyday vs beloved company (customer life-centric positioning) @ 00:00:15; Lived-experience design illustration: tangible product to reveal real-life needs using a children's cup example @ 00:00:34; Outcome-focused design emphasis: spill prevention as a design driver @ 00:00:54; Customer input via focus groups versus lived context: moms as a reference point @ 00:00:40,3
agMexgZUCgY.youtube,Beloved Companies: How Culture and Heart Translate Decisions into Customer Growth,"August 11, 2010",,"In this short talk, Jeanne Bliss explains how beloved companies earn extraordinary customer loyalty by making decisions that prioritize customers and employees, blending commerce with humanity, and aligning culture with actions. The content emphasizes the concept of congruence between heart (culture) and habit (actions), the way internal choices at critical forks steer outcomes, and how everyday decisions become the unified experience customers encounter. When customers love how you do business, they effectively become advocates who help grow the company.",customer loyalty; employee advocacy; customer-centric decision making; long term growth; road less traveled; decision-making compass; heart habit congruence; internal agendas; translation action chain; unified organizational actions; inside-out alignment; commerce with humanity; personal values in business; golden rule; word-of-mouth storytelling; love and trust growth,Congruence of heart and habit as the backbone of the organization @ 00:01:43; Habit as translation of decisions into organizational action @ 00:02:18; Blending commerce with humanity to guide decision making @ 00:01:27,4
bReWYgFUFSA.youtube,Beloved and Prosperous: Building a Customer-Centric Brand That Is Financially Successful,"August 17, 2010",,"In this brief talk, Jeanne Bliss defines a 'beloved' brand as one that is discussed in personal terms rather than as a faceless company, and pairs that with 'prosperous' to describe both financial success and the prosperity of the human spirit within the organization. She anchors the idea with examples like Zappos and Custom Ink and argues that long-term profitability comes from deliberately connecting with customers and fostering Energy, enthusiasm, and joy inside the company. Prosperity, she asserts, is not only about money but also about the positive human experience generated by the brand, which makes engagements contagious and resilient even in difficult times such as the 2008 downturn.",beloved brand; personalized brand narrative; brand devotion; customer-centric culture; organizational joy; financial prosperity; human spirit prosperity; joyful customer interactions; Zappos beloved brand; Custom Ink beloved brand; recession brand strategy; customer connection growth,Create a beloved brand by leveraging personal resonance and a customer-centric culture @ 00:00:00,2
clZ7fqysrjY.youtube,Customers Are the Asset of the Business: Elevating Customer Metrics in Leadership Meetings,"August 17, 2010",,"In this brief talk, Jeanne Bliss reframes the business mindset by treating customers as the primary asset. She describes creating a leadership language and a meeting cadence that centers on customer metrics—specifically tracking how many customers are acquired, how many are lost, why losses occur, and how to fix the underlying issues. The aim is to shift the conversation from a sole focus on sales to a broader, customer-centric view and to embed customer outcomes into executive accountability.",customer as asset; customer inflow metrics; customer churn analysis; customer loss analysis; customer-centric language AC77; meeting accountability; customer value focus; broken process repair; asset-based business mindset; lifecycle metrics; management culture shift; metrics-led leadership,Executive-level customer metrics: track inflows and losses @ 00:00:09.580; Communication for customer-centric leadership: a defined language set for CEO and direct reports @ 00:00:13.220,2
csRPXWEVoZY.youtube,Five Decisions to Grow Your Company into a Beloved Brand,"August 11, 2010",,"Jeanne Bliss outlines a concise, five‑step decision framework for turning customers into devoted fans. The talk centers on aligning organizational decisions with empathy for customers and clearly stated purpose. The five active decisions—believe, clarity of purpose, be real, be there, and say sorry—are presented as drivers of trust, better customer relationships, and sustainable growth. Bliss emphasizes that the outcomes of decisions shape what customers, employees, and the broader market think of a brand, and that rethinking decision making is a practical path to becoming beloved.",customer-centric decision making; customer empathy; decision storytelling; beloved company framework; believe in customers; purpose clarity; be real; be there; say sorry; intent behind decisions; decision motivation; decision outcomes; customer relationships; brand loyalty; delivering goods; preparing your people; being present with customers; relationship strategy apology; decision reframing; trust growth,Five-decision framework to become beloved @ 00:01:22.000; Empathy-driven decision intent @ 00:46:36.360; Rethinking decision making to earn customer trust @ 01:54:12.000,2
ddL69nd8pnA.youtube,Belief in Employees and Customers Fuels Growth — Dane Cycles Test-Drive Example,"August 17, 2010",,"This short, 1-minute video by Jeanne Bliss argues that ‘beloved’ companies are built on a foundation of belief: they first believe in their employees, then in their customers. The speaker explains that trusting employees to make good decisions and empowering them through hiring and training reduces the need for rigid, “black box” rules, and fosters a healthier, less cynical relationship with customers. A concrete example is given via Dane Cycles, a company that embodies this trust by allowing customers to borrow a high-value bike for a test drive without requiring a driver’s license. The message positions belief as a core driver of growth by enabling more open, collaborative, and customer-centric interactions.",belief foundation; employee belief; hiring and empowerment; belief in customers; rigid rules elimination; reducing cynicism; Dane Cycles case study; test drives without ID; belief-driven growth,Belief-based organizational culture as a driver of growth @ 00:00:00.000; Trust-driven test-drive policy (no driver’s license requirement) @ 00:00:50.780,7
dgxtwDDbTAc.youtube,Being Real in Customer Operations: Three Actions to Put Humanity into How You Operate,"May 8, 2013",," Jeanne Bliss argues that real, customer-centered operation starts by prioritizing people over accounts and choosing to manage life rather than spread sheets, and by visibly embedding values into how the business runs. She frames a three-action approach to being real, then expands with practical methods: (1) put humanity on the line in how you do business; (2) remove jargon from communications with customers; and (3) surface language issues through an acronym-focused team exercise. The talk also emphasizes walking in customers’ shoes by mapping and stepping through the processes customers experience, and it advocates onboarding that mirrors the customer-centric USAA training approach to instill customer experience into new hires. The examples include airline jargon to illustrate how acronyms can erase human connection, and she invites teams to test their own language and processes against the customer’s perspective.",customer-centric operations; human centered business; managing life over spreadsheets; values in operations; jargon reduction; acronym elimination exercise; humanity activity exercise; airline jargon example; walking in customers shoes; process walkthrough; deliberate task processing; USAA onboarding model; customer clarity; customer interaction language; humanity in operations; customer experience alignment,Acronym usage elimination exercise @ 00:00:40.000; Customer-perspective process walkthrough @ 00:01:31.200; USAA-style onboarding reference @ 00:01:37.820,0
eSb4bDpRvtQ.youtube,"Core Values, Customer Asset Mindset, and Training-Driven Belief in Service (Chick-fil-A Drive-Through Case)","May 8, 2013",Chick-fil-A drive-through,"The video uses a Chick-fil-A drive-through interaction to illustrate how hiring for core values and framing customers as valuable assets can shape the early moments of the customer relationship, fueling sustained growth. It argues that a culture built on belief—fostered by training and a commitment to suspend cynicism—results in happy frontline staff who can be believed in and who in turn contribute to long-term business performance, as evidenced by Chick-fil-A’s described growth and the emphasis on embedding values through culture and education.",core values-based hiring; team members hired core values; business story; customer asset belief; customer growth impact; culture growth link; cynicism in culture; culture hardwiring; belief through training; belief in the job; frontline happiness; long term sales growth; story based culture,Core-values-based hiring @ 00:00:17.920; Seeing customers as assets at the start of the relationship @ 00:00:49.040; Suspending cynicism to hardwire culture @ 00:01:03.860; Training to create belief (and be believed) @ 00:01:13.760,4
eTGYZy-m2x0.youtube,"Beloved Company Five: Five Decisions That Create Trust, Loyalty, and Growth","June 6, 2011","Griffin Hospital, Connecticut area","Jeanne Bliss argues that truly beloved companies are defined not by lightweight slogans but by deliberate, values-driven decisions that shape every customer interaction. She outlines five core decisions—believe, decide with clarity, be real, be there, and repair the emotional connection—and grounds them with concrete, real-world examples from Griffin Hospital, USAA, Zara, Zappos, Southwest, WestJet, Amy’s Ice Creams, and others. The talk emphasizes viewing customers as assets, empowering front-line employees to act with trust, and designing service moments that create lasting memories. It also showcases practical tactics such as onboarding litmus tests, proactive recovery routines, personalizing apologies, and creating simple magnets or rituals (arcades, white-paper job applications, love bucks) to attract and retain customers. The overarching message is that consistency between heart and habit—and the ability to repair trust when mistakes occur—drives not only customer loyalty but sustainable prosperity and a positive organizational culture.",believe in people; suspending cynicism; purpose-led decisions; higher purpose alignment; real authenticity humility; veneer removal; consistent customer presence; connection emotional repair; customers as assets; long term value; cross functional decisions; frontline empowerment; rules-free trust; commitment litmus tests; retention fit; customer experience bookends; wow service moments; handoff continuity; proactive service recovery; humane apology; dehumanizing lingo removal; customer-centric hiring,"Litmus test for commitment (two-month onboarding) used by Zappos @ 00:14:27; Proactive customer service recovery: MOM meeting and Chief Forgiveness Officer (Fred Taylor) at Southwest @ 00:29:42; love buck: post-incident gesture to win back customers @ 00:30:16; Elimination of dehumanizing airline jargon and reframing customers as honored guests (WestJet) @ 00:20:28; Two-way staff onboarding with lasting handoffs (Edward Jones example) @ 00:26:38; Service magnets: low-cost, high-visibility moments to attract customers (TD Bank arcade; Amy's bag test for candidates) @ 00:25:11; Knowledge as a bond: prioritizing knowledge and transparency over endless training @ 00:24:52",14
fO7rbrV1TcE.youtube,Leadership Behaviors: The Why Behind Customer Growth,"May 26, 2015",,"Jeanne Bliss argues that business success is ultimately measured by net customer growth rather than raw headcount, and she emphasizes that leaders must care about the reasons behind gains and losses. By focusing on how and why customers’ lives were interrupted or improved by the company’s offerings, leaders can uncover the causal drivers of growth, align leadership attention with customer outcomes, and drive transformative change in the business.",net customer growth; customer acquisition; customer churn; leadership accountability; causal analysis; growth loss reasons; customer lifecycle; customer impact; lives interrupted; lives improved; customer outcomes growth; business transformation,Causal analysis of customer gains/losses to drive growth through leadership focus on customer outcomes @ 00:00:07.120,3
fjH56h7aVeQ.youtube,Three Actions to Build Reliability into Your Customer Experience,"May 8, 2013",,"Jeanne Bliss outlines three concrete actions to improve reliability in customer experience. Action 1 centers on proactively empowering the frontline to handle issues without desk support, by brainstorming in advance the heroic actions they can take and equipping them with the right tools, training, and preparation. Action 2 invites customers into the design process, particularly by engaging promoters identified via Net Promoter Score (NPS) initiatives so they can help shape future products and services. Action 3 focuses on improving handoffs between service providers to prevent lost information and avoid a dysfunctional transition, described metaphorically as avoiding a Bermuda Triangle. Together, these actions emphasize proactive preparation, customer co-creation, and reliable provider handoffs to reduce failures and strengthen customer experience reliability.",frontline empowerment overview; proactive problem solving; operational diligence; heroics and process; service recovery; frontline training; Net Promoter Score; promoter engagement; customer co-design; design input; customer voice; provider handoffs; provider transitions; bermuda triangle metaphor; customer experience reliability,Proactive frontline empowerment and preparation @ 00:00:10; Customer involvement in design and promoter outreach (NPS) @ 00:49:00; Handoff optimization across providers (no Bermuda Triangle) @ 01:01:00,3
g-ePtpzF9bc.youtube,Real-World Customer Feedback Drives Swimwear Design: The Land's End Experience,"August 17, 2010",Land's End (probable workplace/context referenced),"Jeanne Bliss recounts a formative experience at Land's End that shaped her commitment to customer-centric product design. She describes a culture of trust that empowered staff to make the right decisions for customers, and she emphasizes building products by listening to real customers. A concrete example describes inviting real women to test swimsuits in a pool, gathering direct feedback on fit (such as cup placement and back fit), and using those words to drive business decisions. The talk culminates in a pledge to pursue this customer-focused approach throughout her career.",Land's End service; customer-led product design; listening to customers; real-user testing; real customer testing; fit feedback; voice-driven strategy; trust and autonomy culture; customer words to decisions; long term customer commitment; prototype from customer input; customer feedback loop,In-pool testing with real customers for swimwear @ 00:00:28; Translating customer words into business decisions (voice-of-customer driven strategy) @ 00:00:39,6
gO4sQy97P08.youtube,Apology as a Peace Process: Proactive Recovery and Frontline Empowerment,"November 10, 2010",,"Jeanne Bliss frames a customer apology as a humane, proactive process that repairs the emotional bond with customers when something goes wrong. The talk emphasizes four behaviors—humility, remorse, an organized and deliberate recovery process, and an explicit effort to repair the connection—arguing that these actions reveal a company’s true character under pressure. She contrasts IT-style recovery playbooks with customer life disruption, highlighting a Southwest Airlines example (the MOM meeting and a Proactive Customer Service Recovery Team led by a figure described as the Chief Forgiveness Officer) and the practice of writing personalized letters and sending gestures like Love Bucks to customers. The discussion also foregrounds frontline empowerment (as at Land’s End and L.L. Bean), the need to believe in employees, and the principle that apology should be the last resort after clear parameters. With concrete outcomes cited (70% of recipients returning customers and a 2009 net revenue impact of about $1.7 million for the program, within a company with about $1.5 billion in annual sales), Bliss argues that genuine, well-executed apologies can be both ethically sound and financially beneficial. The closing questions challenge organizations to assess whether their apologies restore confidence and stand as their finest hour.",humanity litmus test apology; acknowledging mistakes; humility in service; apology remorse; apology process; emotional connection repair; customer recovery systems; IT disruption response; it recovery actions; frontline recovery meeting; recovery team; chief forgiveness officer; personalized incident letters; love buck gesture; net increase revenue; return to customer rate; heart habit congruence; frontline rescue; employee belief and purpose; belief over parameters; apology as last decision; real humane service design,Proactive Customer Service Recovery Team (Southwest MOM framework) @ 01:52; Personalized letters to customers after incidents @ 02:04; love buck gesture (L-U-V) to customers @ 02:18; Frontline empowerment to decide from heart and gut (Land’s End / L.L. Bean reference) @ 03:57; Philosophy: 'Sorry is the last decision' and starting with belief @ 04:04,3
h0npX-hsCY4.youtube,From Everyday Decisions to a Beloved Company: How Daily Choices Shape Value for Customers and Employees,"May 8, 2013",,"The video argues that the daily decisions a company makes across operations, people, and processes collectively tell a story about who the company is and what it values. By being deliberate about how we respond when things go wrong, our commitment to delivering on promises, maintaining quality, and supporting employees sends a clear signal to customers and the marketplace about care and intention. The message positions everyday operational choices as the differentiator between an ordinary company and a beloved one, grounded in trust, reliability, and attention to people at the end of every decision.",decision making; company values; brand narrative; customer experience; quality and delivery; operational integrity; error correction; employee support; stakeholder signals; experience consistency,"Narrative framing of corporate values through daily decisions @ 00:00:00; Highlighting corrective action, reliability, and care as signals to stakeholders @ 00:00:51",1
h4VJtLVnEcA.youtube,Belief-Driven Customer Asset Strategy: Lessons from Jeanne Bliss on Beloved and Prosperous Companies,"November 9, 2010",California,"Jeanne Bliss argues that beloved and prosperous companies share a trust-based operating model: they believe that customers can be trusted, they minimize wedges created by excessive rules, and they empower employees to act with autonomy. This results in Energy, innovation, and a workforce that brings its best self to work. A core theme is treating customers as assets with long-term value rather than as mere costs, and granting decision rights across the organization to nurture that asset. The video stitches these ideas to a concrete example—Zane Cycles offering test rides without collateral—to show how trust can coexist with risk, yielding a high lifetime value per customer (about $12,500). It closes by urging hiring for long-term values, not just filling seats, underscoring the link between personal ethics and business behavior.",trust-based policy; customer asset mindset; decision rights; heart habit congruence; long-term lifetime value; test rides without collateral; trust-based risk management; brand trust stories; business ethics; values-based hiring; luxury retail experience; no nickel-and-diming; policy simplicity and trust,"Belief-based customer service culture (trust-first approach) @ 00:00:02; Empowerment over micromanagement (employee decision rights) @ 00:01:56; Test-ride without collateral (risk-tolerant, trust-enabled policy) @ 00:03:14; Lifetime value framing (customers as assets with long-term value) @ 00:03:34; Values-based hiring (long-term fit over quick fills) @ 00:04:06",4
h8iAYOBiP3w.youtube,Five Decisions to Transform Into a Beloved Company — Transcript Analysis,"May 8, 2013",Wisconsin farmland (Land's End origin story),"The talk presents five decisions that define Beloved Companies, grounding them in beliefs about customers and employees, purposeful engagement with customers’ lives, authenticity, reliability, and compassionate response to missteps. Through a Land’s End anecdote about imagining the customer experience and emotional moments, plus personal family stories, the speaker argues that trust and emotional connection are built by removing corporate veneer, delivering consistent experiences, and treating apologies as a core capability. The transcript highlights practical implications for customer experience, social media implications, and the humility required to repair trust after mistakes.",suspending cynicism; belief in customers; belief in employees; purpose clarity; customer life intersection; lands end customer vision; real business culture; operational reliability; service consistency; social media reflection; mistakes as humanity test; contrition competency; trust repair; humble apology,"Empathetic, customer-centric philosophy (belief in customers and employees) @ 00:00:07; Purpose-driven customer lifecycle mapping (intersecting customer life and emotions) @ 00:00:23; Authenticity and removing corporate veneer @ 00:01:10; Reliability and consistency as brand storytelling (operational reliability) @ 00:01:31; Contrition as a core competency (seriousness about apologies) @ 00:02:14",3
hCrDni5MIs0.youtube,Immersive onboarding and life-centric customer empathy (USAA case study),"May 8, 2013",,"This talk excerpt describes USAA’s onboarding approach that immerses new hires in the customer’s life (military-style orientation, field exposure) to foster deep customer empathy before discussing policy. The speaker argues that deliberate, ongoing field interactions keep staff connected to customers and their lives, contributing to strong outcomes such as a high Net Promoter Score and a 98% renewal rate in 2011. The speaker then suggests applying life-centered onboarding and lifecycle engagement to other businesses, emphasizing understanding the customer beyond paperwork.",USAA onboarding; customer empathy; immersive onboarding; field customer exposure; life centric conversations; Net Promoter Score; 98% renewal rate; lifecycle customer engagement; customer life vs policy; service onboarding; customer-centric transformation,Immersive onboarding through life-experience simulation (military-style orientation for new hires) @ 00:00:16; Life-first conversations to shift focus from policy to personal context @ 00:00:32; Deliberate field exposure to understand the customer’s life @ 00:00:39; Linking Net Promoter Score and renewal rates to ongoing customer insight @ 00:01:04; Lifecycle-oriented onboarding recommendations for other businesses @ 00:01:26,1
hLIGdpeee74.youtube,Deliberate Emotion Bookends: Designing Calm in Customer Experience (Griffin Hospital Case),"November 9, 2010",Griffin Hospital,"The speaker argues that memorable customer experiences hinge on deliberate bookends—the emotions customers feel at the start and at the end of an encounter. Using Griffin Hospital as a case study, she explains how a designed emotional journey transforms anxiety into calm through a set of concrete operational choices. By layering ambient cues (parking-lot music), practical services (valet, concierge), and family-friendly amenities (hot dog wagons for waiting children), the hospital aimed to reduce fear and foster a sense of partnership with families. The result, framed as formal action items, is a stronger brand story and faster growth, illustrating that emotion can be deliberately designed into service delivery—and tracked through outcomes and word-of-mouth narratives.",customer experience bookends; emotion design in service; entry emotion; exit emotion; memory storytelling; hospital calm design; hospital entry fear; calm operations; parking-lot music; calm patient service; healthcare concierge; waiting family amenities; kids hot dog wagons; deliberate emotion growth; deliberate service design; emotional brand narrative,"Emotion-first service design: deliberately shaping entry and exit emotions to influence memory and advocacy @ 00:01:12; Ambient cues and friction reduction: using music/ambience to calm anxious customers at entry @ 00:01:29; Stress-relief operational toolkit: valet, concierge, and kid-friendly amenities to support families @ 00:01:31; Simple action items for delivery: translating emotion design into concrete steps @ 00:01:45",4
hR9ATKfqqJg.youtube,"Zappos Twitter Adoption: Culture, Serendipity, and Customer Connection","November 2, 2010",South by Southwest (SXSW),"The interview excerpt presents how Zappos integrated Twitter into its culture and customer relationship practices. Alfred Lin describes a bottom-up adoption that began with Tony Hsieh's suggestion, expanded to hundreds of employees, and aimed to strengthen internal bonds and enable serendipitous encounters across locations. The discussion emphasizes that many tweets are authentic daily-life updates rather than promotional messages, contributing to customers feeling personally connected to the people behind the brand. The core lesson is that social media can humanize commerce when used to foster real human interaction among employees and with customers, rather than as a pure marketing tool.",twitter adoption overview; Twitter culture adoption; employee engagement; Twitter adoption; cross-location collaboration; authentic company communication; humane technology; perception and relationship; non-promotional content; daily life sharing; open communication; brand humanity; SXSW; U2 concert; followers and reach; transparent loyalty,"Internal social media adoption at scale to strengthen employee cohesion @ 00:01:02.620; Authentic, non-promotional daily-life sharing to build customer connection @ 00:02:10.440; Leveraging customer feedback to reinforce the perception of knowing staff @ 00:01:39.600; Maintaining a human-centric social media narrative @ 00:02:03.440",2
hZ7mfaI26zw.youtube,"Zappos Vision Evolution: Selection, Service, and Delivering Happiness","November 2, 2010",,"The video presents a concise narrative of how Zappos’ guiding vision has evolved. Beginning with a focus on product selection, the company shifted to service, defining service as powering a personal emotional connection with customers, and ultimately moving toward delivering happiness. The speakers emphasize that the vision is continually expanding and that the company must evolve to deliver on behalf of the customer.",zappos vision evolution overview; customer service philosophy; delivering happiness; brand vision evolution; service culture; emotional connection; Zappos vision evolution; founder anecdote; customer-centric business model; product versus service,brand vision evolution narrative (selection -> service -> delivering happiness) @ 00:00:02; Articulating service as a core driver with a personal emotional connection @ 00:00:19; Positioning 'delivering happiness' as the culmination of a customer-centric strategy @ 00:00:30,4
ikYEDYPloPs.youtube,Do You Need a Chief Customer Officer? Not a Silver Bullet,"August 17, 2010",,"Jeanne Bliss argues that a Chief Customer Officer (CCO) is not a universal solution for improving customer focus. The CCO is most relevant in highly siloed organizations, where departments such as billing, operations, and marketing excel within their own domains but create a fragmented customer experience across silos. In such contexts, the CCO (or Chief Experience Officer) acts as a unifying, cross-functional advocate—described as a form of human duct tape—whose role is to align silos from the customer experience perspective and ensure coordination across operations toward a seamless customer journey.",CCO role; Chief Experience Officer; siloed organizations; cross-functional alignment; cross-silo journey; customer experience perspective; cross functional silos; silver bullet solutions; customer focus in organizations,Human duct tape metaphor for cross-functional alignment (CCO role) @ 00:00:40.200,1
isMhwWhrmdk.youtube,Asset vs Cost Center: Customer Lifetime Value Mindset,"May 8, 2013",,"In this concise talk excerpt, Jeanne Bliss invites viewers to reframe customers as assets whose lifetime value should guide organizational choices. She contrasts investing in long-term relationships with treating customers as purely transactional, and notes that maturity in the market may shift attention toward smaller clients. The questioning voice highlights how the chosen mindset about customers potentially shapes outreach, support, and long-term business impact.",customer lifetime value; asset versus cost center; long term relationships; customer value mindset; lifetime value metric; relationship sales; customer oriented culture; onboarding considerations; outreach and support; customer value growth; market maturity and client mix,asset vs. cost center mindset toward customers @ 00:00:00; Consider lifetime value of smaller customers vs large clients @ 00:00:12; Investing in customer relationships for long-term value @ 00:00:19; Transactional vs relationship-driven approach and organizational impact @ 00:00:25,3
kI3xWZ9-Mu4.youtube,Customer Experience Bookends: Hello and Goodbye as Deliberate Interactions,"May 8, 2013",,"The video frames customer experience around two pivotal moments—the hello and the goodbye. Jeanne Bliss argues that onboarding should start with a deliberate, relationship-focused welcome that asks about what a client wants to accomplish in their business, rather than defaulting to transactional checks such as tax-year questions. She contrasts this with a personal anecdote about an accountant whose interactions felt overly transactional. The outro matters too: a thoughtful goodbye should leave the client with peace of mind and a sense of closure. Taken together, the video promotes a relational, goal-oriented approach to client conversations at both the start and end of interactions, rather than purely transactional exchanges.",customer experience; bookends concept; deliberate greeting; onboarding conversations; goal oriented questions; hello goodbye moments; purpose discovery; transactional relational service; customer bookends; peaceful goodbye; first impressions; end-of-call reassurance,Deliberate warm greeting / onboarding-focused intro @ 00:00:00; Goal-oriented inquiry about business objectives @ 00:00:24; Closing with peace of mind / reassurance @ 00:00:37,2
koHf5bS7ycU.youtube,"Humility in Action: Apology, Remedy, and Marketing the Fix","May 8, 2013",,"This short talk frames humility as a practical response to service mistakes. It cites a real-world case (Nurse Next Door) and a fictional partnership with the Acme Humble Pie Company to illustrate not only a sincere apology but also a tangible remedy. The speaker emphasizes that a modest financial investment (spending on humble pies) can yield a large return by repairing trust, and that the remedy should be communicated broadly to reinforce the company’s values on display during recovery.",humility and remorse; remorse overview; apology and remedy; apology case study; nurse next door recovery; humble pie analogy; problem repair after mistakes; remedy branding; service recovery ROI; marketing the solution; values in service; stakeholder communication,Humility and remorse as a corrective approach @ 00:00:00.000; Humble Pie branding to accompany apology @ 00:00:10.840; Cost-benefit demonstration of apology @ 00:00:17.720; Communicate the solution widely and emphasize values @ 00:00:27.300,4
kzGo060urOI.youtube,Are Customers Telling Your Story? — Crafting Brand Narrative Through Customer Experience,"May 8, 2013",,"In this concise talk, Jeanne Bliss links brand narrative to the stories customers tell about a company, arguing that customer love—though irrational—is a powerful reward for authentic, consistent behavior. She suggests that beloved brands capture a larger share precisely because leaders aren’t constantly scrutinizing every decision, and she issues a call to action: with every hiring choice, audit, training investment, and every customer-facing moment, decide how you want to show up and what story your organization is amplifying in the marketplace. The central message is that the responsibility for shaping the brand's story rests with leaders who deliberately align daily actions with the values they want customers and employees to perceive.",customer storytelling; brand narrative; customer love; irrational business behavior; brand equity; decision making; hiring signals brand; audit training alignment; customer experience; employer branding; market perception; values communication; brand stewardship; leadership responsibility,Brand storytelling through customer perception @ 00:01:02; Decision-based leadership in HR and operations for branding @ 00:00:42; Using customer love as a market signal @ 00:00:20,8
lJn2-_oTPY0.youtube,Trust-Driven Culture: Customers and Employees at the Core,"May 8, 2013",,"Jeanne Bliss argues that beloved companies win by choosing trust over control: they treat customers as trustworthy and replace excessive rules with innovation and partnership, while empowering employees to do the right thing rather than micromanaging every action. The talk contrasts policy-heavy, price-driven competition with a culture that emphasizes Energy, collaboration, and long-term loyalty. Bliss also suggests that employees stay and thrive when the organization honors them and when corporate decisions align with personal values, citing Land’s End as an example of congruence between business choices and lived life. The result is a customer- and employee-centric culture built on trust, autonomy, and shared purpose.",trust-based relationships; customer trust culture; policy reduction; customer partnerships; value-based competition; employee autonomy; decentralized decision making; reduced oversight; retention collaboration; organizational loyalty; personal professional congruence; Land's End congruence,Trust-based customer relationships as a strategic growth driver @ 00:00:00; Reduction of rules and oversight to enable innovation @ 00:00:08; Value-based competition over price-based shopping @ 00:00:16; Employee empowerment and autonomy @ 00:00:26; Decentralized decision-making to boost Energy and collaboration @ 00:00:32; Culture of honoring employees to improve retention @ 00:00:51; Personal-professional value congruence as cultural cornerstone @ 00:00:53,3
ljWikRGcEBI.youtube,"Being Real with Customers: Authenticity, Humility, and Scalable Customer-Centric Culture","November 9, 2010","Des Plaines, Illinois","Jeanne Bliss uses a set of anecdotes to argue that authenticity and humility in customer service can scale across organizations without losing the human touch. Beginning with a small-town shoe merchant and a family’s example, she cautions against corporate jargon that obscures the customer, then highlights how language and culture shape experiences. Through WestJet’s hospitality reframing and Southwest’s humorous, customer‑driven response to competition, the talk demonstrates that treating customers as real people and communicating with humility can build lasting loyalty, even as companies grow larger and more complex.",authentic customer service; humility as value; scalable authentic culture; jargon and perception; human centric brand language; honored guest language; WestJet language transformation; honored guests voice; authentic branding and pr; culture storytelling; family ethics; authentic customer community; experiential service culture; humor balance in branding,"Authenticity through personal storytelling and family examples @ 00:01:19; Eliminating internal jargon to preserve customer-facing clarity @ 00:02:04; Reframing customer service language to honor customers @ 00:03:04; Using public, anecdotal case studies (WestJet, Southwest) to teach culture @ 00:03:25",7
lnoYntRLKMU.youtube,Becoming a Beloved Company: Jeanne Bliss on I Love You More Than My Dog,"May 26, 2015",,"In this concise keynote excerpt, Jeanne Bliss discusses her leadership book I Love You More Than My Dog (subtitle: Five Decisions That Drive Extreme Customer Loyalty in Good Times and Bad) as a blueprint for shaping the kind of company leaders want to create. She frames the book as a practical leadership guide rather than abstract theory, positioning it as a precursor to the Chief Customer Officer role. Bliss emphasizes building a ‘beloved’ company by guiding decisions about how to treat customers and employees, and notes that the book is widely used by leaders and CEOs as a training resource for teams to align around a shared aspirational direction.",book than my dog; customer loyalty decisions; beloved company concept; customer loyalty; customer experience; employee treatment; leadership decisions; customer experience officer; CEO buy-in; leadership books; culture vision,Vision-based leadership for a 'beloved' company @ 00:00:12; Emphasis on treating customers and employees well as a decision framework @ 00:00:18; Executive adoption and team-wide use of leadership literature @ 00:00:23,7
mB1fiZQPCnM.youtube,From Banking Silos to Life-Centric Stores: Umpqua Bank's Customer-Life Driven Model,"May 8, 2013",Umpqua Bank (explicitly mentioned in transcript),"The video presents a case study of Umpqua Bank adopting a life-centric service model that moves beyond traditional branch silos. It describes rebranding branches as open, community-oriented 'stores' and emphasizes operational continuity through cross-training so staff can address the full spectrum of a customer's life needs. The presentation highlights several experiential elements—the greeter, coffee bars, open computer access, and night-time video screens for kids—that collectively create a welcoming, multi-use environment. A key takeaway is the deliberate removal of physical barriers (the 'red ropes') to enable a more fluid customer experience and a growth strategy grounded in serving the customer's life rather than enforcing legacy banking practices.",Umpqua Bank; store concept; customer life; cross training; store greeter; coffee bar; open computers; night family programming; kids video screens; environment design; red ropes; growth strategy; legacy banking practices; customer-centric banking,"Cross-training employees to service the whole lifecycle of the customer @ 00:36:20; Rebranding branches as 'stores' and designing them as community-focused spaces @ 00:24:06; Creating an ambient, multi-use customer environment (greeter, coffee bar, open computers) @ 00:42:02; Night-time, family-friendly programming with video screens for kids @ 00:50:00; Removing physical barriers (red ropes) to streamline service @ 01:01:09",2
mKMU7kspppw.youtube,Honor Integrity to Grow: A Trust-Based Customer Policy at a Connecticut Bicycle Shop,"August 1, 2013","Zane Cycles, Connecticut","The speaker uses a real-world example from Zane Cycles in Connecticut to illustrate a trust-first customer experience: riders can take a $3,000 bicycle for a ride without presenting ID, collateral, or credit card information. By honoring the customer’s integrity, the shop aims to build a large lifetime value per customer (cited as $12,500) and cultivate an internal culture that discourages cynicism. The lesson emphasizes aligning business rules with trust, suggesting that strict checks can undermine relationships and erode growth, while a policy that protects the majority from the minority can sustain low loss rates and long-term loyalty.",id free rental policy; collateral-free policy; credit check avoidance; integrity-based trust; trust-based value; cynicism resistance; majority protection policy; low loss rate; Zane Cycles case study; trust ethics; trust growth strategy; brand reputation integrity; trust communication; trust-based policies,"Trust-based, non-intrusive customer interaction (no ID/collateral required) @ 00:00:00; Frame integrity as a driver of customer lifetime value @ 00:00:34; Cultivate an anti-cynicism internal culture by avoiding suspicion in interactions @ 00:00:44; Risk tolerance as a growth enabler (trust-based policies tied to growth) @ 00:00:50; Use of loss-rate data to justify trust-based practices @ 00:00:56",3
mWPFjShu4EY.youtube,Attaching KPIs to Moments of Truth in Customer Experience,"August 17, 2010",,"Jeanne Bliss argues that organizations often deliver a “defaulted experience” when internal teams chase their own metrics instead of optimizing the customer journey. She advocates inventorying moments of truth—critical touchpoints in the customer experience—and attaching key performance indicators to those moments. Using an insurance example, she shows that within three weeks of policy issuance a large share of customers may experience buyer’s remorse, highlighting the need for metrics on outreach by agents, the cycle time to deliver paperwork, and proactive recovery for customers who begin to complain. The talk emphasizes cross‑functional alignment of metrics and incentives to prevent customer experience from faltering and to better reflect the actual journey customers undergo, rather than the internal org chart depiction seen on websites.",KPI tracking; moments of truth; defaulted customer experience; customer journey; outreach metrics; cycle time; complaint rescue; cross-functional metrics; KPI alignment; insurance follow-up; paperwork delivery; customer retention,Attach metrics to moments of truth in the customer journey @ 00:00:36.880; Monitor cycle time for paperwork and implement complaint rescue @ 00:00:50.660; Align incentives by measuring experience across departments @ 00:01:00.800,1
meucN3nA6XU.youtube,Prioritizing Customer Experience Projects to Drive Growth,"May 26, 2015",,"In a concise leadership-facing moment, Jeanne Bliss describes how organizations often launch multiple customer-related initiatives that end up competing with one another because they’re organized in silos. She proposes a practical refocus: inventory every project that carries the label customer or customer experience, recognize that many efforts are misaligned or duplicative, and stop solving problems in isolated pockets. Instead, move to a simple, cross-functional prioritization—identify the top two or three high-impact initiatives that will meaningfully improve the customer experience and, as a result, drive growth. The segment illustrates a compact framework for aligning leadership actions with customer outcomes, rather than pursuing siloed, score-driven fixes.",project inventory; customer experience labeling; siloed initiatives; project cross-purposes; survey scores and experience; fish in barrel metaphor; leadership alignment; initiative prioritization; high-impact projects; cx growth; experience and growth focus,Inventory of customer-related projects to reveal silos @ 00:00:02; Identify cross-silo misalignment and lack of unified focus @ 00:00:11; Prioritize top two to three high-impact initiatives for customer experience and growth @ 00:00:27,1
nAZSS3lmkzI.youtube,"Beloved Companies in Practice: Net Promoter, Lifetime Value, and Proactive Service","June 6, 2011",,"Jeanne Bliss’s talk outlines how “beloved” companies win long-term loyalty by making people-centered decisions that align with customers and employees. The talk pairs high-level principles (belief, clarity of purpose, authenticity, presence, and owning mistakes) with practical demonstrations and case studies. Chris Zane (Zane Cycles) and executives from Southwest Airlines and USAA illustrate the power of lifetime value, service over price, and proactive, personalized responses to problems. Key demonstrations include a bowl-of-quarters metaphor for customer lifetime value, a lifetime-service and price-protection toolkit, and a proactive communications program. The session emphasizes breaking down silos, hiring for values, guiding behavior through mission and empathy, and treating customers as lifelong relationships rather than transactions.",Net Promoter; beloved companies; customer experience; lifetimes value of a customer; lifetime service warranty; proactive apology communications; silo removal; trust transparency; experiential test rides; employee empowerment; member-focused hiring; mission clarity; empathy in service; goodwill ROI; morning overview meeting; price protection guarantee,"Bowl of quarters lifetime value demonstration @ 00:13:21; Lifetime value ROI and long-term service commitments (e.g., lifetime free service, lifetime warranty, 90-day price protection) @ 00:34:50; Proactive apology program and customer communications process (letters/videos) @ Southwest @ 00:29:43; Morning Overview Meeting (MOM) workflow and cross-functional escalation at Southwest @ 00:28:08; Hiring customers and VetNet at USAA @ 00:43:46; Mission clarity framework at USAA (Inspiration, What, Aspirational) @ 00:37:34",6
nzpa0u8qVYc.youtube,Impact of being a beloved company,"August 11, 2010",,"The talk argues that becoming a beloved company hinges on noble, well-communicated decisions that resonate with employees and customers alike. Such decisions not only yield financial rewards but also create prosperity for the human spirit, as genuine, enduring relationships form between the company, its people, and its customers. When customers become champions, they help attract others, energize growth, and act as an organic marketing force, while employees stay engaged and see their contributions as meaningful to the business and its mission.",beloved company; noble decisions; decision making path; financial outcomes; human spirit prosperity; employee engagement; employee retention; genuine relationships; customer champions; customer advocacy; word of mouth marketing; customer advocacy growth; brand loyalty; culture based differentiation,Noble decision-making as a driver of financial and human prosperity @ 00:00:22.980; Leveraging customer advocacy to accelerate growth @ 00:01:11.260,2
p9dTpcm6GJg.youtube,Three Actions to Earn Back Customer Trust — Jeanne Bliss,"May 8, 2013",,"Jeanne Bliss frames apologies as a disciplined practice: taking accountability, repairing the connection with humility and remorse, and embedding those behaviors into an organization's culture. She then outlines a practical three-part framework to decide when to say sorry: first, establish a cross-functional, daily overview-style process so all teams have visibility during customer audits or incidents; second, actively solicit what frontline staff need when handling customer calls; and third, implement a proactive customer recovery plan analogous to an IT recovery plan to guide timely, transparent remediation.",accountability and remorse; genuine apology; humility and remorse; remorse overview; organizational culture; daily overview meeting; cross-functional visibility; frontline input; customer issues; glitch auditing; crisis communication; customer recovery; IT recovery plan; peace mind; trust restoration; proactive outreach; transparent problem resolution; customer trust recovery; recovery actions; service recovery; audit responses; customer satisfaction,Cross-functional crisis visibility via a daily overview–style meeting @ 00:00:36; Frontline-informed escalation and support during customer issues @ 00:00:52; Proactive customer recovery plan (analogous to IT recovery planning) @ 00:01:02,2
pVRxjqTm9xc.youtube,"Beloved Company Blueprint: Customer Advocacy, Employee Retention, and CRM Cautions (Jeanne Bliss Interview)","June 6, 2011",,"In this short interview, Jeanne Bliss articulates a practical framework for building “beloved” companies. She identifies three differentiators: (1) customers who tell your story in the marketplace, which creates competitive immunity; (2) employees who stay, which lowers recruiting costs and sustains Energy; and (3) an unrivaled customer experience that fuels profitability and growth in both good and bad times. She emphasizes that customer love and social proof—exemplified by positive mentions in social media—are key signals, and she cautions that CRM alone is not a magic bullet. To be effective, organizations must blend high-touch engagement with high-tech data and ensure action and accountability flow from insights, not just collection of information.",beloved company framework; advocacy and storytelling; retention and recruiting cost; unrivaled customer experience; social media advocacy; loyalty signals; culture profitability; road to beloved organizations; CRM limitations; high touch high tech; actionable data insights; accountability tools; commitment to action,"Beloved company framework: three pillars (customer storytelling, employee retention, unrivaled experience) @ 00:00:14.320; Observation on social proof: customers using love language and advocacy in public discourse @ 00:01:11.920; CRM as a tool that must drive actionable outcomes (not just data collection) @ 00:01:30.440; High touch with high tech: blending qualitative engagement with quantitative data @ 00:01:30.440; Accountability linkage: commitment attached to CRM to realize results @ 00:01:42.440",4
qMwZGLfs9s8.youtube,Introduction to the Five-Decision Path for Customer-Centric Growth,"March 19, 2013",,"Jeanne Bliss introduces a five-step decision assessment that asks viewers to benchmark their company decisions against five decisions made by beloved brands. The aim is to reveal how externally perceived decisions influence loyalty, growth, and overall brand image, and to show how such decisions can be oriented toward both customers and employees. The talk emphasizes that at each decision point (the “fork in the road”) observers will see how beloved companies guide their choices and how those decisions are operationally executed within the organization to drive devoted customers and sustainable growth.",decision path; beloved brand benchmarking; customer decision focus; employee decision focus; external perception brand image; decision execution; five-decision path; better decisions; decision assessment framework; decision path metaphor; beloved brand guidance,Five-step decision path @ 00:00:00; Benchmarking decisions against beloved brands @ 00:00:00; External perception as a pathway to improvement @ 00:00:00; Fork-in-the-road decision points emphasizing customer and employee focus @ 00:00:22,1
qrrYUtVJa_s.youtube,Customer Math and Frontline Trust: Lessons from Land's End and Zappos,"June 6, 2011",,"In this talk, Jeanne Bliss argues that genuine customer focus starts with reliable operations and grows through emotional connections and frontline empowerment. She cites Land’s End as an example of operational reliability—quick phone responses and 24-hour shipping—as a foundation for differentiated customer experiences. She describes a playful packaging gesture for land’s End Kids that reinforces family values, then shifts to a broader framework of customer-centric leadership: treat customers as living, breathing people, start product decisions from emotion, and use a “customer math” approach that answers five questions about customers (including newest and lost customers) to keep the organization aligned around customers. The talk culminates in a contrast with Zappos, where frontline staff are trusted as heroes, including a generous 365-day return policy that fuels word-of-mouth growth. Together, these examples illustrate how reliability, emotional branding, and frontline autonomy translate into loyalty and long-term growth.",reliability differentiator; phone responsiveness; on-time shipping; emotional branding; emotional packaging; box touchpoint; customer-centric leadership; customer math; new customer volume; lost customer value; retention re-engagement; leadership why questions; frontline empowerment overview; frontline trust; Zappos service model; generous returns; word of mouth growth; brand fan loyalty; humanizing customer data; customer as asset,Reliability as competitive differentiator (operational excellence as a brand asset) @ 00:00:17; Emotional packaging as brand touchpoint @ 00:00:57; Emotion-led product/experience design over focus groups @ 00:01:04; Customer math framework: five key questions @ 00:02:26; Humanizing customer data and asking why @ 00:03:00; Frontline empowerment and trusted decision-making @ 00:04:07; Generous returns policy as loyalty driver @ 00:04:24,7
s9piCoLjBA4.youtube,Uniting the C-Suite as the First Step in Elevating Customer Experience,"May 26, 2015",,"The speaker argues that teams should not rush to begin projects; the first priority is to unite the leadership team because leaders often measure success using their own metrics. The recommended approach is to bring the leadership together to assess the reliability of each stage of the customer experience from a single, company-wide perspective, acknowledging that the current “one company experience” is not reliably delivered yet. The ultimate aim is to improve the customer’s life so they will share the experience with others and seek it again, thereby driving advocacy and repeat engagement.",leadership alignment; cross-functional metrics; success measures differences; experience reliability; journey reliability ratings; one company alignment; customer experience improvement; advocacy and referrals; internal outcomes; deliverables versus outcomes; customer lifecycle; leadership team workshop,Cross-functional leadership alignment session @ 00:00:14; Company-wide reliability rating of customer experience stages @ 00:00:31; Focusing on improving the customer's life to drive advocacy and repeat business @ 00:00:49,1
sS2ltD8Lfac.youtube,How Real Are You? Authentic Leadership in a Human-Centric Workplace,"May 8, 2013",,"This succinct clip presents a leadership-focused reflection on authenticity. Jeanne Bliss asks whether leaders connect with people in a human way and whether they foster an environment that lets employees bring their best selves to work. The introspective questions frame authenticity as foundational to a workplace culture that can feel like a business home, where decisions align with personal values and life outside the office.",authentic leadership; human connection; employee engagement; work culture; bringing your best self; business home; life-work congruence; leadership authenticity,Authenticity-focused questioning to assess leadership realism @ 00:00:00,1
sjdR2X0eK8U.youtube,Beloved Companies: Uniting Actions & Goals Across Silos to Improve Customer Experience,"August 11, 2010",,"Jeanne Bliss describes how a company becomes 'beloved' by uniting actions and goals across organizational silos to improve the customer experience. The talk emphasizes that customer impact is enhanced when cross-functional teams share ownership of the customer experience, adopt common and sometimes uncomfortable metrics, and replace siloed ownership with collaborative, process-driven rigor. A billing example illustrates how multiple departments influence a single touchpoint, while Bliss ties the approach to her Chief Customer Officer framework and advocates breaking change into bite-sized steps to make durable progress.",organizational barriers; beloved company aspiration; cross-functional collaboration; shared metrics accountability; billing touchpoint; cross-department ownership; touchpoint journey mapping; rigorous process design; customer officer tools; small-step change strategy; customer focus leadership; customer-centric decisions; reducing wasted energy; cross-functional integration,Cross-functional ownership of the customer experience @ 00:00:36.540; Shared metrics and cross-functional accountability for a single touchpoint @ 01:12.120; Bite-sized change strategy to drive large-scale transformation @ 02:17.220; Employing the Chief Customer Officer framework as a change toolset @ 01:55.040,3
vJuoPgPyP_s.youtube,Three Actions to Build Clarity of Purpose in Your Organization (Jeanne Bliss),"May 8, 2013",,"In a concise 98-second talk, Jeanne Bliss outlines three actions to embed clarity of purpose into a business. She advocates starting with bookend customer experiences to engage mid-level staff in shaping the most meaningful entry and exit moments, challenging legacy practices, and pushing for a more personal connection with customers. She then emphasizes hiring for memory-making ability—looking for candidates who can create memorable moments and demonstrate it in storytelling or a concrete example. Finally, she pitches the role of a cruise director or navigator who guides customers through organizational complexity, with the guidance turning into memory that delivers peace of mind and, in turn, drives business growth.",customer experience bookends; hello and goodbye moments; rhythmic service; legacy industry practices; service connection; memory makers hiring; light behind the eye; hiring story demonstration; memory making; cruise director role; navigator through complexity; peace of mind; memory-driven growth; industry examples; pdf resource,Establish bookend customer experiences @ 00:00:13; Hire memory makers and assess memory-creating ability via storytelling @ 00:01:00; Cruise director / navigator guiding through complexity to create memory and peace of mind @ 00:01:22,2
v_g_c2fRhik.youtube,Beloved Companies: Five Core Decisions and Customer-Centric Practice,"June 6, 2011","Zane Cycles, Connecticut, USA","The speaker outlines how “beloved” companies differ from ordinary ones by adopting six guiding principles—trusting customers, pursuing a clear higher purpose, being real and present, starting with the customer rather than the product, and apologizing with accountability. Through concrete examples (Zane Cycles’ test ride policy; a shoe merchant’s community impact; Edward Jones’ advisor handoff), the talk links these behaviors to lasting customer relationships, culture, and measurable lifetime value. It contrasts product-centric thinking with experiential, human-centered design, and ends with a call to action: decide who you are and what you value in customer interactions.",beloved companies; five core decisions; customer belief; bureaucracy reduction; higher purpose clarity; be real genuine; customer presence; customer first product; apology and accountability; customers as assets not costs; relationship value; culture empowerment; customer product development; cup parenthood example; family-centered cup design; careful customer handoffs; account continuity; test drives without collateral; shoe merchant stories; humane service tests,Test ride without collateral @ 00:01:44; Demonstration of long-term customer value @ 00:02:24; Cup-to-parenthood product development reframing @ 00:03:28; Anecdotal evidence of personal customer relationships (shoe merchant) @ 00:04:49; Continuity-first account handoffs (data/relationship preservation) @ 00:05:42; Structured handoff example (Edward Jones) with shadowing @ 00:06:02; Apology as a litmus test with actionable repair @ 00:06:55; Grace and wisdom guiding resilience of the organization @ 00:07:43,8
wIQ9ReEuJvE.youtube,Zara as a Case Study in Jeanne Bliss's Talk on Beloved and Prosperous Companies,"November 9, 2010",,"In this excerpt from Jeanne Bliss’s talk, Zara is presented as a concrete example of how beloved, prosperous companies sustain magnetic momentum through deliberate business actions. The speaker notes that top brands prune their product lines aggressively (even cutting a hundred products annually) to focus on what customers truly love, while still creating a compelling offer. Zara is highlighted for its ability to break even in a new store within about three months, and for driving high customer touchpoints—visits averaging 17 per year—through a deliberate store and product experience. The overall message emphasizes knowing customers’ lives to serve them effectively, maintaining a continuous, lifecycle-aware product and service experience, and engaging with customers personally in business relationships.",annual product pruning; assortment management; magnetic customer experience; deliberate business actions; store profitability; Zara case study; customer engagement frequency; continuous product experience; customer life awareness; personal customer interaction; front-line relationships,"Assortment pruning (annual product cuts to focus on core offerings) @ 00:00:26; Deliberate actions to create a magnetic customer experience @ 00:00:31; Achieving break-even in new stores within ~3 months @ 00:00:37; High customer engagement through purposeful store/product experience @ 00:00:44; Knowing and serving customers' lives to sustain service @ 00:00:58; Personal, direct customer interaction in business relationships @ 00:01:04",1
xQe52paKAjI.youtube,Being There for Customers: Reliability as a Prosperity Engine (Decision 4),"March 19, 2013",,"This short, lecture‑style message argues that sustained prosperity comes from being consistently present for customers and adopting their point of view. By prioritizing reliability and designing experiences around what matters to customers, brands earn the right to grow and become beloved. The speaker anchors the idea with a nod to Amazon’s early reliability (doing books right in 1995) and then exhorts leaders to imagine customers’ lives, understand what matters to them, and act accordingly to deliver peace of mind. The conclusion asks viewers to assess their own current standing relative to these principles and prompts customer advocacy through memorable experiences that customers will tell others about.",customer-centric strategy; reliability growth engine; customer point of view; customer life empathy; peace of mind reliability; right to relationship; advocacy and storytelling; brand love loyalty; Amazon reliability case; proactive customer experience; customer centered outcomes; self-assessment prompt,Thinking from the customer's life: empathy-driven POV @ 00:49; Reliability as a growth engine (consistent delivery) @ 00:35; Encouraging customer advocacy through memorable experiences @ 01:16,8
xm9xUu8ekxQ.youtube,Zappos: Delivering WOW Through Service and Long-Term Customer Relationships,"November 1, 2010",,"In this interview excerpt, Alfred Lin of Zappos discusses the company's enduring focus on exceptional customer service as a growth engine. The conversation covers enabling front-line reps to locate out-of-stock shoes across multiple sites (a proactive, customer-first approach), the company’s core value of delivering 'wow through service,' and the belief that long-term customer relationships trump individual sales. The dialogue also frames the cost of great service in branding terms, noting an average call length of five to six minutes and arguing that the branding value of a positive customer experience outweighs the incremental costs. The exchange references the Miracle on 34th Street analogy to illustrate proactive service and cites downturn-era resilience in 2008–2009 as part of Zappos’ sustained growth.",Zappos service philosophy; wow service; long term relationships vs sale; out-of-stock fulfillment; cross-site sourcing; out-of-stock guidance; average talk time; call cost vs branding; service-driven advocacy; miracle on 34th street analogy; Zappos service story; recession resilience; service differentiator,Cross-site search to fulfill out-of-stock requests (agent-empowered stock locating) @ 00:02:01; Deliver wow through service as a core value @ 00:02:52; Quantifying service cost and branding ROI (five-to-six minute talks per call) @ 00:03:27; Balance of long-term customer relationships over single sales @ 00:01:51,4
xojAXpXyeXM.youtube,Can Your Frontline Rescue Customers?,"May 8, 2013",,"Jeanne Bliss presents a concise leadership approach that centers frontline empowerment: give frontline staff the authority to act from their heart and gut to make guiding decisions for customers. The talk emphasizes starting with belief in people, aligning actions with a clear higher purpose for customers, and maintaining real, human interactions while being operationally deliberate to identify where service breakdowns occur. The speaker argues that apologies should be the last resort, used to repair the emotional connection once the underlying issues are understood. The message is supported by a brief business example referencing L.L. Bean's performance, illustrating how customer-centric frontline behavior can correlate with strong company results, such as substantial annual sales (about 1.5 billion).",frontline empowerment overview; decision autonomy; belief in employees; service purpose; human interactions; frontline breakdown detection; apology as last resort; connection repair; customer-centric outcomes; L.L. Bean frontline rescue,"Frontline empowerment and autonomous decision-making @ 00:00:00.000; Belief-led leadership and trust in employees @ 00:00:11.100; Apology as last-resort, for emotional repair @ 00:00:15.320; Aligning service with higher purpose @ 00:00:22.740; Operationally deliberate to identify breakdowns @ 00:00:25.620; Emotionally repair customer relationships via apology @ 00:00:31.000; Use business outcomes as evidence of a customer-centric approach @ 00:00:35.820",8
yKx_WyhP2lk.youtube,Store-first banking and culture-driven growth: Ray Davis on Umpqua Bank’s customer-centric strategy,"November 3, 2010",,"In this interview excerpt, Ray Davis describes the strategic shift in 1990s to a store-centric, customer-friendly banking model designed to differentiate from large, product-focused banks. He explains how the “store” concept reframed product delivery, hiring, and culture around empowering front-line staff, creativity within rules, and a transparent, accountability-driven leadership style. The discussion covers recruitment in retail rather than banking, the evolving culture as the organization’s greatest asset and its greatest risk, and how clear communication—down to salary decisions—maintains alignment during growth and during acquisitions. Across the narrative, the emphasis is on experiential banking, cross-industry learning, and staying dynamic rather than becoming a bureaucracy-driven traditional bank.",store concept; banking customer experience; experiential banking; retail-like banking workforce; culture asset risk; frontline decision-making; tough love accountability; non-bureaucratic leadership; retail-style bank hiring; cross-industry benchmarking; external differentiation; staff communication; salary freeze honesty; acquisition culture integration; in-store brand trust; adaptive growth,"Store concept as experiential differentiator in banking @ 00:00:41.580; Culture as core asset and risk management @ 00:03:28.360; Front-line empowerment with clear accountability @ 00:04:39.100; Cross-industry benchmarking for innovation @ 00:06:26.820; Transparent leadership and staff engagement during change @ 00:07:38.440; Culture-enabled growth and acquisitions @ 00:10:00.260; Brand trust through authentic in-store experience @ 00:06:16.520; Open, clear communication as a motivator @ 00:08:25.260",10
zkpqJwh7wZo.youtube,Clarity of Purpose: Uniting Organizations to Deliver Repeatable Customer Experiences,"May 8, 2013",,"This ultra-short clip presents Jeanne Bliss describing clarity of purpose as a core principle for customer experience. It defines clarity of purpose as uniting the organization and shifting focus from merely executing tasks to delivering an experience that customers would want to repeat. The message emphasizes organizational alignment and a customer-centric outcome over isolated workflow steps, encapsulated in a concise two-sentence moment.",purpose clarity; organizational alignment; customer experience; delivery experience; repeatable customer experience; purpose to experience; customer-centric leadership; brand experience consistency,clarity of purpose in customer experience @ 00:00:00,2
zlxJFPuRX_0.youtube,"Jeanne Bliss On ""The Five Competencies""","May 26, 2015",,"In this short talk, Jeanne Bliss outlines a five-competency framework intended to transform customer experience work from a reactive, survey-driven activity into a growth engine for the business. She starts by reframing success around customers as assets and establishes an asset-based metric, then explains how leadership behavior and cross-functional alignment around experience (onboarding, product, and purchase) support this shift. Additional competencies cover building a comprehensive customer listening path from multiple feedback sources, instituting proactive and repeatable experience reliability with a rigorous CX design method, and ensuring leadership decisions, hiring, and policy environments align with deliberate growth. Together, these elements are presented as an organizational engine to drive sustained growth through improved customer experience.",customer experience; five competencies; leadership language; asset-based customer metric; outcomes-focused meetings; cross-functional alignment; onboarding experience; product experience; purchase experience; experience metrics; customer listening path; multi-source feedback; survey data and staging; proactive experience reliability; experience innovation; customer experience methodology; data driven growth; leadership decisions; hiring practices; removing obstructive rules; deliberate growth,"Five-competency framework to drive growth in customer experience @ 00:00:13; Asset-based definition of customers and asset metric @ 00:00:18; Experience-centered leadership and outcomes in meetings @ 00:00:28; Align around onboarding, product, and purchase experiences @ 00:00:43; Build a customer listening path with multi-source feedback @ 00:01:24; Proactive reliability and innovation with a rigorous CX design methodology @ 00:01:52; Leadership alignment and deliberate growth @ 00:02:21",5
