video,title,date,location,summary,topics,featured_techniques,section_count
-04Et5qIoa4.youtube,How to Hold a Guitar Pick & Best Guitar Picks,"May 11, 2020",,"This beginner-focused tutorial surveys guitar picks and holding technique, recommending starting with ultra-thin nylon picks for ease of use and strumming. It introduces several pick options by thickness and material (including Dunlop USA Nylon 0.46 mm and 0.60 mm, orange Tortex, and the premium BlueChip) and explains how each affects control, click, and tone, especially on acoustic guitar. The video also demonstrates a holding method—having the pick exit from the side of the thumb for better strumming—and advises trying multiple picks at a store (buying about ten to compare feel). It notes that while picks simplify strumming and accuracy for beginners, some famous players don’t use picks, and players can switch to or away from picks as they progress.",Guitar Picks; Pick Thickness; Ultra Thin Picks; Dunlop USA Nylon 0.46 mm; Foldable Pick; Pick Click Tone; Pick Tone; Nylon Pick; Orange Tortex Pick; Pick Holding Basics; Single Note Picking; BlueChip Pick; Pick Value; Pick Testing; Pick Holding; Thumb Protrusion; Pick Holding Position; Pickless Playing,"Use the thinnest pick for beginners (e.g., 0.46 mm nylon) to maximize forgiveness and ease of strumming @ 00:00:36.951; Identify a specifically flexible pick: Dunlop USA Nylon 0.46 mm @ 00:00:40.316; Explain foldability and paper-like feel of ultra-thin picks @ 00:00:48.747; Experiment with multiple picks (buy ten, try different materials and brands) @ 00:03:40.405; 0.60 mm nylon pick: flexible but less foldable; balance between control and playability @ 00:01:35.083; Nylon picks add a click/percussive effect helpful for acoustic tone @ 00:01:45.155; Orange Tortex: thicker, stiffer option preferred for note picking @ 00:02:15.104; BlueChip pick: nearly no flex, very stable but expensive @ 00:02:53.558; Hold the pick from the side of the thumb for better strumming control @ 00:04:15.844; Aim for about a centimeter of pick protruding from the thumb for beginners @ 00:04:27.698; Beginner guidance: start with a pick, but you may switch or ditch it later @ 00:05:02.727",4
-SAo7bvQzmA.youtube,Readiness Criteria to Move On to Lesson 2 — Memorize A and D Chords and Master Chord Changes,"May 11, 2020",,"In this brief guidance, JustinGuitar outlines concrete criteria to decide when a beginner is ready to advance from Lesson 1 to Lesson 2. The core requirements are: memorize the A and D chords so you can form and identify them by feel without looking at a chart, and be able to change between those two chords at a steady pace (starting around 30 changes per minute, with a long-term goal of about 60 changes per minute). He emphasizes a practical timeline (most students can reach readiness in 2–4 weeks, with a hard cap of about 4 weeks). If progress stalls or boredom appears after a couple of weeks, it’s acceptable to move on to the next lesson to keep practice engaging, especially if you’ve also managed to play a song and maintain chord-change practice. He also notes that if in doubt, you can watch the final left-handed Lesson 1 video for reassurance before proceeding, and he signs off when readiness is confirmed.",A Major Chord; D Major Chord; Memorize Without Chart; Finger Position Memory; Changes Per Minute; 30 Changes Goal; 60 CPM Target; Readiness and Boredom; Progress Reinforcement Playing; Practice Timeline; Readiness Check; Next Steps Guidance,Memorize A and D chords @ 00:30.146; Chord recognition by memory (without charts) @ 00:31.816; Target chord-change rate: 30 changes per minute @ 00:45.157; Long-term tempo goal: 60 changes per minute @ 01:00.141; Advancement when progress stalls (move on to stay engaged) @ 01:14.816; Recommended readiness window (2–4 weeks; max 4 weeks) @ 02:04.574; Left-handed Lesson 1 fallback for reassurance @ 02:17.434,4
-SkW_7GcBvQ.youtube,JustinGuitar Lessons & Songs App Global Launch — Feature Highlights,"September 3, 2021",JustinGuitar studio,"This 53-second YouTube Shorts promo presents the global launch of the JustinGuitar Lessons and Songs app. The speaker highlights key features—backing tracks that sound like the original recording, a new interface, and alignment of the beginner course with the site—along with a free tuner and a giveaway of 10 free subscriptions. Viewers are directed to a link in the description to enter, and feedback is invited, with a closing note encouraging use of the tuner regardless of subscription status.",Global Launch; App Overview; Record-Like Backing Tracks; New App Interface; Course Website Alignment; Free Tuner; Subscription Giveaway; App Entry Link; User Feedback; App Video Context; Content Cross Promotion,Global product launch and feature overview for a guitar app @ 00:00:12; Backtracking audio feature: backing tracks sounding like the original recording @ 00:00:19; Free tuner feature highlighted during promo @ 00:00:39,12
0EbliWAtnw0.youtube,How to Level Up Any Strumming Pattern | Guitar for Beginners,"May 20, 2020",,"In this JustinGuitar lesson, the instructor reframes strumming as a flexible, musical skill rather than a rigid sequence. He emphasizes that players can add or omit strums without penalty, and that small, periodic variations (akin to drum fills) keep patterns sounding lively. The core guidance centers on building a relaxed, continuous arm motion as the foundation for all patterns, while encouraging the learner to experiment with different patterns, practice with a metronome to lock tempo, and incorporate dynamic control (soft to loud) and subtle pick-hand adjustments. The video also highlights practical habits: journaling preferred patterns, using a printable sheet from a previous lesson, and a disciplined 2-minute metronome practice per session to automate the strumming process and prepare for chord changes or singing.",Strumming Pattern Flexibility; Strum Variations; Pattern Variations; Drum Fill Analogy; Timing Sequence; Relaxed Strumming Base; Continuous Strumming; Pattern Variation; Metronome Timing Practice; Tempo and Time Feel; Metronome Relaxation; Soft Loud Dynamics; Light Pick Holding; Pick Control Technique; Pattern Journaling; Two Minute Metronome; Strumming Automation; Chord Change Distraction,"Relaxed arm motion as the foundation for strumming @ 00:02:00; Incorporating small, musical pattern variations at bar boundaries @ 00:01:26; Metronome-based timing with a relaxed feel (not robotic) @ 00:02:42; Dynamics and soft picking: light grip and finger involvement @ 00:04:02; Pattern journaling and 2-minute metronome practice to automate rhythm @ 00:05:45",6
0GTuvZmVDUY.youtube,Building a Personal Guitar Repertoire: Creating and Using a Songbook for Beginners,"May 25, 2020",,"JustinGuitar’s lesson advocates assembling a personalized repertoire songbook to support practice, performance, and collaboration. It walks through a practical workflow: use a display folder to hold printable lyric-and-chord sheets, compile your favorite songs into a single repertoire for regular practice, and share printed sheets with other musicians during jams. The video also covers portable digital options (saving PDFs in cloud storage like Dropbox for phone access) and emphasizes keeping a lean, manageable set of songs (around 20) to avoid overwhelm. The core message is that a well-constructed rhythm of physical and digital song sheets improves readability, memory, and the ability to play along with others, whether at home, at parties, or in gigs, with tools such as a dashboard or beginner app to organize songs.",Personalized Songbook; Clear Sheet Folder; Chorded Song Sheets; Printable Song Sheets; Repertoire Book; Repertoire Practice; Printed Sheet Readability; Sharing Chords and Lyrics; Sing Along Play; Songbook Navigation; Dropbox PDF Backups; Mobile Song Access; Cloud Backups; Digital Songbooks; Twenty Song Songbook; Beginner Songbook; Gigs and Parties; Songbook Feature; Beginner Songbook App; Song Playlists; Memorable Repertoire; Practice Organization,Display folder with lyric/chord printouts in a physical repertoire book @ 00:00:12; Print lyric and chord sheets and collect in a repertoire book for practice @ 00:00:20; Portable PDFs of songs via cloud storage (Dropbox) for mobile access @ 00:01:38; Keep a lean set of songs (around 20) to stay fresh and avoid overwhelm @ 00:02:57; Printed sheets to share with other musicians for jams @ 00:01:04,3
1X2rW5ATdLQ.youtube,A Chord Tutorial: Open A Major with Alternative Fingering (JustinGuitar),"May 11, 2020",,"JustinGuitar's beginner lesson demonstrates an alternative fingering for the open A major chord. The tutorial shows placing the 2nd and 3rd fingers on the 2nd fret of the 4th and 2nd strings respectively, with the 1st finger tucked between them on the 2nd fret 3rd string, to produce a clean A chord with less pressure. It discusses muting issues, string-by-string checks (5th through thinner string), transitions to D and E chords, and common finger placement problems. The video also emphasizes quick, regular practice and introduces the 'Chord Perfect' approach for building chord confidence.",A Major Fingering; Open String Checks; A Fingering Option; Fret Proximity Placement; Chord Muting Problems; D and E Chords; A Chord Practice Program; Short Practice Sessions; Finger Alignment,Alternate A major fingering with 1st finger placed between 2nd and 3rd fingers on the 2nd fret @ 00:01:56,5
1Y2veGF9s44.youtube,"A Minor Chord (Am) Tutorial: Fingering, Tuning Considerations, and Practice","May 18, 2020",,"This JustinGuitar video teaches the A minor (Am) chord on guitar, starting from the A major fingering and showing how to transition to Am with a full finger change. It explains why Am can look like E major on a different set of strings, and why moving chord shapes down the neck is not a simple transposition due to guitar tuning—specifically, the B-string tuning pattern used in the 5th‑fret technique. The video pinpoints the key Am fingering (index on the 2nd string, middle and ring on the 4th and 3rd strings respectively) and notes that this same three-string layout is shared with A major. It also covers common alternative fingerings, cautions about muting issues (especially the open 5th string and the 2nd finger’s height), and closes with a practical practice method called “Chord Perfect Practice” that cycles through strumming and arpeggio picking to solidify correct fingering and future positions.",A Major Fingering; A Minor Fingering; A Minor Change; A Minor Shape Comparison; Am vs E Major; 5th Fret Tuning; B String Spacing; Tuning Affects Shapes; Am Fingering; Am Finger Pattern; Am to A Major; Am Fingering Variants; Am 5th String Muting; Finger Height Control; Am Finger Muting; Fingertip Curling; Strum Arpeggiate Strum,"A minor fingering (1st finger on the 2nd string; 2nd finger on the 4th string; 3rd finger on the 3rd string) @ 00:03:37.343; Full finger change from A major to A minor @ 00:00:15.185; Am shape looking like E major on different strings; importance of string alignment @ 00:00:53.363; 5th fret tuning technique and B-string adjustment @ 00:01:29.545; Little finger demonstration showing Am vs A major relationship @ 00:02:40.754; Chord Perfect Practice: strum, pick out notes, then strum again @ 00:05:24.945; Muting diagnostics for Am: open 5th string, finger height, and tip placement @ 00:04:02.491",3
36cR8twdq7Q.youtube,"Relaxed, continuous strumming: practical guidance for developing feel","May 27, 2020",,"JustinGuitar's video outlines a focused approach to improving strumming by emphasizing relaxation and continuous motion. The core idea is that keeping the hand moving makes many patterns feel natural, provided the player remains relaxed in the shoulders and mindset. The lesson blends practical drills with mood strategies: practicing with a metronome on a simple pattern (demonstrated on the C chord with a Down-Down-Up-Up-Down rhythm), resisting over-counting in favor of a smooth feel, and using a small repertoire of well-mastered patterns rather than chasing many patterns. A notable cue is smiling to reduce tension, framing playing as a feeling-driven act where the audience senses the relaxed performance. The guidance culminates in the beginner-friendly principle that relaxation and consistent motion are foundational to good strumming.",Continuous Strumming; Arm Shoulder Relaxation; Rhythm Metronome Practice; C Major Strumming; DDUUD Strumming; Feel Versus Counting; Posture Awareness; Smile to Relax; Feel Building; Feel Over Counting; Strumming Pattern Focus; Feel Over Chords,Keep hand moving to enable flexible strumming (continuous motion) @ 00:00:12.390; Metronome-based practice with a simple pattern to build relaxation @ 00:01:25.531; Down-Down-Up-Up-Down pattern demonstration on C @ 00:01:39.999; Smile to relax and reduce tension during challenging patterns @ 00:02:52.053; Chords don’t matter for feel (focus on relaxation and feel) @ 00:04:35.891; Focus on 3-4 patterns and perfect them for reliable playing @ 00:05:09.595; Music is a feeling experience; relax to convey emotion @ 00:05:31.524,4
6LmQCdt_ZhQ.youtube,The Most Common Strumming Pattern of All Time! Guitar for Beginners,"May 18, 2020",,"JustinGuitar’s beginner tutorial presents a foundational guitar rhythm: missing beat three within a down-strum pattern and the widely used alternate pattern “down, down-up, miss-up, down” aligned to a 1-2-and-3-and-4 count. He first guides a simple miss on beat three to train continuous right-hand motion, then demonstrates the full four-beat pattern (One, Two-and-Three-and-Four) at a slow tempo, emphasizing consistent pendulum-like wrist/arm movement and relaxed strumming. The lesson then stays practical: practicing with muted strings, using a metronome (80–100 BPM), and gradually applying the pattern to songs. He also covers equipment choices (prefer a very light pick for beginners), grip relaxation, and the mental approach to rhythm (counting aloud, staying relaxed to maintain groove) as a pathway from pattern drills to real playing.",Miss Beat Three; And Counting; Pattern Down-Up Miss-Up Down; Muted Pattern Practice; Continuous Hand Motion; And Four Strumming; Strumming Metronome; Slow Practice Pace; Relaxed Right Arm; Beginner Pick Choice; Relaxed Grip; Pattern to Song Practice,"Miss beat three while maintaining continuous strumming @ 00:00:32.676; Down, down-up, miss-up, down pattern (One, Two-and-three-and-Four) @ 00:04:46.059; Muting strings for rhythm practice with metronome guidance @ 00:05:23.460; Relaxed picking: use of a paper-thin pick and relaxed grip @ 00:06:19.038",4
72MEHvT9JV4.youtube,Strumming the Right Strings for D and A Chords (Beginner Tips),"May 11, 2020",,"In this beginner-focused micro-lesson, the instructor explains how to strum only the appropriate strings for common open chords, emphasizing that new players should aim to avoid the thickest strings on D and A chords while recognizing that early-stage mistakes are normal. For D, the recommended focus is on the thinnest four strings; accidentally striking the 5th string is discussed as acceptable, and hitting the thickest string is discouraged but not catastrophic during practice. For A, the thickest string is generally not played, though its E note is part of the chord, and the two exterior strings both produce E. The video stresses practical practice priorities—clean chord changes and a steady beat on the first count—over perfect string accuracy during early stages, and it frames the guidance as ideal considerations to bear in mind while pursuing Chord Perfect exercises and other beginners’ practice routines.",D String Targeting; Four String Targeting; D Chord Fifth String; D String Warning; Acceptable Miss Hits; A Chord String Choice; A Chord E Note; E Note Outer Strings; Thinnest String Coverage; D Chord String Choice; Change and Beat One; Chord Perfect Exercises; Song String Priorities,"D chord right-string strum: avoid the thickest two strings; target the thinnest four @ 00:00:04.957; Acceptable to hit the 5th string on D chord; it can sound fine or desirable @ 00:00:26.142; Hitting the thickest D string is discouraged in early practice, but not catastrophic @ 00:00:41.674; A chord: avoid the thickest string; E notes are part of the chord @ 00:01:15.801; Chord practice priorities: chord changes and strumming on beat 1 @ 00:01:42.766; Chord Perfect exercises as practice context @ 00:01:56.859",4
7VzPzBsm4sU.youtube,Beat-1 Strum Readiness and Chord-Change Timing for Beginners (JustinGuitar),"May 11, 2020",,"In this beginner-focused guitar lesson, JustinGuitar emphasizes the importance of getting chord shapes ready to hit the downbeat (beat 1) when strumming in 4/4 time. He demonstrates how to time chord changes so the new shape is ready for the next beat, uses an E→A example to illustrate one-strum-per-bar rhythm, and explains how players (including left-handed learners) can adjust the timing by starting changes around beat 3 if needed. The video also covers practicing with beat awareness: counting 1-2-3-4, tapping the foot, and optionally changing on beat 4 to improve rhythm. The takeaway is to prioritize a confident beat-1 strum and to use deliberate chord-change planning to sound musical while you learn. ",Beat One Alignment; Beat One Readiness; Bar Chord Timing; One strum per bar rhythm; E to A Progression; Left Handed Adaptations; Beat Three Changes; Beat Four Changes; Late Change Timing; Beat 1 Change Timing; Counting 1-2-3-4 anchor rhythm; Using foot tapping lock tempo; App Rhythm Practice; Chord Change Timing; Managing Beginner Patience; Focused Improvement; Beat One Musicality,Beat-1 strum emphasis @ 00:00:13; Pre-beat-1 chord readiness @ 00:00:27; Beat-4 change as a learning strategy @ 00:03:13; Foot tapping to lock tempo @ 00:02:49,3
7rQGeJwWfe0.youtube,"JustinGuitar Lesson 5 Practice Routine: Finger Stretch, Chord Changes, Strumming with Metronome, and Song Practice","May 25, 2020",,"This video outlines a structured 20‑minute practice routine for JustinGuitar’s Lesson 5, emphasizing foundational guitar technique and repetition to build accuracy and rhythm. The session starts with a two‑minute finger/stretch warm‑up, then a one‑minute C chord drill (Chord Perfect) followed by targeted chord‑change work (Am to C, then C to E minor). A two‑minute block focuses on strumming with a metronome and keeping timing consistent, then a two‑minute Come As You Are riff exercise. The video then moves into a 10‑minute song practice with suggested songs (Eleanor Rigby, Get Lucky, Black) aimed at reinforcing chord changes and rhythm. It also covers guidance on when to move on (memorizing the Note Circle and C chord, aiming for about 30 changes per minute, practicing at 80–100 BPM) and notes the upcoming G chord for the next lesson, with remarks on rhythm practice, potential play‑along resources, and the Beginner Song Course app as tools to reinforce timing and consistency.",Nutward Finger Stretch; Finger Stretch Practice; Chord Perfect Check; Chord Accuracy; A Minor to C Drill; C to E Minor Drill; D Chord Awareness; One Minute Drill; Am C Progressions; Metronome Strumming Drill; Metronome Timing; 4 to 8 Bar Variations; Come As You Are; Song Practice Block; Practice Song Picks; Left Handed Considerations; G Chord Lesson Prep; Note Circle Memorization; C Chord Memory; 30 Changes Per Minute; 80 to 100 BPM; Play-Along Video Practice; Rhythm Practice App,Finger stretching warm‑up toward the nut (2 minutes) @ 00:00:27.788; C major chord setup and assessment (Chord Perfect) @ 00:00:52.830; Am to C chord change drill (1 minute) @ 00:01:45.057; C to Em chord change drill (1 minute) @ 00:02:07.227; Strumming with a metronome (2 minutes) @ 00:02:28.018; Pattern variation and rhythm engagement (4–8 bar cycles) @ 00:02:33.683; Down‑beat metronome synchronization (core rhythm cue) @ 00:02:52.379; Come As You Are riff practice (2 minutes) @ 00:02:55.329; Extended song practice focusing on rhythm and chord changes (10 minutes) @ 00:03:17.869; Note Circle and C chord memorization as move‑on criteria @ 00:04:12.154; Target of 30 chord changes per minute while practicing @ 00:04:22.736; Tempo guidance for practice (80–100 BPM) @ 00:04:48.245; Play‑along strumming video suggestion @ 00:05:00.481; Rhythm training via Beginner Song Course app @ 00:05:16.759,8
8mFF8NYVdtI.youtube,D Minor Open-Chord with Little-Finger Variant (Beginner Guitar),"May 18, 2020",,"This beginner-friendly tutorial teaches a D minor open-chord with an alternative fingering that uses the little finger on the third fret of the B string. The instructor contrasts this approach with the traditional 1-2-3 fingering, explaining why the little finger can be easier to position and how it helps the hand adapt to pressing strings. The video provides exact finger placements—index on the 1st fret of the high E string, middle on the 2nd fret of the G string, and the pinky on the 3rd fret of the B string—while emphasizing the standard practice of starting with an open D string (the 4th). It also covers common problems (muted 4th string, buzzing from the little finger), troubleshooting tips (using the 3rd finger if buzzing persists), and a relaxation-based drill to find a comfortable hand/arm position before strumming and checking the chord.",D Minor Chord; Dm Fingering; High E Fret One; G String Finger Placement; Little Finger Placement; Dm Fourth String; Skip Thickest Strings; D Minor String Order; D Minor Tone; Little Finger Dm Variant; Finger Position Muting; Little Finger Pressure; D Minor Variant; Shoulder Relaxation; Comfortable Chord Position; Posture Checkup,"D minor open-chord fingering variant: index finger on 1st fret of the high E string, middle finger on 2nd fret of the G string, pinky on 3rd fret of the B string, with the 4th string open. @ 00:01:57.185; Exact string order and fretting for the Dm variant: pluck 4th string open, then 3rd string (2nd fret), then 2nd string (3rd fret), then 1st string (1st fret). @ 00:02:14.842; Mute/fret correction: ensure the 2nd finger does not mute the open 4th string; adjust finger height and angle accordingly. @ 00:02:36.649; Little finger tip placement and pressure: keep the little finger on the fret with the tip, avoiding contact with the 3rd string, to prevent buzzing. @ 00:02:54.319; Relaxation drill: lift fingers and strum to check corrections; gradually relax the hand, arm, and shoulder posture to find a comfortable chord position. @ 00:04:12.844",5
9CsY2PRzt94.youtube,Air Changes: Simultaneous Finger Placement for Faster Guitar Chord Changes,"May 27, 2020",,"In this JustinGuitar lesson, the instructor introduces Air Changes, a technique that speeds chord transitions by letting the next chord’s shapes form in the air and then land all at once on the fretboard. The transcript demonstrates how shapes can be pre-positioned before the change (with chords like C, D, G, E and A minor) and discusses when to lift or maintain an anchor finger. Viewers are guided through practical steps: start with familiar two-chord pairs, practice the air-changes, and then progress to time-bound drills (1-minute changes) to push speed while maintaining alignment of the fingers. The method emphasizes fluidity and consistent fingering over slow, stepwise finger moves, and notes that Air Changes can be incorporated early in a student’s progression as a consolidation tool, even though it’s not a strict Grade 1 requirement.",Air Changes; Simultaneous Finger Landing; Air Positioning Technique; Anchor Finger Choices; Air Chord Shapes; Open Chord Examples; Chord Pair Practice; Air Change Drills; Change Speed Balance; Early Study Consolidation; Easy Chord Changes; Transition Smoothness; Progression Practice,Air Changes: simultaneous landing of chord shapes formed in the air before changes @ 00:00:01; Visualizing finger positions in the air prior to landing @ 00:01:33; Landing 2nd and 3rd fingers together rather than in a sequential order @ 00:02:16; 1-minute air-change drills to build speed @ 00:02:54,3
9NSoRXC9PJI.youtube,"E major open chord for beginners: fingering, strumming, and technique cues","May 11, 2020",,"This JustinGuitar lesson teaches the E major open chord to beginners, focusing on exact finger placement (index on the G string 1st fret, middle on the A string 2nd fret, ring on the D string 2nd fret), and why the second finger sits slightly back from the fret to accommodate the third finger. It demonstrates strumming all six strings and introduces a strum–pickup–strum practice pattern, with options to use a thumb for picking notes. The video also covers thumb placement behind the neck to build muscle for barre chords, common beginner issues (muting, pressing too hard, and proper finger-tip contact), string-by-string troubleshooting, and the importance of memorizing the chord shape before advancing in the course.",E Major Open Chord; G String First Fret; A String 2nd Fret; D String 2nd Fret; Fretside Finger Position; Third Finger Fret Placement; Six String Strumming; Strum Pick Strum; Pick or Thumb; Thumb Behind Neck; Thumb Index Strength; Thumb Position Variations; Upper Neck Thumb; Low E String Check; Dead String Pressure; Tip Finger Placement; Tip Finger Position; Hand Part Spacing; String Troubleshooting; Chord Shape Memorization; Practice Progression,"E major open-chord fingering with index on G string 1st fret, middle on A string 2nd fret, ring on D string 2nd fret @ 00:34:00; Strum-pick-strum practice loop for chords @ 01:26:00; Thumb-behind-the-neck positioning to support barre-chord development @ 02:03:00; String-by-string troubleshooting to ensure proper ringing and avoid muting @ 03:25:00; Tip-focused finger placement: third finger on string 3, first finger on string 2 @ 04:21:00; Chord-shape memorization cue and practice cadence @ 06:22:00",6
9xsG7n4Jalo.youtube,"Guitar TAB Basics: Six-String Layout, Frets, Chords, and Rhythm Essentials","May 19, 2020",,"JustinGuitar’s beginner-focused tutorial introduces guitar tablature (TAB) as a practical alternative to traditional notation for guitarists. The video explains that TAB uses six horizontal lines representing the six strings, with the bottom line corresponding to the thickest (low E) string and the top line to the thinnest (high E). Numbers on the lines indicate frets to press, while a zero means the string is played open. The presenter demonstrates a C-like idea of fretting across the six strings by showing an E major-like layout (0-2-2-1-0-0) and explains that notes can be played on multiple strings, so rhythm in TAB is not shown by default. He also notes that fingering isn’t specified by TAB—the learner must apply logic or follow guidance—emphasizing that early TAB literacy is a valuable skill. The video concludes by contrasting TAB’s lack of rhythm notation with the importance of listening to a riff or song for rhythm and by recommending that beginners begin reading TAB as soon as possible.",TAB and Notation; Six Line TAB Layout; Bass Treble Orientation; TAB Header Labels; TAB Fret Numbers; Open String Indicator; TAB Chords; E Major TAB; TAB Fingering Logic; TAB Rhythm Basics; TAB Rhythm Reading; TAB Early Learning,Six-line TAB layout and string orientation @ 00:00:56; Fret numbers on strings; open-string indicator (0) @ 00:01:55; Chord representation in TAB (simultaneous notes across strings; E-major example) @ 00:02:58; Rhythm not shown in basic TAB; listening-based rhythm practice @ 00:03:24; Encouragement to start reading TAB early as a core skill @ 00:04:18,6
A4mEBSFn-7w.youtube,"All About Guitar Capo: Types, Placement, and Key-Change Techniques","May 18, 2020",,"This JustinGuitar lesson explains what a capo is, how it changes pitch and allows open-position chord shapes to be used higher on the neck, and compares popular capo designs. The presenter demonstrates two brands (Kyser and a compact G7th), discusses how to position a capo just behind a fret for clean tuning, and shows practical uses: playing songs in easier keys with familiar chords, transposing songs to fit a singer’s range, and using capo to match original recordings or play along. He emphasizes that capo use is valuable for beginners and for more advanced players alike, and he cautions about tension affecting tuning. The video includes a walk-through example using Walk of Life to illustrate transposition and singing with capo, plus rough voice-range guidance and tips for trial-and-error placement.",Capo Basics; Capo Pronunciation; Capo Types; Kyser Capo Design; G7th Capo; Capo Pressure Tuning; Capo Placement; Capo Operation; Capo Chord Shapes; transposing keys with a capo; Walk of Life Capo; Capo Recording Match; Capo App Options; Key Change Vocal Fit; vocal range guidelines capo use; Capo Tool Use; Capo Myth Busting; Advanced Capo Use,"Transposing with capo while preserving familiar open-chord shapes (e.g., Walk of Life example with E/A/B sounding as A/D/E) @ 00:03:36; Precise capo placement behind the fret for clean intonation and easy release @ 00:02:39; Comparing capo designs (Kyser vs G7th) and showing practical differences in size, tension, and on/off operation @ 00:48:00",7
Ah-brqdByAY.youtube,"Note Circle, Sharps, Flats, and Enharmonic Equivalents — Beginner Guitar Theory","May 25, 2020",,"JustinGuitar’s lesson introduces the note circle (the chromatic twelve-note system), the concept of octaves as duplicates across the fretboard, and the basic wiring of natural notes (A–G) with sharps and flats. The video defines enharmonic equivalents (notes that sound the same but have different names, such as A# and Bb), explains semitone and tone (whole-step) as steps around the note circle, and uses practical guitar references (e.g., the 12th fret octave cue and the 5th-fret A example) to map semitone movement to frets. It also covers why some intervals do not have sharps/flats between certain pairs of notes (B–C and E–F) and how spellings like B#, Cb, E#, and F can be equivalent to other notes. The content is framed as foundational music theory for beginners and as a precursor to more advanced theory later in the course.",Note Circle; chromatic 12-note system; Octave Concept; 12th Fret Double Dots; Natural Notes A G; Note Naming; E.g Enharmonic Equivalents; Sharp Flat Definitions; Semitone and Tone; Note Circle Analogy; Half Step; Semitone Fret Mapping; A on 5th Fret; B and C Gap; Enharmonic Equivalents; Flat Note Equivalents; Theory Depth Awareness; Chord and String Theory,"Note circle explanation (12-note chromatic system) @ 00:00:03.330; Enharmonic equivalents introduced (A# = Bb) @ 00:01:41.692; Semitone and whole-step definitions with clock-face analogy @ 00:02:12.854; Guitar fretboard semitone mapping (one fret per semitone) @ 00:03:04.819; Enharmonic relationships and diatonic gaps (B–C, E–F; B#=C, E#=F) @ 00:04:50.558",5
BI3S9xSK8Iw.youtube,How to Pass JustinGuitar Grade 1: Core Targets and Practice Guidelines,"May 28, 2020",,"In this instructional video, JustinGuitar outlines the practical targets a beginner must meet to pass Grade 1 of the JustinGuitar Beginners Course. The core requirements include tuning with a tuner, memorizing eight basic chords (A, D, E, A minor, D minor, E minor, C, G) and playing them from memory with good tone most of the time; achieving rapid chord changes (30 changes per minute, i.e., about 2 seconds per change); using a steady 80 BPM strumming pattern with a metronome; memorizing five easy songs with simple progressions and performing them for real or via recording; and optional Ear Training Grade 1 and Music Theory Grade 1. The video emphasizes self-assessment, achievable pacing over weeks, and progress-oriented celebration rather than formal external testing. It also encourages recording oneself to reveal and address weaknesses and stresses a forgiving, enjoyable learning mindset. ",Electronic Tuner; Essential Beginner Chords; Chord Memory Recall; Clean Chord Ringing; Chord Accuracy Goal; One Minute Changes; Countdown Progress Tracking; Old Faithful Pattern; Strumming Variations; Five Easy Songs; Performance Feedback; Recording Feedback; Grade 1 Resources; Practical Music Theory; Realistic Progress Tracking; Grade 1 Progression,"Tune guitar with an electronic tuner @ 00:00:25; Memorize and recall eight essential beginner chords (A, D, E, Am, Dm, Em, C, G) @ 00:00:47; 1-minute changes: 30 chord changes, 2 seconds per change @ 00:02:30; Strumming at 80 BPM with metronome (old faithful pattern) @ 00:03:19; Record yourself playing a song and post on YouTube for feedback @ 00:05:31; Optional Ear Training and Music Theory (Grade 1) @ 00:06:01",3
C-mt8td1teU.youtube,"Guitar Holding Technique for Beginners: Stabilize with the Forearm, Not the Neck","May 18, 2020",,"The video presents practical guidance for beginners on how to hold the guitar so the fretting hand doesn’t bear the neck. It emphasizes keeping the guitar stable with the forearm and body pressure, explains how instrument balance can vary (neck-heavy vs body-heavy) and why that matters for control, and contrasts acoustic and electric grip approaches. The presenter also notes the importance of a relaxed, non-tensed posture, and even suggests ergonomically minor cues like rolling up sleeves to improve grip sensation. Overall, the lesson aims to establish a solid, comfortable playing position that minimizes wobble and supports clean fretting during practice.",Fretting Hand Independence; No Neck Grip; Forearm Stabilization; Guitar Balance; Guitar Body Balance; Acoustic Rest Position; Forearm Body Grip; Weight distribution; Lap Position; Non Tensed Posture; Sleeve Grip Adjustment; Wobble Prevention; Left Handed Posture,"Avoid fretting-hand neck grip; ensure fretting hand and neck are independent @ 00:00:05; Forearm-based stabilization to hold guitar against body and leg @ 00:01:04; Acoustic vs electric grip positioning @ 00:01:12; Arm-on-top vs forearm grip for electric guitars @ 00:01:25; Relaxed, non-tensed playing posture to reduce wobble @ 00:02:11; Sleeve adjustment to improve grip sensation @ 00:01:51",3
CF08-EwA-nY.youtube,Open-String Note Names on Guitar with Mnemonics (E A D G B E),"May 26, 2020",,"This JustinGuitar lesson teaches the note names of the guitar’s open strings and introduces mnemonic devices to help beginners memorize them. The core mnemonic presented is Eddie Ate Dynamite Good Bye Eddie, mapping to the open-string notes E–A–D–G–B–E, with explicit verbal confirmation of the sequence. The video also discusses alternative mnemonics (including a humorous older variant and a community-driven example) and notes that mnemonics can be self-created to suit the learner. Beyond the primary mnemonic, the instructor emphasizes the importance of remembering open-string names as a foundation for learning the fretboard, clarifies string numbering (string 1 is the thinnest, string 6 the thickest), and mentions potential ambiguity caused by two E strings when using certain naming conventions. The lesson culminates with guidance to memorize the open-string notes before advancing to the next lesson, and cross-references a related Music Theory course for further mnemonic experimentation.",Open String Note Names; Open String Mnemonic; Mnemonic Demonstrations; String Numbering; Open String Mnemonics; Open String Letters; Open String Names; 4th String Notes; Personal Mnemonics; E String Confusion; Community Open String Mnemonics; Next Lesson Memorization,"Mnemonic for open-string notes (EADGBE) @ 00:39; Alternative mnemonics and cautions (e.g., Easter Bunny Gets Drunk After Easter) @ 01:21; Community-driven mnemonic exploration in Music Theory Course @ 01:53; Open-string name order options (EADGBE vs EB GDAE) @ 02:03; String numbering convention (string 1 = thinnest; string 6 = thickest) @ 02:29; Awareness of two E strings and potential naming confusion @ 03:07",4
CWL_O9kR_b0.youtube,"Easy Minor Chord Songs with Am, Dm, and Em — Practice Guide from JustinGuitar","May 19, 2020",,"JustinGuitar’s short guide centers on using the D minor chord (and related Am and Em variants) to practice a curated set of songs across genres. He highlights specific examples where Dm and Am carry the progression (notably Arctic Monkeys’ “505”), notes minor/blue-influenced passages (Ain’t No Sunshine, All Your Love), and calls out songs with other chords such as E major and E minor (Chocolate Jesus, A Girl Like You). The video emphasizes practical tips for chord changes, tempo control (slow practice for speed of changes in Fallin), and the importance of motivation by choosing songs you enjoy. It also points to supplementary resources on the website (song lists, Beginner Song Course app, play-along tracks) to support ongoing practice.",D Minor Practice; A Minor Song Use; E Major Usage; E Minor Usage; Dm and Am 505; Dm Song Use; All Your Love; Fallin Practice; Chocolate Jesus; Minor Chord Songs; Progression Pacing; Song Choice Motivation; Sustainable Practice; Song Practice Resources; Strumming Timing Concepts; Song Based Speed Drills; Safe Practice Pushing,"Dm as anchor chord across songs (Dm with Am) @ 00:00:03; Using Am and Em alongside Dm in progressions @ 00:00:01; Slow tempo practice to manage chord changes (Fallin) @ 00:00:47; Blues-rock feel with time/feel change in All Your Love @ 00:00:35; A minor, D minor, E minor progression in A Girl Like You (tricky changes) @ 00:01:12; E major usage along with A minor and D minor (Chocolate Jesus) @ 00:00:54; Song-based practice to stay motivated (505, Ain't No Sunshine) @ 00:00:13; Use of song resources (website, app, playlist) for practice variety @ 00:02:10",4
CjM5fyXoV8w.youtube,Learn ANY Strumming Patterns with this Guitar Exercise,"March 9, 2019",,"In this JustinGuitar lesson, the instructor explains a practical framework for rhythm guitar in 4/4 time that unlocks the ability to create and recognize strumming patterns. He demonstrates how there are eight potential strums in a bar (down on each beat and up on each “and”), emphasizes keeping the hand moving even when not actively strumming, and introduces a circle-beat method for mapping patterns. The video covers pattern variation, including a common pattern nicknamed “old faithful” (down down up up down) and how to manipulate patterns by shifting which beats are strummed. He provides player-focused practice tips, such as starting with beat one, practicing slowly, then increasing tempo, and eventually playing without chords to automate patterns. The lesson stresses feel and groove as the ultimate goal, and connects pattern work to real songs and playing with others, with additional resources available on the website.",4/4 Time; Beat Counting Basics; Upbeat Concept; Eight-Strum Pattern; Down Strum on Beat; Up Strums On Ands; Keep Hand Moving; Circle Beat Method; Whiteboard Pattern Mapping; Beat One Circle; Skipped Beat Pattern; Whispered Counting; Beat Shift Patterning; Old Faithful Strumming; Pattern Automation Practice; And Counting Practice; Tempo and Feel; Foot Tap Timekeeping; Track Based Pattern Practice; Pattern Recognition; Feel Over Accuracy; Pattern Testing,Eight-subdivision rhythm framework (down on 1-4 and up on the 'and') @ 00:01:20; Keep-hand-moving principle (even when not strumming) @ 00:01:44; Circle-beat mapping and whiteboard pattern drafting @ 00:02:25; Old faithful pattern: down down up up down @ 00:07:27; Pattern manipulation by shifting strums to different beats (2/3/4) @ 00:08:08; Practice without chords to automate strumming @ 00:14:56; Counting strategies (count all vs counting the ands) and groove development @ 00:13:50; Play-along timing with a track to align strums @ 00:12:12,6
E5do76H_mi0.youtube,Two-Chord Practice: A and D Chords for Beginners (Dance The Night Away & More),"May 15, 2020",,"JustinGuitar's beginner-focused tutorial demonstrates practicing with songs that use only two chords, A and D, to improve chord changes and rhythm. He explains that the early days will be challenging, advises selecting songs with minimal chord changes or slowing the tempo, and promotes using his Beginner Song Course app to tailor speed and accompaniment. The video spotlights the two-chord pattern in Dance The Night Away by The Mavericks (D for a bar, then A for a bar, repeated) and mentions additional two-chord options such as Born In The USA, You Sound Good To Me, and Silence Is Easy. It also covers anchor finger technique, counting and strumming on the beat, and the value of play-alongs—both in-app and on the website—for a more song-like practice experience. The message emphasizes persistence, a practical 10-minute practice window, and forgiving oneself during the early learning process.",A D Two Chord Songs; A D Practice; Slow Practice Tempo; App Features Overview; Practice Speed Adjustment; Full Band Play-Alongs; Dance The Night Away; Anchor Finger Positioning; Beat Counting Strumming; Two-Chord Songs; Website Play-Alongs; Ten Minute Practice Blocks; Practice Encouragement,"Two-chord changes between A and D (basic A↔D drill) @ 00:00:01; Dance The Night Away chord pattern: D for a bar, then A for a bar, repeated @ 00:01:34; Tempo control and speed adjustment within the Beginner Song Course app @ 00:02:11; Play-alongs with drums, bass, and piano melody to simulate a real song @ 00:03:12; Anchor finger technique and steady finger placement @ 00:01:58; Use of free play-alongs on the website as alternatives to paid app @ 00:03:46; Selection of two-chord songs with varying chord hold lengths @ 00:04:20",4
FDPWwviOYno.youtube,"6/8 Time Signatures for Beginners: Counting, Feel, and Strumming (JustinGuitar)","May 26, 2020",,"JustinGuitar’s tutorial introduces time signatures with a practical focus on 6/8. It explains that time signatures describe the feeling of beats in a bar, contrasts the common 4/4 feel with 6/8, and clarifies that 6/8 comprises six beats per bar arranged as two groups of three, with beat 1 as the strongest and beat 4 as a secondary emphasis. The video guides beginners to hear and count 6/8 by listening to sample songs, counting 1–6 (and their ‘ands’), and to practice with a metronome at a moderate tempo while emphasizing the downbeats on 1 and 4. It also covers practical strumming strategy in 6/8, including six down strums per bar, the use of subdivisions, and an upcoming lesson on a specific 6/8 pattern. A variety of song examples are suggested to reinforce the feel, and the instructor cautions about different approaches for left-handed practice while encouraging attentive listening and internalization of the rhythm.",Time Signature Basics; 4/4 Dominance; Six Eight Basics; Six Beat Two Pulse; 6/8 Beat Grouping; 6/8 and Waltz Feel; 6/8 Counting Basics; Strong Beat Counting; 6 8 Listening; This Year's Love; 6/8 Song Examples; Fade Into You; Nothing Else Matters; Manic Depression; Kiss From a Rose; 6/8 Accent Counting; 6/8 Metronome Timing; 6/8 Beat Counting; 6/8 Beat Accents; Left Handed Pacing; 6/8 Pattern Lesson,Explain 6/8 time: six beats per bar with two strong pulses (beats 1 and 4) and two groups of three @ 00:00:55; Count in 6: 1-2-3-4-5-6 and identify 'ands' for strumming @ 00:03:00; Metronome-based practice: set tempo around 130 BPM; six down strums per bar @ 00:04:23; Accent pattern: emphasize beats 1 and 4 in 6/8 @ 00:04:54; Left-handed approach and learning considerations; pacing differences @ 00:05:13; Listening to 6/8 songs to internalize feel @ 00:02:05,7
IE5HWnrP9Wk.youtube,JustinGuitar Practice Assistant: Build and Track Guitar Practice Routines (Free),"May 15, 2020",,"This video is a practical walkthrough of the Practice Assistant feature in JustinGuitar’s platform. It demonstrates setting up a new routine, creating and editing practice items (for example 'Chord Changes' with a metric like 'Number of Changes'), and how to attach related links and statistics. The presenter shows item-level actions (edit, duplicate, archive) and adds items from the site (such as finger gym) into routines, then refreshes the page to reflect changes. The tutorial covers managing multiple routines, making one active, starting a practice session with a countdown, and using notes, a metronome with tempo and subdivisions, and end-of-minute alerts. It also explains how to record statistics (e.g., chord changes), switch between items mid-practice, import preset routines ( Blues Licks ), and view overall practice stats with graphs. A closing note highlights that the Practice Assistant is free and invites support via a donation button.",Practice Assistant Dashboard; Practice Routine Builder; Practice Assistant; Item Title Setup; Related Link; Practice Metric Name; Save Practice Item; Edit item; Practice Builder; Practice Archive; Add practice item from site; Refresh After Changes; Routine List Editing; Active Practice Routine; Reset Routine; Practice Timer Start; Notes per Item; Metronome Settings; Minute End Chime; Practice Statistics; Mid Practice Switching; Import Preset Routines; Blues Licks Preset; Replace Routine; Practice Stats Graphs; Donation Model Overview,"Create a new routine and add the first item @ 00:00:33; Edit and duplicate a practice item @ 00:02:20; Add items from site (Finger Gym) to a routine @ 00:03:07; Refresh page to reflect changes @ 00:03:28; Make Active Routine and manage multiple routines @ 00:04:55; Reset routine @ 00:05:26; Start practice timer and countdown @ 00:05:37; Notes per item @ 00:05:46; Metronome with tempo and subdivisions @ 00:06:07; End-of-minute flash and chime @ 00:06:29; Record statistic (e.g., chord changes) @ 00:06:41; Import preset routines and replace/add to current routine @ 00:08:03; View and interpret stats graphs @ 00:08:45; Donor prompt and keeping it free @ 00:09:51",7
IXL1bG_ao3c.youtube,Intro to Up Strums: Pattern 1 and Pattern 2 for Beginners,"May 18, 2020",,"In this beginner-friendly lesson, JustinGuitar introduces the first strumming pattern that includes an up strum after beat 2, showing how to count and execute it with a muted guitar neck and a pendulum-like forearm motion. He emphasizes slow, repetitive practice to develop a smooth, automated rhythm, explains how the up strum interacts with the beat (including the non-full-string nature of the up stroke), and offers practical guidance on staying in time even if chord changes falter. A second pattern adds a second up strum within the bar, followed by a discussion of tempo, relaxed technique, and the importance of repetition. The video foreshadows the most common pattern, nicknamed “Old Faithful,” and suggests applying these patterns to simple chords like A minor and E minor, with a reminder to practice rhythm (not just chord changes) and to use the Beginner Song Course app for pacing in time.",Up Strum After Two; DDUDD Strumming; Up Strum Counting; Muted Up Strums; Pendulum Strumming Motion; Smooth Practice; Repetition Automation; Strumming Through Changes; Two Upstrokes Per Bar; And Count Pattern; Comfortable Tempo Pace; Gravity Strumming Motion; Two Up Strums; Minor Chord Suggestions; Beginner Song Course,Up strum after beat 2 (Pattern 1) @ 00:00:00; Muted-string up strum @ 00:01:10; Pendulum forearm motion for strumming @ 00:01:21; Down-Down-Up-Down-Down pattern (D D U D D) @ 00:00:23; Two up-strums per bar (Pattern 2) @ 00:04:11; Relaxed arm and gravity-based strumming @ 00:04:57; Rhythm automation through repetition @ 00:03:03; Staying in time during chord changes @ 00:07:10; Old Faithful pattern introduction and future lesson context @ 00:05:41; Chord examples: A minor and E minor in context @ 00:06:37; Metronome not required yet; focus on feel and timing @ 00:02:13;  rhythm practice with Beginner Song Course app guidance @ 00:07:31,3
JRhwvxl46-8.youtube,"Are You Strumming on the Beat? — 4/4 Timing, Down Strums, and Counting (JustinGuitar)","May 11, 2020",,"JustinGuitar's Are You Strumming on the Beat? explains how to play in time with a 4/4 bar by focusing on a downward strum on the beat, counting 1-4, and coordinating a foot-tap with hand strumming. The lesson emphasizes practicing with muted strings to establish a solid downbeat, developing an automatic coordination between hand and foot, and building a strong internal tempo rather than relying on complex upstrokes. It also covers practical pacing for songs, offering simple variations for faster tempos (strumming only on beat 1 or two strums per bar on beats 1 and 3) and stressing repetition, gradual progression, and realistic expectations for beginners.",4/4 Time Signature; bar equals four beats; Down Strum on Beat; Counting 1 to 4; Foot Tap Tempo; Dead String Muting; Hand Foot Sync; Memory Versus Counting; Downbeat Concept; Practice Repetition; Ands and Upstrokes; Song Tempo Adaptation; On Beat Strumming; One Strum Per Bar; Two Strums Per Bar; Continuous Strumming Motion; Beat Strumming; Advanced Strumming,Foot-tap as tempo guide @ 00:00:25.397; Down strum on the beat (4/4 time) @ 00:00:34.347; Muting strings (dead strings) while strumming @ 00:00:57.856; Two-strums-per-bar pattern (beats 1 and 3) @ 00:04:53,5
JihqR0p73EY.youtube,"Module 5: C major chord, strumming foundations, and basic theory","May 20, 2020",,"JustinGuitar's Module 5 Beginner Guitar Course lesson introduces the C major chord (noting its stretchiness), then moves into strumming fundamentals, including how the 'overall picture' of strumming works and how to add extra strums to craft patterns. The video then shifts to a light theory segment: the note circle, sharps and flats, and the 12-note scale, followed by practical practice strategies such as compiling a personal songbook. It ends with a hands-on riff workout using Nirvana's Come As You Are to illustrate applying chords and strumming to a real song context.",C Major Chord; C Chord Stretch; Strumming Basics; Strumming Count Rhythm; Extra Strums; Strumming Pattern Creation; Note Circle; Sharps and Flats; Chromatic Scale; Songbook Organization; Personal Songbook Practice; Come As You Are Riff,C major chord introduction and stretch awareness @ 00:00:07; Strumming basics and pattern development @ 00:00:21; Note circle; sharps/flats; 12-note chromatic scale @ 00:00:55; Songbook formation and practice organization @ 00:01:03; Riff study: Nirvana Come As You Are @ 00:01:15,3
JrIxNphnhrM.youtube,"Up Strums for Beginners: Thin-pick technique, muted practice, and thinnest-string focus (JustinGuitar)","May 18, 2020",,"This JustinGuitar beginner lesson explains up strums (upstrokes) as the in-between motion to the standard down strum. The video emphasizes using an ultra-thin pick to facilitate clean upstrokes, teaching muted practice to avoid noise, and clarifying that upstrokes typically strike only the thinnest three or four strings. Through slow, counted practice (one-and-two-and-three-and-four-and) with optional foot tapping for rhythm, the instructor guides learners to coordinate rhythm with the strum direction, gradually transitioning from muting to actual strumming on the guitar. The lesson also contrasts strumming all strings versus focusing on the thinnest strings for clearer, more musical results, especially when working with common chords like D minor and A minor. A preview of upcoming strumming patterns that incorporate upstrokes signals progression beyond the basics.",Up Strums; Down Up Rhythm; And Counting Pattern; Hand Muting Technique; Thin Pick Technique; Thinnest String Upstrokes; Upstroke Motion; Up Strum String Targeting; Foot Tap Rhythm; Minor Chord Focus; Practice Pacing; Upstroke Feel; Upstroke Pattern Transition,Use an ultra-thin pick (0.38 mm nylon) for easier upstrokes @ 00:00:32; Mute all strings with the hand to practice without sound @ 00:01:32; Count rhythm with one-and-two-and-three-and-four-and while down/up strumming @ 00:01:44; Upstroke targets only the thinnest 3-4 strings; avoid thick strings @ 00:03:24; Upstroke moves slightly away from the body for cleaner attack @ 00:03:39; Foot tapping to synchronize rhythm with the count @ 00:03:14,5
LlN2yrFQKzY.youtube,How to Read Guitar Chord Diagrams: D Major Basics,"May 11, 2020",,"JustinGuitar's beginner-friendly tutorial introduces how to read guitar chord charts. It explains the anatomy of a chord diagram—six strings, frets, and the nut—with discussion of how the nut may be drawn, how lines indicate frets, and how the neck is depicted with finger-placement dots. The video also covers how to read finger numbers (1=index, 2=middle, 3=ring, 4=pinky) and the notation T for the thumb, as well as X for muted strings and O for open strings. Using a D major diagram as the first example, it demonstrates the exact fingering: first finger on the second fret of the third string, second finger on the second fret of the thinnest string, and third finger on the third fret of the second string, with the remaining strings muted or open as indicated. This lesson establishes foundational skills for reading chord shapes in subsequent lessons.",Chord Diagram Basics; String Diagram Orientation; Diagram Line Weight; Chord Diagram Lines; Chord Diagram Nut; Chord Diagram Orientation; Chord Diagram Dots; Finger Numbering Basics; Thumb Diagram Marker; Muting X Notation; Open String O Notation; D Fingering Demo,Interpreting chord diagrams: identifying strings and frets @ 00:00:12.807; Nut representation in chord diagrams and line thickness @ 00:00:57.037; Neck diagram dots as finger placement indicators @ 00:01:25.847; Finger labeling: 1-4 and T (thumb) @ 00:01:32.124; X and O notation for mute/open strings @ 00:02:25.799; D major fingering example (specific finger positions) @ 00:02:51.885,4
MLlWCygtVEc.youtube,"G Chord for Beginners: Song picks, 6/8 rhythm, and dynamics","May 26, 2020",,"This JustinGuitar lesson centers on selecting beginner-friendly songs that feature the G major chord (the new chord introduced in Lesson 6). It showcases concrete song options (including Unknown Legend and Hey Joe) to practice G along with related major chords, and it explores 6/8 timing with This Year’s Love while highlighting other G-inclusive tunes like Mad World and County Roads. The host emphasizes practicing with simple chord progressions (C, G, D, A, E), using left-handed practice, and maintaining motivation by choosing songs learners truly enjoy, with a note that the next lesson will consolidate skills and sustain momentum.",G Major Chord; C Major Chord; D Major Chord; A Major Chord; E Major Chord; Unknown Legend Song; Hey Joe Practice; This Years Love 6/8; Dynamic Chord Changes; Country Roads Songs; Left Handed Chord Practice; Chord Progressions; Song Motivation; 6 8 Strumming Patterns; Practice Philosophy; Song Practice Consolidation,G major chord introduction as a foundation for beginners @ 00:00:06; Left-handed chord-change practice using the five major shapes (C G D A E) via Hey Joe @ 00:01:23; 6/8 timing example applied to This Year’s Love @ 00:00:44; Dynamic expression and arrangement considerations (loud/soft sections) with Mad World @ 00:01:25; Song selection strategy focused on motivation and enjoyment @ 00:02:49,4
McSfLPmXcLw.youtube,"Anchor Finger Chord Changes (E, A, D): E to A and E to D using the anchor finger technique","May 11, 2020",,"This video demonstrates an anchor-finger approach to smooth chord changes among E, A, and D on the guitar. The technique centers on keeping the first finger as an anchor while sliding it between frets to form the target chords, then dropping the remaining fingers into place (2 and 3 for A or D). The presenter walks through E→A and E→D transitions, emphasizes sliding the anchor finger first, returning to E, and adds guidance on practicing in finger order (1-2-3) and a suggested one-minute drill to build familiarity with the motion before speeding up changes. The guidance focuses on feeling and pattern rather than introducing new guitar shapes beyond those three chords.",E Major Open Chord; A Major Open Chord; D Open Chord; Anchor Finger Concept; First Finger Anchor; sliding the anchor finger; Chord Finger Placement; E Return Anchor; A to E Transition; D to E Transition; One-minute changes drill; Finger Order Technique; Anchor Finger Slide; Pattern Chord Changes; Anchor Finger Coordination; Repetition Confidence,"Anchor finger transition: E → A with the index finger as the anchor, sliding to the second fret while placing fingers 2 and 3 to form A @ 00:00:11.402; Anchor finger transition: E → D by sliding the anchor to the second fret and dropping fingers 2 and 3 to form D @ 00:00:52.666; Finger-order down approach (1-2-3) during chord changes, illustrating sequentially placing notes rather than all at once @ 00:01:36.980; One-minute changes drill to build familiarity with sliding the anchor finger and returning to the first fret @ 00:01:12.394",3
MlV6WhM9YhE.youtube,"How to Hold a Guitar: Posture, Leg Position, and Arm Support (JustinGuitar)","May 11, 2020",,"This instructional video guides a beginner through practical guitar holding and posture to minimize strain and facilitate chord changes. Justin explains a right-handed player should typically place the guitar on the right leg (with an optional left-leg classical setup), how the forearm should rest and support the guitar rather than the shoulder bearing the weight, and the importance of relaxing the arm to avoid fatigue. He notes differences for acoustic (forearm sits on top) versus electric (forearm rests on the front), and suggests sleeves or fabric can affect grip. A stable, cutaway–torso interaction helps the instrument stay in place, while not leaning across the neck and maintaining an upright posture reduces risk of wrist, neck, and back discomfort. The narrative also covers practical cautions such as avoiding leaning to look at fingers, and the possibility of using a strap as an alternative support.",Guitar Posture; Right Hand Hold; Left Handed Option; Right Leg Placement; Classical Leg Position; Forearm Contact; Shoulder Support Posture; Cutaway Torso Stability; Fabric Grip Impact; Relaxed Arm Support; Strap Support; Neck Support Posture; Neutral Guitar Posture; Wrist Posture Safety; Upright Guitar Posture; Practice Posture Adjustments; Finger Placement View; Guitar Posture Mistakes,Right-leg guitar position for beginners (vs left-leg classical) @ 00:00:05; Forearm contact and weight distribution to prevent shoulder strain @ 00:00:49; Arm supports guitar; neck not supported by the hand @ 00:01:52; Avoid leaning to prevent wrist strain and carpal tunnel risk @ 00:02:33; Maintain upright posture; avoid craning to see fingers @ 00:03:30; Sleeve management to improve grip @ 00:01:06; Option to use a strap for additional support @ 00:02:03; Overall posture as foundation for practice @ 00:01:30,3
QkrIZBLZEXw.youtube,How to Play the D Chord on Guitar,"May 11, 2020",,"JustinGuitar's beginner-oriented tutorial teaches the D major chord on guitar by guiding the learner through the exact three-finger shape and placement order: index finger on the 2nd fret of the G string, middle finger on the 2nd fret of the high E string, and ring finger on the 3rd fret of the B string. The video emphasizes placing fingers close to the frets, angling the knuckles, and avoiding muting by keeping the fingertips on the tips of the strings. It covers common beginner challenges such as finger pressure timing, muting issues on the open 4th string, and maintaining the thumb behind the neck to support future barre chords. A four-stage practice framework, called Chord Perfect Practice, is introduced to help learners lock in correct finger placement, refine tone through small adjustments, and solidify the strumming pattern.",D Major Fingering; String Fret Mapping; G String Second Fret; High E Second Fret; Ring Finger Placement; D Chord Open String; Chord Muting Fixes; Finger Angle Position; String Tone Testing; Open String Awareness; Position Thumb Behind Neck; Palm Clearance; Four Stage Practice; D Chord Placement; D Chord Pressing; D Chord Cleanup; Mental Rehearsal Timing; D Chord Challenges,"D major chord fingering (index on G string 2nd fret, middle on high E string 2nd fret, ring on B string 3rd fret) @ 00:00:16; Chord Perfect Practice four-stage method @ 00:07:06",4
RPBtKqD6ddQ.youtube,Foot Tapping for Guitar Beginners: How to Keep Time by Tapping Your Foot,"May 11, 2020",,"In this JustinGuitar lesson, the instructor explains why players tap their foot to establish an external pulse that helps them keep time while playing guitar. He emphasizes that the heartbeat is not a reliable tempo source, and introduces the idea of using a metronome later in the course. The video covers where and how to tap—preferring a heel tap with the left foot for right-handed players to avoid the guitar jumping and disrupting chord changes—and discusses alternatives (toe taps, standing or seated tapping, even unconventional body movements). A core message is to practice tapping along with music to develop a subconscious sense of beat, with practical homework such as tapping any time there’s music (excluding car scenarios) and gradually integrating rhythm with chord changes and picking. The lesson culminates in guidance on public pacing and the long-term beginner journey from finger pain to rhythmic accuracy.",Foot Tapping Overview; External Pulse; Pulse Keeping; Foot Tapping Rhythm; Foot Tap Metronome; Four Beat Bar; left-foot tapping; Heel Tap; Foot Tap; Foot Tapping Posture; Foot Tapping Timing; Tapping Body Motion; Foot Tapping Pulse; Practice Routine; Foot Tapping; Foot Safety; Performance Considerations,Tap on the beat (1-4) to maintain tempo @ 00:00:55.325; Heel tapping as the recommended tapping method @ 00:02:27.999; Daily tapping as a habit to feel the beat while music is playing @ 00:03:33.606,4
Rkke83Gvndk.youtube,Memorizing Easy Guitar Songs: Focus on Repetitive Chord Progressions (4-5 Song Repertoire),"May 28, 2020",,"In this 2020 JustinGuitar video, the host presents a practical method for memorizing simple songs on guitar suitable for social settings. He emphasizes choosing tunes you enjoy that use very small numbers of chords and learning the chord order so you can perform from memory without a songbook or searching online. The approach centers on repetitive chord progressions, avoiding songs with varied verse/chorus patterns, and building a short repertoire—about four to five easy songs—that you can recall reliably at parties. The guidance also recommends delaying the inclusion of more complex pieces until you’ve established a solid recall baseline and feel comfortable with the simpler material.",Chord Memorization; Simple Chord Progressions; Repetitive Song Structure; Chord Order Memory; Short Song Repertoire; Memory Song Playing; Party Guitar Tricks; Repetitive Song Forms; Favorite Song Selection; Long Term Learning,Select songs with few chords and highly repetitive structures to simplify memorization @ 00:22:00; Memorize chord order and progression to enable memory-based performance @ 00:49:00; Build a short repertoire (4-5 easy songs) before tackling harder material @ 01:12:00,3
SN6F6ScINuA.youtube,"Welcome to Module 3: Capo, Minor Chords & Up Strums","May 15, 2020",,"This beginner-oriented module focuses on rhythm as a core guitar skill while expanding chord vocabulary with minor and E minor. It introduces capos as a practical tool for staying in time with original recordings and for adjusting song keys to suit a singer’s range. The instructor frames the lesson around two new chords (minor and E minor), reinforces the importance of solid strumming and timing, and touches on the typical beginner pain timeline as practice continues. The transcript indicates an emphasis on rhythm over perfect chord accuracy and sets the stage for applying capoed transpositions and new chord shapes in subsequent lessons.",Minor Chords; E Minor Guitar Chord; Capo Usage; Capo Key Changes; Capo Vocal Range; Rhythm Development; Strumming Technique; Chord Change Practice; Original Recording Play-Along; Finger Pain Timeline; Module 3 Intro; Timing vs Harmony,Capo basics: using a capo to play along with original recordings and to transpose keys for vocal fit @ 00:01:17; Introduction to minor chords: overview and plan to learn minor and E minor @ 00:01:38; Rhythm emphasis: prioritizing solid rhythm and up-strums as core skills @ 00:00:39,3
SNYMRZqopi8.youtube,Practice Common Chord Changes: Song-Based Prioritization and 1-Minute Drills,"May 27, 2020",,"JustinGuitar’s short tutorial centers on practicing common guitar chord changes efficiently. It starts from the premise that eight learned chords yield 64 possible ordered changes (8x8), with about 56 distinct transitions after accounting for overlaps, and identifies 25 chord changes worth practicing. Rather than drilling all 25 changes in isolation, the approach advocates selecting 5–6 songs you want to play, analyzing the chord changes within those songs, identifying the most difficult transitions, and prioritizing practice around those. The plan emphasizes a practical, song-driven method (including a social test at a party or barbecue) and notes that some changes (such as D to Dm) may be postponed until they appear in a chosen song. A 1-minute-per-change drill is mentioned as a benchmark, used to justify focused, efficient practice rather than rote repetition of every possible change.",8 Chords Learned; Chord Change Pairs; Distinct Change Count; Chord Change Priorities; 25 Minute Planning; Song Change Prioritization; Song Selection Criteria; Song Chord Analysis; Difficult Change Priorities; Difficult Change Targeting; Real Life Practice; Chord Change Focus; Song-Based Prioritization; D to Dm Change,"1-minute-per-change drill (conceptual, time-budgeted practice) @ 00:00:24; song-based prioritization: pick 5–6 songs and drill only their changes @ 00:00:33; identify and target the most difficult changes from chosen songs @ 00:00:50; avoid drilling all 25 changes; focus on transitions you actually need @ 00:01:01; D to Dm as an optional target to be tackled when it appears in a song @ 00:01:06",3
Se__aa_k-ms.youtube,Anchor Fingers for Fast A-D Chord Changes,"May 11, 2020",,"JustinGuitar’s lesson centers on the anchor finger technique to speed up chord changes, specifically between D and A chords. The instructor emphasizes keeping fingers light and in position, using the first finger as an anchor while the other fingers lift and reposition, and sliding the anchored finger forward to place the remaining fingers for the A chord. The practice is performed without full pressing or strumming to develop a fluid, rapid transition, with guidance to relax the fingers and avoid tension. The video foreshadows longer-term progression with the concept of 'One Minute Changes' after mastering the anchor approach.",Anchor Finger Concept; A Chord Fingering; D Chord Fingering; Finger Relaxation; not pressing hard; First Finger Slide; Second Finger Placement; Third Finger Placement; Anchor Finger Practice; A to D Change; Chord Change Speed; Anchor Finger Flow; Fast Change Drill; Practice Drill,Anchor finger concept for chord changes @ 00:00:00; D-chord posture with relaxed pressure @ 00:01:04; A-chord formation via anchor finger slide @ 00:01:44; Maintaining relaxed finger pressure throughout @ 00:01:11; Anchor finger drill with no strumming @ 00:02:31; One Minute Changes concept introduction @ 00:02:58,4
U1TMGzcbbLE.youtube,Strumming: How to Practice Counting the Beats | Guitar for Beginners (rhythm counting with 1 and 2 and 3 and 4 and),"May 18, 2020",,"This JustinGuitar lesson focuses on building rhythmic accuracy for strumming by counting in 4/4 time and integrating the “and” between the beats. It explains down-strumming on each beat, introduces the concept of up-strums between beats, and emphasizes verbal and physical rhythm training—counting aloud, tapping a foot, and even practicing the motion without a guitar—to develop a consistent, flowing groove. The video frames rhythm work as foundational to the course, with the instructor highlighting the importance of staying “1 and 2 and 3 and 4 and” rather than sloppy, disrupted timing. A future section hints at adding the up-strum as the next step in the technique progression.",4/4 Counting; Beat Counting Strums; Between Beat Strumming; Count the Beats; Verbal Rhythm Practice; Rhythm Consistency; Foot Tap Timing; Air Rhythm Practice; Rhythm Subroutines; Beat Counting Practice; Rhythm Practice Routine; Upstroke Preparation,Down-strumming on each beat in a 4/4 bar @ 00:00:24.180; Counting and strumming along with the 4-beat bar (1-2-3-4) @ 00:00:28.840; Introducing up-strums between beats (between down-strums) @ 00:00:44.431; Using 'and' to mark off-beat between counts @ 00:00:59.470; Verbal rhythm practice: saying '1 and 2 and 3 and 4 and' @ 00:01:11.626; Maintaining rhythm consistency and avoiding sloppiness @ 00:02:11.110; Foot tapping to maintain tempo @ 00:02:24.939; Air-hand movement to practice rhythm without guitar @ 00:02:36.948; Linking beats to strums via 'subroutines' concept @ 00:03:01.094; Preview of the upcoming up strum (transition in lesson plan) @ 00:03:21.940,3
V0Q0buwLvVA.youtube,Three Tips to Avoid Guitar Finger Pain (Beginner),"May 11, 2020",,"JustinGuitar’s beginner-focused segment on finger pain presents a practical, evidence-based approach to building a sustainable early practice routine. The core guidance includes: press lightly only when producing a sound, position fingers close to the frets to reduce required pressure, and adopt a paced practice schedule (about 20 minutes per day, four days a week) with built-in breaks. He also advises pausing when pain arises, massaging or rubbing fingers during breaks, and maintaining a positive mindset to keep playing enjoyable while calluses form. The transcript maps these suggestions to concrete verbal instructions and timing cues throughout the video.",Beginner Finger Pain; Light Finger Pressure; Anchor Finger Changes; Near Fret Placement; Light Fretting Pressure; Practice Scheduling; Spaced Practice Intensity; Early Lesson Progression; Practice Breaks; Finger Massage Recovery; Finger Conditioning; Enjoyable Practice,"Press fingers lightly and only to produce sound @ 00:00:41; Position fingers near the fret (positive finger placement) @ 00:01:10; 20 minutes/day, 4 days/week practice schedule @ 00:01:50; Space out practice; avoid overdoing sessions @ 00:02:33; Take breaks; pause when pain arises @ 00:02:58; Massage and rub fingers during breaks @ 00:03:32; Keep practice enjoyable to prevent loss of motivation @ 00:04:02",5
VB0vWNqNMbA.youtube,Minimizing Finger Pain via Correct Guitar Finger Placement,"May 11, 2020",,"This JustinGuitar lesson demonstrates how finger placement within a fret affects the amount of pressure needed to produce a clean note, with a practical exercise to train beginners to minimize finger pain. The instructor explains that moving the finger closer to the fret reduces the required pressure, and compares pressing near the front of the fret versus toward the back. The session guides the learner through a controlled exercise: place the first finger on the fifth fret of the third string, pluck with the thumb to assess note quality under light pressure, then move the finger toward the back of the fret to feel the increased effort required. The goal is to help beginners produce good notes with less finger pain, enabling longer, more enjoyable practice sessions.",Fret Relative Placement; Fretting Pressure; Light Pressure Quality; Finger Pain Relief; Third String Fret; Third String Indexing; Fretside Finger Placement; Fret Proximity Pressure; Thumb-Plucked Pressure Test; Pain Reduction; Chord Practice Ergonomics; Efficient Finger Placement,Position finger as close to the fret as possible to minimize required pressure @ 00:03:06; Experiment with light pressure to produce a clean note and assess feel @ 00:02:01; 5th fret on the 3rd string finger placement exercise for controlled practice @ 00:01:19; Use of the thumb to pluck the string for feedback on finger pressure @ 00:01:41,3
X2EmpWr9vUc.youtube,How to Tune Your Guitar for Beginners: Clip-on Tuners (PolyTune and Snark) and Basic Techniques,"May 11, 2020",,"JustinGuitar’s beginner tuning lesson guides new players through practical tuning using clip-on tuners, comparing a high-end PolyTune with a common Snark unit, and demonstrating a string-by-string tuning routine. The video covers how to tune up to each note, why tuning up (not down) is recommended, muting between strings with a rest-stroke thumb, and how neck movement after changing string tension can require a second pass. It also acknowledges scenarios where tuning by ear is useful when strings are very out of tune, and points to alternative tuning methods and additional resources on his site.",Clip On Tuner; PolyTune Tuner; PolyTune Tuning; Snark Clip On Tuner; String Tuning Order; Tune Upward; Tuning By Ear; String Mute Tuning; String Muting During Tuning; Thumb Muting Tuning; Neck Movement Tuning; Alternative Tuning,"Multi-string tuning with PolyTune @ 00:01:00.508; Snark clip-on tuner usage @ 00:01:32.614; Always tune up to a note (do not tune down) @ 00:03:31.743; Tune by ear when strings are very out of tune @ 00:04:29.957; Rest-stroke thumb muting for single-string tuning @ 00:05:59.599; Muting strings between tuning steps @ 00:06:12.739; Double-tune after neck movement @ 00:06:31.169; Alternative tuning methods (pedal, apps, harmonica, piano, tuning to itself) @ 00:06:53.995; Start of string-by-string tuning (high E to low E) @ 00:01:44.000",6
XxICTF-NIZ8.youtube,Em to Am Focus: 3 Easy Songs for Beginners (JustinGuitar),"May 18, 2020",,"In this concise beginner lesson, JustinGuitar centers on using E minor (Em) and A minor (Am) chords for strumming practice. He emphasizes keeping a simple, consistent rhythm as the key to successful chord changes, then presents several songs that demonstrate Em/Am progressions. Examples include Sing by Ed Sheeran, Moves Like Jagger by Maroon 5, I Belong To You by Lenny Kravitz, and Use Me by Bill Withers. He also references practical practice aids like strumming patterns, the Beginner Song Course app, and guitaraoke play-along, and invites viewers to share their practice videos and engage with the community for feedback.",E Minor Chord; A Minor Chord; Em to Am Changes; Rhythm Timing Basics; Simple Strumming Patterns; Guitaraoke Play Along; Beginner Songbook App; Sing Song Practice; Moves Like Jagger; I Belong To You; Use Me Song; Songbook Resources; Community Sharing,Em to Am chord-change drill (beginner-friendly) @ 00:00:03; Rhythm-focused strumming with a single pattern @ 00:00:26; Guitaraoke play-along as practice method @ 00:01:18; Use of Beginner Song Course app for song access @ 00:01:21; Song examples using Em/Am for practice @ 00:00:15,3
ZulHB_cW5IA.youtube,Intro and Course Features of JustinGuitar Beginner Course,"May 14, 2020",,"This opening video presents Justin Sandercoe welcoming learners to the JustinGuitar Beginner Course, emphasizing that the course is free, structured into individual lessons, and suitable for acoustic or electric guitarists. It introduces unique tooling and resources designed to support practice and progression, including the My Practice Assistant for building customized routines and tracking progress, a left-handed practice journey showcased via the Nitsuj series, an editable practice-time system, and a companion Beginner Song Course app with hundreds of backing tracks. The video also highlights play-along videos as an accessible alternative to the app, and closes with requests for donations to sustain free access and ongoing improvements.",Beginner Guitar Course; Course Features; Acoustic Electric Coverage; Nitsuj Journey; My Practice Assistant; User Dashboard; Lesson Timing; Beginner Course App; Rhythm Backing Tracks; Song Backing Tracks; Play-Along Videos; Song-Based Learning; Donation Model; App Accessibility,Practice scheduling and progress tracking with My Practice Assistant @ 00:50.420; Left-handed practice journey demonstrated via the Nitsuj series @ 00:42.532; Editable practice items and customizable timing for lessons @ 01:04.618; Beginner Song Course app for iOS/Android @ 01:19.078; Backing tracks designed for beginner rhythm and strumming @ 01:32.208; Play-along videos as an alternative to the app @ 01:50.383; Donation request to support free access and ongoing improvement @ 01:59.623,3
_QCt3UBTS1Y.youtube,"JustinGuitar Beginner Course Grade 1 Introduction — Lesson Structure, Fundamentals, and Practice Routine","May 11, 2020",,"This 1:15-long opening video from JustinGuitar introduces the Beginner Guitar Course Grade 1 by explaining that lessons are structured like private sessions, and that the first lesson covers essential fundamentals beyond technique (reading chord boxes, holding the guitar, and how to hold picks). It also outlines a full daily practice routine and notes a left-handed learning option in the Nitsuj series. Because remote learning precludes in-person tuning, Justin instructs that students must learn to tune their guitar themselves, with tuning addressed in the next lesson. ",Course Pacing; Chord Box Reading; Guitar Holding Position; Picking Grip Basics; Practice Routine Overview; Daily Practice Duration; Nitsuj Series; Remote Self Tuning; Goals and Ambitions; Lesson Expectations,Reading chord boxes (fundamentals) @ 00:00:21; Guitar holding position @ 00:00:24; Holding picks (basic grip) @ 00:00:24; Full practice routine overview and daily duration guidance @ 00:00:32; Left-handed learning path (Nitsuj series) @ 00:00:41; Self-tuning guidance for remote learning @ 00:01:04,3
bKOmcPTHYpA.youtube,"6/8 Strumming Pattern with Missing Beats (1, 2 and 3, 4, 5 and 6) – JustinGuitar","May 26, 2020",,"In this JustinGuitar lesson, the instructor introduces a concrete 6/8 strumming pattern by first establishing the feel of 6/8 with a down-strum on every beat and an accent on beats 1 and 4. He then demonstrates a distinctive variation that omits beats 2 and 5, resulting in the counting 1, 2 and 3, 4, 5 and 6 (and the alternates shown for 1, 2 and 3, 4, 5 and 6). The hand continues moving even when a beat is skipped, and the pattern is rendered as Down, Up, Down, Down, Up, Down, with an optional extra upstroke after beat 6 to extend the groove. The video emphasizes slow, deliberate practice, maintaining continuous motion, and gradually increasing tempo, with encouragement to apply the pattern to 6/8 songs and to experiment freely within the rhythm framework.",6/8 Time Basics; 6/8 Down Strums; 6/8 Accent Pattern; 6/8 Count 1 to 6; Missing Beat Pattern; 6/8 Missing Beats; Continuous 6/8 Strumming; 6 8 Missing Beat Pattern; Optional Upstroke; Tempo Ramping Practice; 6/8 Song Application; 6/8 Pattern Play,"6/8 rhythm with missing beats 2 and 5 (counting: 1, 2 and 3, 4, 5 and 6) @ 00:00:59.729; Maintain continuous strumming while omitting beats; pattern: Down, Up, Down, Down, Up, Down @ 00:01:28.505; Add a trailing upstroke after beat 6 for extension @ 00:02:48.159; Accent pattern and basic 6/8 counting (1 and 4 emphasis; 6/8 cycle) @ 00:00:30.997",3
bqUdZdhHGVI.youtube,Interval Ear Training for Beginners: Getting Started with Ear Training in JustinGuitar,"May 28, 2020",,"JustinGuitar’s ear-training video introduces beginners to Interval Ear Training as a standalone, beginner-friendly module. It explains why ear training matters for musicianship, outlines how interval awareness strengthens listening and helps singing, and describes a practical path into the module (starting with recognizing simple intervals, using familiar melodies to anchor the sound, and attempting basic tests to track progress). The presenter emphasizes that ear training is optional, but beneficial for overall musicianship, and notes that even some professional players excel without formal ear training or music theory. The video also frames interval work as a training gym for the ear and previews how later steps in the course build toward singing in tune and identifying melodies or chords on the guitar.",Interval Training; Pitch Distance; Perfect Fourth Ear Training; Major Third Recognition; Interval Singing Practice; Interval Cue Training; Doo Doo Interval Cue; Interval Song Anchors; Ear Vs Practice; Ear Training Fitness; Course Structure; Interval Ear Training; Ear Training Scoring; Progress Tracking; Early Ear Training; Ear Training Value,"Interval Ear Training (conceptual introduction) @ 00:53; Perfect Fourth recognition via example @ 00:56; Songs as interval anchors (Wedding March, Funeral March, Auld Lang Syne) @ 02:23; First exercises: 4th and 5th intervals @ 04:36; Testing and progress feedback in ear training module @ 04:42",5
c5pipuvb-EM.youtube,"Angle, Grip, and Forearm Mechanics for Beginner Strumming (Acoustic vs Electric)","May 11, 2020",,"This lesson presents beginner strumming mechanics with a focus on relaxed forearm motion, arm placement on the guitar, and pick handling for both acoustic and electric guitars. It emphasizes keeping the arm resting on the guitar to reduce shoulder tension, driving strumming from the forearm rather than the wrist, maintaining a near-parallel hand to the strings, and using a loosely held, thin pick. The instructor then contrasts acoustic and electric setups, noting differences in rest support and comfort, and closes with guidance on adapting mechanics to individual anatomy and instrument size. Practical tips include adjusting pick angle (a slight downward tilt from the thumb), minimizing tension to avoid a harsh sound, and progressive use of thicker picks as control and volume improve.",forearm-driven strumming; Forearm Alignment; Acoustic Arm Placement; Relaxed Guitar Posture; Arm Support; Pick Contact Angle; String Angle Pick; Pick Tilt Alignment; Pick Glide Adjustment; Pick Grip Relaxation; Thin Pick Choice; Pick Thickness Progression; Forearm Strumming; Forearm Strumming Mechanics; Electric Guitar Setup; Posture Fit Considerations; Strumming Adaptation; Beginner Practice Guidance,Forearm-driven strumming with elbow-to-thumb straight line @ 00:01:29; Thumb-side pick contact with a slight downward angle to strings (20–30 degrees) @ 00:02:55; Thumb knuckle micro-adjustment to optimize pick glide @ 00:03:10; Use of very thin picks for forgiveness and easy grip @ 00:05:50; Maintaining a relaxed grip to prevent jerky motion and string catching @ 00:04:00; Electric guitar forearm stability without a rest (contrast to acoustic) @ 00:06:44,6
d9YRzCF5A9M.youtube,Stopping Between Chord Changes? Here's How To Fix It!,"May 26, 2020",,"In this JustinGuitar lesson, the core message is to avoid stopping the rhythm when changing chords, a habit that makes mistakes obvious to listeners. The instructor explains that “forcing the changes” to happen on the beat—while keeping the strumming continuous—preserves the groove and makes errors less noticeable. He demonstrates how rhythm can vanish when you stop, and advocates practicing with a metronome, drum grooves, or backing tracks to build solid timing. A structured practice approach is offered, including a one-minute-changes drill to push speed, the use of play-along songs (via the beginner song course app) for real-world feel, and tools like the JustinGuitar Time Trainer. The takeaway is that rhythm drives music, beat-one alignment is essential, and consistent tempo will improve chord-change speed over time.",On Beat Changes; Steady Rhythm; Continuous Strumming Flow; Solid Beat One; Timing Metronome Practice; Groove Backing Tracks; Beginner App Play-Alongs; One-minute changes drill; Pressure Practice; Music Drives Rhythm; Time Trainer; Timing Practice Strategy,Force chord changes to occur on the beat @ 00:00:03; Maintain continuous strumming to avoid rhythm stops @ 00:01:12; Metronome and backing track practice to enforce timing @ 00:01:34; One-minute changes drill to speed up changes @ 00:02:36; Applying 'pressure' to fast chord changes @ 00:02:47; Beat-one solid chord during practice @ 00:04:31; Use play-along songs and backing tracks for rhythm practice @ 00:01:34; Rhythm-first approach: rhythm drives music @ 00:03:28; Time Trainer/metronome tool recommended @ 00:04:02,3
f18EV2dr008.youtube,"C Major Chord Essentials: Fretting, Muting, and Relaxed Technique (JustinGuitar)","May 20, 2020",,"This video educates beginning guitarists on forming the C major chord with an emphasis on accurate finger placement, muting the low string, and maintaining a relaxed fretting posture. The instructor walks through the proper fretting order (index on the 2nd string 1st fret, middle on the 4th string 2nd fret, ring on the 5th string 3rd fret), then addresses common challenges such as muting the thickest string, avoiding string buzz, and ensuring the 4th string rings clearly. Additional guidance covers finger-angle, the tip-focused contact of the fretting fingers, minimal hand gap, and the importance of a relaxed arm and shoulder to accommodate individual hand shapes. The video also outlines a practical approach to practicing chord changes (e.g., maintaining a hand-off and re-landing the fingers) and foreshadows future transitions to chords like G and D.",C Major Shape; C Chord Fingering; C Chord Placement; C Chord Position; C Chord Angle; Low E String Muting; Third Finger Tip Mute; 5th String Muting; Fourth String Ringing; Third String Buzz Control; Tip Placement; First Finger Gap; Second String Alignment; Strumming vs Picking; Relaxed Chord Technique; Finger Angle; Comfortable Fretting Posture; Finger Landing Sequence; String Check; Future Practice Targets; Beginner Progress Pace,C major fingering: 1st finger on 2nd string 1st fret; 2nd finger on 4th string 2nd fret; 3rd finger on 5th string 3rd fret @ 00:16:00; Muting the 6th string with the 3rd finger tip while fretting the rest @ 01:26:00; 3rd finger height adjustment to mute 5th string and clear 4th string @ 02:04:00; Relaxed fretting posture and angled finger contact to reduce wrist tension @ 04:05:00; 1st finger tip alignment and maintaining a small beginner gap behind the hand @ 03:15:00,6
gI8iH5Mg7LQ.youtube,"JustinGuitar Lesson 2: Practice Routine (Chords, Anchor Finger, and Song Practice)","June 21, 2021",,"In JustinGuitar’s Lesson 2: Practice Routine, Justin walks through a structured 20-minute beginner-friendly practice sequence designed to build chord accuracy, finger independence, and timing. The plan emphasizes four practice sessions per week, cautions about finger pain and overdoing it, and then steps through a chord-focused drill (E, A, and D chords) before a dedicated anchor-finger exercise that cycles through chord shapes. The routine includes short, timed drills on each chord, a pattern-based transition exercise, and a riff-focused segment (Peter Gunn theme) to develop picking and finger agility. A 10-minute song practice follows, prioritizing songs the student enjoys (notably Three Little Birds) and, for now, avoiding capo; tempo and rhythm targets are discussed, including keeping a steady rhythm with foot tapping and aiming for roughly 30 chord changes per minute in early stages. The module ends with guidance on when to progress, the importance of memorizing chords before moving on, and pointers to practice-along resources and the website for further materials and updates.",Weekly Practice Schedule; Beginner Pain Caution; E Major Drill; A Major One Minute Drill; D One Minute Drill; Anchor Finger Cycle; Transitional Chord Practice; Chord Change Sessions; E A D Memorization; Peter Gunn Practice; Tension Management; Ten Minute Practice; Lesson 2 Capo Guidance; Practice Resources; 30 Changes Target; Foot Tap Practice; Lesson Readiness,"E major chord two-minute drill (chord setup and dead-note check) @ 00:00:53; A chord practice (one minute) and D chord practice (one minute) @ 00:01:08; Anchor finger exercise with E-A-E-D-A-D six-chord cycle @ 00:01:50; Three one-minute chord-change drills (A-D, A-E, D-E) @ 00:02:55; Peter Gunn riff practice with backing track @ 00:03:44; Song practice with Three Little Birds and backing resources @ 00:04:42; Tempo and rhythm training with foot-tap and timekeeping @ 00:05:29",12
i0G69vCTv4s.youtube,Two-Finger G Chord for Beginners (HACKED!): A JustinGuitar Demonstration,"May 25, 2020",,"In this beginner-focused guitar lesson, JustinGuitar demonstrates a simplified G chord that uses only two fingers, designed to be easier for novices than the traditional three-finger shape. The core setup places the 2nd finger on the 3rd fret of the low E (thick) string, which also conveniently mutes the 5th string, while the 4th, 3rd strings remain open and the 3rd finger frets the 3rd fret of the high E string. A comparison to the standard traditional G—where the 1st finger lands on the 2nd fret of the 5th string—is offered, with an emphasis that the traditional voicing can sound muddy and complicate chord changes in common progressions. The video emphasizes muting technique, finger placement, and tone, and presents a practical practice exercise called “Chord Perfect” to ensure the 5th string stays muted. The host suggests learning the two-finger version first and returning to the traditional shape later if needed, noting smoother transitions especially when moving from C or D chords. This analysis captures the instructional steps, tone considerations, and practical practice guidance described in the transcript.",G Chord; Two Finger G; G Chord Muting; G Chord Fingering; Open D String; Open G String; Open B String; G Chord Placement; Traditional G Fingering; Crisp Tone Control; Two Finger G Transition; G to D Transition; Beginner Chord Changes; Chord Perfect Practice; Finger Angle Muting; B String Muting; G Chord Voicing; G Chord Notes,Two-finger G chord voicing (no 1st finger) @ 00:00:54; Muting the 5th string with the 2nd finger on the 3rd fret low E @ 00:01:00; Traditional G with 1st finger on 5th string 2nd fret @ 00:01:58; Tone comparison: two-finger G vs traditional G (crisp vs muddy) @ 00:02:15; Chord Perfect practice: muting 5th string while sounding notes @ 00:04:16; G–C–D transition ease with two-finger G @ 00:03:02,5
j-ljksb6oIY.youtube,How to Strum a Guitar WITHOUT a Pick,"March 22, 2019",,"JustinGuitar’s beginner-to-intermediate guide explores strumming on guitar without a pick, focusing on finger-style options, tonal variation, and practical patterns. The lesson covers why players might avoid a pick, contrasts fleshy-thumb tones with nail tones, and methodically demonstrates several approaches using the thumb or the first finger (alone or combined), including how to angle the hand to avoid strings catching, how much arm versus finger motion to use, and how to blend thumb and finger techniques for different song needs. It presents common patterns such as bass-notes on beats 1 and 3 with a down/up strum on 2 and 4, backbeat feel, and the concept of mixing strumming with fingerstyle to add melody and rhythm. The video emphasizes comfort, musical context, and the idea that there isn’t a single “right” method, encouraging self-observation, experimentation, and tailoring technique to the song and player level (with a nod toward more advanced, percussive fingerstyle later in the journey).",Pickless Strumming; Thumb Strum Tone; Thumb Hook Avoidance; Thumb-Up Strumming; Fingerstrumming Motion; Thumb Nail Dynamics; Nail Down Strumming; Avoid String Hooking; Pickless Grip; Thumb Finger Bass Pattern; Finger Backbeat Strum; Fingerstyle Strumming; Self Observation Picking; Pickless Song Strumming; Finger Pick Tone; Pickless Strumming Feel; Fingerstyle Approaches,"Thumb strumming with fleshy part for tone @ 01:47:00; Thumb up-strum angle to avoid hooking under strings @ 02:21:00; Thumb nail vs flesh dynamics for tone on thumb @ 03:56:00; First finger strumming: nail down, flesh up @ 07:52:00; Holding a pick-like grip with the first finger @ 10:00:00; Bass-note core pattern: thumb on beats 1 & 3; first finger on 2 & 4 @ 12:36:00; Mixing fingerstyle into strumming for texture @ 14:28:00; Self-observation and experiment-focused practice @ 15:14:00",7
k3PM4Qc0N-s.youtube,"Beginner Open-Chord Songs: Eleanor Rigby, Get Lucky, and Pearl Jam","May 25, 2020",,"In this JustinGuitar video, the instructor curates beginner-friendly songs that align with the course’s open-chord focus, emphasizing C and Em while noting that G will be introduced in the next lesson. He highlights Eleanor Rigby as a first choice using C and Em, with a nod to interesting chord changes during barre sections and the flexibility to vary strumming patterns. He also covers Get Lucky by Daft Punk as a simplified, repetitive strummed progression based on Am–C–Em–D, pointing out D as a common hurdle. A brief mention of Pearl Jam illustrates how some favorites fit the course via chords already taught, specifically using C but not G. Viewers are encouraged to pick one song or rotate among several, and to check a website-listed set of recommended songs. Overall, the video emphasizes chord familiarity, careful changes, and practical strumming across recognizable tunes.",C Chord Practice; Em Chord; Upcoming G Chord; Barre Chords; Eleanor Rigby; C Em Progression; Strumming Patterns; Simplified Strumming; Get Lucky; A Minor Songs; C Chord Songs; E Minor Songs; D Chord; Pearl Jam Songs; Course Chords; Song Rotation Strategy; Recommended Songs,Simplified strumming pattern for Get Lucky @ 00:01:31; Am–C–Em–D chord progression for Get Lucky @ 00:01:38; Eleanor Rigby: C and Em with barre-change awareness @ 00:00:50; Barre-chord awareness during Eleanor Rigby @ 00:01:00; Pearl Jam chord usage: relies on course chords without G @ 00:02:04,4
kLYT2B8gyzQ.youtube,Struggling With Rhythm? Try my NEW Guitar App! :),"September 2, 2021",,"In this JustinGuitar video, the instructor introduces his Lessons and Songs app as a companion to the beginner course, highlighting features designed to accelerate progress: a free built-in tuner, a large library of playalong tracks (over 600 songs), and a structured learning path with song recommendations aligned to Grade 1 and Grade 2 material. The core instructional emphasis is rhythm training through continuous backing tracks to prevent bad habits like stopping between chords, thereby improving both chord changes and timing. The video also shows practical app usage—how to navigate the learning path, use the practice assistant to plan practice duration, filter songs, and operate playback controls (swipe to slow, scrub forward/backward). It previews upcoming features (website-app syncing, simpler MIDI-based backing tracks, and more guidance) and reinforces the app’s credibility with positive reviews from App Store/Google Play. A practical takeaway is that the app is presented as a real-time practice partner that complements the course to reinforce rhythm, consistency, and progress tracking.",Built In Tuner; Backing Tracks; Song Library; App Song Alignment; Continuous Playback Practice; Continuous Rhythm Practice; chord-changing practice; Learning Path Guide; What/for Practice Assistant; Song Discovery Filters; Tempo Swipe Down; Playback Scrubbing; Cross Device Syncing; MIDI Backing Tracks; Website App Integration; App Platform Support; User Reviews,"Built-in tuner described as a core, free feature @ 00:00:23; Playalong/backing tracks aligned with course content @ 00:00:31; Large library of songs (600+) for practice @ 00:00:54; Rhythm training by avoiding pauses between chords @ 00:01:34; Back-to-back rhythm practice with continuous playback @ 00:02:09; Upcoming cross-platform app/website sync @ 00:03:33; Introduction of MIDI-based simplified tracks (v2 concept) @ 00:03:56; Gesture-based playback controls (swipe to slow, scrub) @ 00:04:44; Learn button guiding learning path @ 00:04:22; Practice Assistant specifying what/for how long to practice @ 00:04:29; Song filters for discovery @ 00:04:39",4
lRJ_d3PqPIQ.youtube,8 Essential Open Guitar Chords: Revision and Technique,"May 27, 2020",,"In this revision-focused lesson, JustinGuitar revisits eight essential open chords (D, A, E and their minor forms Am, Em, Dm, plus C and G), emphasizing solid fretting technique, tone, and muting accuracy. The talk highlights fingertip placement, keeping fretting close to the frets, and avoiding muting unwanted strings—especially the thicker and thinnest strings across chords. Practical tips include starting downstrokes from specific strings to avoid unwanted notes, and keeping the thumb behind the fretboard during early practice. The video also discusses common beginner pitfalls (such as the third finger muting the thinner string on D, or muting the thinnest string on A) and notes the learning curve of D minor. A recurring theme is the strategic practice approach—focusing on the chords that feel hardest and using the linked chord lessons to reinforce accuracy—culminating in the “Chord Perfect Practice” routine to raise overall consistency across all eight chords.",D Fingertip Technique; D Chord Muting; D Chord String Target; A Major Finger Position; A Chord Bass String; E Major Fingering; E Chord Thumb Position; A Minor String Muting; E Minor Open Shape; D Minor Little Finger; C Major Fingertips; Two Finger G Chord; G Major Variant; Progressive Chord Practice; Revision Progress Check,D chord finger placement using fingertips; avoid muting the 3rd string @ 00:00:26; D chord muting awareness: avoid playing the thickest strings @ 00:01:43; A chord fingering with close-to-fret fingers @ 00:02:05; Starting downstrokes from the 5th string on A chord @ 00:02:29; E chord fingering using fingertips @ 00:03:45; Keep the thumb behind the fretboard for E chord @ 00:04:12; C chord finger angle and fingertip muting @ 00:05:14; G chord variant without the 1st finger and muting the 5th string with the 2nd finger @ 00:05:47; D minor technique: use little finger and note its difficulty @ 00:05:03; Chord Perfect Practice: prioritize hardest chords and tailored practice @ 00:06:34,10
lqcd3jVysXY.youtube,E minor chord (Em) from E major — left-hand lift and third-string emphasis,"May 18, 2020",,"This short JustinGuitar lesson demonstrates forming the E minor chord by lifting the index finger off the G string (the open G string marks the minor quality when the other fingers hold the E major shape). It emphasizes a common muting issue: if the third finger (ring finger) settles too flat, it can mute the G string and obscure whether the chord sounds major or minor. The instructor stresses keeping the index finger’s contact with the G string on the tip, so the G string can ring clearly, and notes that the critical cue for the Em sound is the ringing of the third string during any strum. The video then guides a quick practice check: when strumming, ensure the third string rings out rather than relying on a full six-string strum, reinforcing a practical approach to distinguishing E major vs. E minor by ear and finger placement during basic chord work.",E Major Shape; E Minor From E Major; Em Lift Technique; Tip-Focused Placement; G String Muting Risk; G String Chord Quality; G String Emphasis; G String Resonance; Open Chord Muting,Transform E major to E minor by lifting the index finger @ 00:00:15; Muting troubleshooting: keep the G string from being muted by finger placement @ 00:01:02; G-string focus during strum to verify Em quality @ 00:01:31,3
mAgc7hr44WM.youtube,One Minute Changes: Speed up A–D chord changes,"May 11, 2020",,"The video introduces the One Minute Changes exercise, a speed-focused drill that alternates between two chords (A and D) for one minute to build faster, smoother chord changes. It emphasizes anchoring a finger, tolerating some inaccuracy early on, and using a timer while counting each change aloud to quantify progress. The instructor differentiates One Minute Changes from Chord Perfect Practice (speed vs. tonal accuracy) and suggests practical targets: around 30 changes per minute as a pass threshold and 60 changes per minute as a long-term goal, with the expectation that some chord changes will be harder than others. The video also promotes supplementary tools (a practice routine generator and a One Minute Changes counter app) and references left-handed practice (Nitsuj lessons) as a relatable starting point for beginners. Viewers are encouraged to log progress and discuss results in the comments.",Fast Change Drill; A to D Drill; Anchor Finger Technique; Timer Based Practice; Counting Change Timing; Chord Change Flow; 60 Changes Goal; Change Speed Threshold; Chord One Minute Changes; Nitsuj Practice; Practice Routine Generator; One Minute Counter App; Practice Session Tracking; Early Finger Pain; A D Chords,"One Minute Changes (speed-focused chord changes between two chords) @ 00:00:00; Chords used: A major to D major @ 00:01:39; Anchor finger usage for chord changes @ 00:01:48; Counting changes aloud while timing (start timer, count each change) @ 00:03:02; Chord Flow/Pulse between changes (aim for a steady rhythm) @ 00:03:50; 60 changes per minute as long-term target @ 00:04:03; 30 changes per minute as pass-grade target @ 00:04:21; Chord Perfect Practice vs One Minute Changes (distinct goals) @ 00:02:16; Left-handed practice reference (Nitsuj lessons) as beginner guidance @ 00:02:50; Practice routine tools: site routine generator and One Minute Changes counter app @ 00:01:20",3
mB54nIZ-CVs.youtube,"Music Theory for Guitarists: Practical, Fun and Fast (JustinGuitar)","May 28, 2020",,"JustinGuitar argues that music theory is a practical, beginner-accessible tool for guitarists that serves as a shortcut to faster, better music-making. He contrasts theory’s practical utility with traditional classroom approaches, emphasizes chord manipulation from a single grip, and explains how understanding chords within a key accelerates learning and improvisation. He links ear training with theory for stronger results, introduces Sus chords as a theoretical substitute, and covers basics like notes, sharps/flats, and the major scale. The video also notes that Grades 1–2 are free as an entry point to his paid Music Theory Course and encourages songwriting once playing is possible, while acknowledging that theory isn’t mandatory for everyone.",Major Scale Construction; Single Grip Shifts; Key Chord Progressions; Sus Chord Substitution; Notes and Sharps Flats; Major Scale Improvisation; Ear Training Synergy; Basic Chord Songwriting; Theory Accessibility; Fast Learning Strategies; Campfire Playing; Grade 1 Access,Chord manipulation from a single grip to derive other chords @ 00:01:14.675; Using chords in a key to predict likely chords and progressions @ 00:01:36.654; Ear training and theory synergy as a learning accelerator @ 01:52:427; Sus chords substitution explained by theory (replacing major/minor with Sus) @ 00:02:10.005; Major scale foundations enabling beginner improvisation @ 00:02:40.598; Songwriting from basic chord knowledge; practical approach @ 00:02:59.489; Course entry point: free Grades 1-2 with paid content thereafter @ 00:03:50.736,3
mGv1uwm9ygo.youtube,"Peter Gunn Theme: Beginner Riff, Finger Exercise & Picking Technique","May 11, 2020",,"JustinGuitar presents the Peter Gunn theme as a beginner-friendly riff that doubles as a finger and picking exercise. The lesson demonstrates a specific four-finger fretting pattern (1st finger on the 2nd fret, 2nd on the 3rd, 3rd on the 4th, and the little finger on the 5th) played on the thicker string with the open-string notes forming the pattern Open, Open, 2, Open, 3, Open, 5, 4. He emphasizes hand position, finger spread, and consistent pick-hand motion (downstrokes) while practicing even eighth-note rhythms (counting 1 and 2 and 3 and 4). The video also covers muting to prevent unwanted string ringing, discusses common beginner pitfalls, and frames the riff as both a musical exercise and a confidence-building practice routine. A left-handed version is referenced (Nitsuj Series), and Justin notes the pace is faster than most beginners can comfortably play, encouraging steady practice and perseverance. The overall aim is to develop finger independence, timing, and picking accuracy beyond simply memorizing the riff.",Peter Gunn Beginner Riff; Fret Exercise Picking; Fretting Finger Assignment; Peter Gunn Pattern; Four-Finger Exercise; Finger Spread Position; Thickest String Practice; Downstroke Note Picking; Eighth Note Counting; Timing Consistency Goal; First Finger Edge Muting; String Ringing Control; Single String Independence; Accuracy Over Speed; Nitsuj Reference; Left Hand Demo; Skateboard Metaphor; Weekly Practice Perseverance; Play-Along Optional; Fast Riff Reality; Riff Technique Building; Rhythm and Accuracy,"Riff demonstration of Peter Gunn motif @ 00:00:21; Fret-position finger assignment (1st on 2nd fret, 2nd on 3rd, 3rd on 4th, pinky on 5th) @ 00:00:45; Open-Open-2-Open-3-Open-5-4 fingering pattern @ 00:01:08; Even eighth-note rhythm (count 1 and 2 and 3 and 4) @ 00:03:04; Muting technique using the edge of the 1st finger @ 00:03:50; Left-handed version reference (Nitsuj Series) @ 00:01:35; Encouragement and beginner mindset (practice weekly, 'fall off the skateboard' metaphor) @ 00:05:13",5
mP4knhljqj0.youtube,Strumming Dynamics for Beginners: Transform Your Play with Sectional Dynamics,"August 17, 2019",,"JustinGuitar’s Strumming Dynamics for Beginners teaches how deliberate dynamic shaping—varying volume, texture, and phrasing across song sections—can dramatically improve guitar performance. The lesson anchors dynamics in a familiar song structure (verse, chorus, bridge) and emphasizes that there is no single universal strumming pattern; instead, players should differentiate sections (quiet verses, loud choruses) and cue the listener toward repetition and sing-along moments. Practical guidance includes lifting into the chorus, using bridges for contrast, and repeating the chorus to maximize hook impact. The video also covers live vs. recorded contexts, the role of drums and cymbals in signaling dynamics, and an exercise to record oneself, compare extreme dynamics versus a flatter performance, and learn by studying favorite music. Learners are encouraged to apply these concepts to any song form and to listen critically to their own performances and to music they love for dynamic artistry.",Dynamic Contrast; Loud Soft Contrast; Song Section Structure; Chorus Emphasis; Sectional Strumming; Chorus Build Up; Chorus Cueing; Sectional Dynamics; Double Chorus; Extreme Dynamics; Verse Dynamics; Sectional Phrasing; Performance Dynamics; Dynamics Analysis; Dynamic Cues; Sectional Texture Variation; Freeform Strumming; Dynamics Song Study; Song Form Flexibility; Dynamic Exceptions,"Dynamic contrast across song sections (soft verses, loud choruses) @ 00:00:38; Chorus as hook with emphasized dynamics @ 00:02:16; Build to chorus through section-by-section dynamics @ 00:04:27; Bridge as dynamic palate cleanse and peak @ 00:06:12; Double chorus concept to reinforce hook @ 00:06:54; Extreme dynamics exercise: quiet verses, loud choruses @ 00:07:22; Recording/self-review to identify dynamics across sections @ 00:07:26; Drums/hi-hat vs ride cymbal signaling dynamics across sections @ 00:09:24; No fixed strumming pattern; adapt by section @ 00:03:33; Study of favorite music to learn dynamics and phrasing @ 00:09:47",7
mr34sSxajEo.youtube,"G Chord Cheat, Alternate Picking & 6/8 Time (JustinGuitar Module 6)","May 25, 2020",,"In this 79-second JustinGuitar beginner lesson (Module 6), Justin introduces a simplified G chord fingering described as a “cheat” to make the shape easier and sound better, then moves into an overview of alternate picking and basic picking mechanics. The lesson also includes foundational music theory by explaining time signatures with a focus on 6/8 time and its rhythmic feel (often associated with a waltz-like feel), followed by a practical note on naming the notes on open strings and a technique for forcing chord changes to keep playing along. He concludes with a preview of the week’s songs, tying together technique, rhythm, and practical playing for beginners.",G Major Fingering; G Chord Cheat; Alternate Picking; Picking Mechanics; Time Signature Overview; 6/8 Rhythm Counting; 6/8 vs 4/4; Open String Theory; Chord Change Forcing; Songbook App Integration; Module 6 Overview; Weekly Song Preview,G chord fingering cheat (simplified grip to ease play and tone) @ 00:00:12; Alternate picking (picking mechanics) @ 00:00:19; Time signatures concept (intro) @ 00:00:29; 6/8 time rhythm/feel (waltz-like discussion) @ 00:00:40; Open-string note-name concept @ 00:00:56; Forcing chord changes (practice discipline) @ 00:01:00; Songs preview for week (application of concepts) @ 00:01:13,3
n-NeP6CTHTc.youtube,JustinGuitar Grade 1 Practice Routine – Consolidation and Song‑Focused Plan,"May 28, 2020",,"This video outlines a practical, editable practice routine aimed at consolidating Grade 1 skills. It emphasizes targeted chord-change drills for the weakest pairs, two minutes of 4/4 strumming with a metronome, deliberate work in 6/8 time, riffs for fun, and a strong emphasis on playing songs. The host also recommends a potential finger-stretching exercise, tuning practice as needed, a self‑test after a period of study, and a philosophy that prioritizes solid foundations and enjoyment of the learning journey over rushing to the next grade.",Grade 1 Routine; Weakest Pair Practice; Chord Pair Drills; Pair Change Drills; Song Playing Foundation; Metronome Strumming Practice; Relaxed Strumming Motion; Pattern Timing Variation; 6/8 Metronome Practice; 6/8 Song Practice; Six Count Metronome; Relaxed Time Feel; Course Riff Note Learning; Riffs for Note Recognition; Song Focused Practice; Song Technique Balance; Optional Stretch Aids; Separate Tuning Practice; Grade Readiness Check; Deliberate Practice; Nonlinear Practice Progress; Motivation Through Practice,Two-minute chord-change drills on the two weakest chord pairs @ 00:01:02; Strumming in 4/4 with a metronome for relaxed rhythm and hand movement @ 00:01:13; 6/8 time practice with a metronome and 6-count tempo @ 00:01:47; Riffs from the course for fun to build note familiarity (Grade 2 prep) @ 00:02:50; Song-focused practice (approx. 10 minutes) @ 00:03:21; Self-testing after a week or two to confirm readiness @ 00:04:45; Foundation-first approach: slower pacing for durable skills @ 00:05:12; Tuning as a separate practice task (not part of routine) @ 00:04:21,3
n45PDizCRLw.youtube,Your First Strumming Pattern: Beat-1 Strum in 4/4 Time (JustinGuitar),"May 11, 2020",,"JustinGuitar’s beginner-focused lesson introduces the foundational strumming pattern by teaching players to strike on the first beat of a 4/4 bar. The video explains that early material uses 4/4 time (four beats per bar), shows how to count 1–2–3–4, and then guides the learner to strum down on beat 1 while keeping the hand moving on beats 2–4. It emphasizes coordinating chord changes with beat 1, acknowledges common early-week difficulties, and suggests practicing with a backing track or the Beginner Song Course app to reinforce the on-beat strum. The aim is a solid, repeatable beat-1 strum as a foundation for playing songs, with a realistic progression from beat-1-only strumming toward fuller rhythm once coordination improves.""",4/4 Basics; Beat One Strumming; Beat One Strum; Beat 1 Strum Timing; Beat Skipping Strum; Beat One Timing; Strumming Progression; Backing Track Practice; Practice Expectations; Beat One Foundation,Strum on beat 1 (downstroke) @ 00:01:04; Counting 4/4 time (1-2-3-4) @ 00:00:39; Arm movement through beats 2-4 while not strumming @ 00:01:21; Coordinate chord changes with beat 1 @ 00:02:21; Practice with backing track or app (Beginner Song Course) @ 00:04:12,4
p-Rj4svEyrA.youtube,Strings Ringing Out Between Chord Changes,"May 27, 2020",,"In this instructional piece by JustinGuitar, the host explains that open strings ringing between chord changes is a normal, often audible phenomenon in guitar playing. He notes that such strings frequently appear on the up-strum after beat four, especially at faster tempos, and may go unnoticed in real-time. The guidance emphasizes keeping the strum light on the thinner strings, slowing down to hear the effect, and maintaining a relaxed, tension-free approach to changes to preserve musical ease. The lesson also encourages listening with the ears, accepting that some “wrong” sounds can be aesthetically pleasing in creativity, and reassures learners not to be upset by occasional open-string noises during changes.",Chord Change Ringing; Upstroke String Ringing; One and Four Rhythm; C to E Change; Tempo and Ringing; Open String Ringing; Thin String Strum; Post-Change Muting; Musical Feel; Tension and Changes; Recording context; Wrong Sound Tolerance; Ear Focus Practice; Open String Noises,"Open-string ringing during chord changes @ 00:00:30.888; Light up-strum after beat 4 on thinner strings @ 00:01:59.183; Relaxed, non-tensed chord changes for a smooth feel @ 00:02:54.253; Ear-based listening and creative acceptance of 'wrong' sounds @ 00:04:14.325",3
p5Ln39q8cj4.youtube,"Master 3-Chord Songs with A, D, E: Capo, Play-Alongs, and Beginner Song List","May 18, 2020",,"This beginner-focused guitar lesson centers on using just three chords—A major, D major, and E major—to play a wide range of songs. The instructor discusses practical strategies for practicing with a limited palette, including using a capo to align with original recordings, and relies on play-alongs from a dedicated app or website. He catalogs example songs that fit the A-D-E framework (and some that use only A and D), highlights Three Little Birds as a particularly suitable 3-chord tune, and emphasizes choosing material you love to maintain motivation. The video also directs learners to a Spotify playlist and a website page with song lists and additional resources, and it promotes integrating drum/bass/m melody tracks to focus on chord changes and strumming practice.",A Major Chord Guitar; D Major Guitar; E Major Guitar Chord; Recording Match Capo; A D E Approach; A D Song Examples; Three Little Birds; I Walk The Line; Gambler Song Use; Love Me Do; For What It's Worth; Common People; Jet Plane Song; Wild Thing Usage; When Love Comes Town; A D E Songs; Three Chord Song; Full Arrangement Play-Alongs; Play Along Songs; Song List Links; Motivational Song Choice; Website Comments Help,Capo usage to match original recordings @ 00:11:35; Using Beginner Song Course app for play-alongs @ 00:25:00; Playing along with original recordings using the A–D–E palette @ 00:03:39; Song selection strategy: practice with songs you love to stay motivated @ 00:01:39; Three Little Birds recommended as a beginner 3-chord song @ 00:46:12,3
pbIqk8tTdbw.youtube,"Understanding Open Minor Chords: E Minor and A Minor, and the One-Note Change from Major","May 15, 2020",,"In this beginner-friendly JustinGuitar lesson, the host explains what minor chords are in relation to major chords, demonstrates open E major and E minor, and shows how minor forms typically differ by a single note (such as G# changing to G). He then walks through A major to A minor, notes the occasional D major/minor consideration, and emphasizes that chord voicings on the guitar often reuse the same three notes with doubling when strummed over six strings. The video underscores the audible difference between major and minor chords, offers ear-training tips for recognizing them, and covers notation conventions (maj vs m) while planning to cover D minor in a later lesson. Practically, the lesson reinforces keeping the first finger movement minimal and prioritizing familiar open shapes (E minor and A minor) to build early fluency in minor chords.",E Major Open Chord; Open E Minor; A Major Open Chord; Open A Minor; D Minor Preview; Major Minor Difference; Triad Doubling; E Major Notes; E Minor Formation; A to A Minor; Six String Voicing; Major Minor Mood; Chord Notation Conventions; Minor Chord Progression,"Open E major chord voicing @ 00:00:20.787; Converting major to minor by lifting the first finger @ 00:00:32.067; Audible contrast between major and minor chords @ 00:00:38.841; Chord note doubling in open voicings @ 00:01:15.781; G# to G flattening for minor (G natural) @ 00:01:49.760; A major to A minor one-note change @ 00:02:22.512; Notation conventions for minor (Em, E minor) @ 00:03:58.745; Future focus: E minor, A minor, and D minor in lessons @ 00:04:16.264",5
q8SHmo1-dac.youtube,"Alternate Picking for Beginners: Angle, In/Out Motion, and Downward Pickslanting (JustinGuitar)","May 25, 2020",,"This JustinGuitar lesson introduces beginner-friendly alternate picking on single strings, focusing on how the pick’s angle and a deliberate in‑toward/outward motion affect efficiency and speed. The host demonstrates how a flat pick tends to catch and how a slight angle (around 20 degrees) lets the pick glide over the string, then emphasizes a practical in‑toward/outward motion (about 45 degrees) to ease string crossings. The video also presents the concept of Downward Pickslanting, credits Troy Grady and his Cracking The Code site, and suggests experimentation with different grips and anchor points (e.g., little finger) while keeping the practice goal simple: just alternate picking on one string to develop feel and control. Aimed at beginners, the lesson blends technique tips with a clear, patient practice plan and points to further resources for faster picking.",Alternate Picking; Downward Pickslanting; Pick Angle Technique; Pick Grip; String Crossing; In Out Picking; 45 Degree Motion; Pick Angle; Flat Pick Angle; Cracking The Code; Troy Grady; Little Finger Anchor; Single String Practice; Practice Planning; Close Up Technique; Snug Pick Hold,Alternate picking @ 00:00:00; Downward Pickslanting @ 00:03:52; Inward/outward picking motion @ 00:02:22; Cracking The Code / Troy Grady reference @ 00:04:01,4
qYx8r0EtGsE.youtube,Beginner Finger Stretch Exercise for Guitar: Four-Finger Fretting and Down-Picking,"May 18, 2020",,"This video presents a beginner-friendly finger-stretching drill for guitar, delivered by JustinGuitar. The instructor emphasizes slow, controlled stretching rather than speed, framing the exercise as a cross-string fretting pattern that develops finger independence, reach, and precision. The core drill starts with the first finger on the 5th fret of the thickest string and adds the 2nd, 3rd, and little finger in sequence, then moves the pattern across to the 5th string and repeats. Alongside the left-hand work, the video introduces an all-down-picks right-hand approach and discusses anchoring the little finger while picking, with guidance on keeping fingers close to the frets and maintaining a palm alignment parallel to the fretboard. The instructor notes common anatomical variations (e.g., 2nd/3rd fingers tending to stay together; 1st/little finger splaying) and stresses a forgiving, patient approach for beginners. A practical practice prescription is given: about two minutes per day for one to two weeks, gradually increasing difficulty by shifting closer to the nut as comfort grows. The lesson also covers left-handed demonstrations, addressing common early struggles, and ends with encouragement and a reminder that progress comes with consistent, mindful practice across weeks.",Guitar Finger Stretch; Fifth Fret Stretch; Sequential Finger Fretting; Sequential Fretting; Little Finger Near Fret; Finger Pairing; Hand Anatomy; Finger Curving; Palm Parallel Position; Five Fret Finger Walk; String Progression; Down Picking; Little Finger Anchoring; Resting Acoustic Rest Position; Slow Stretch Listening; Warmup Injury Prevention; Left Handed Demo; Daily Stretch Routine; Nutward Stretch; Finger Flexibility Expectations; Finger Independence Practice; Hand Shape Adaptation,Four-finger fretting progression starting at the 5th fret on the thickest string @ 00:02:01; All-down-picking with an anchored little finger while maintaining a relaxed posture @ 00:01:37; Curling fingers and keeping palm roughly parallel to the fretboard while fretting @ 00:04:13; Two-minute daily practice prescription with progressive starting points and future stretch goals @ 00:05:03,7
qckkf38Xk2Y.youtube,JustinGuitar Lesson 3 Practice Routine – 20-Minute Structured Practice Focus (A minor / E minor),"May 18, 2020",,"This lesson guides a beginner through a compact 20-minute practice routine centered on the A minor and E minor chords. It starts with chord-perfect practice for clean voicings, then progresses through a sequence of one-minute chord-change drills (A minor to E, E minor to D, and A minor to E minor), followed by a focused anchor-finger drill. A 2-minute strumming segment emphasizes a relaxed arm and steady pick technique, then a 2-minute riff practice on Seven Nation Army targets muting and string awareness. The session concludes with 10 minutes of song practice using the two-chord progression, offering song choices (Sing, Moves Like Jagger, I Belong To You) and guidance on pacing, chord-change speed targets, and the optional use of the Beginner Song Course app to build timing and confidence.",Chord Practice; A Minor Practice; E Minor Guitar Chord; A Minor to E Shift; E Minor to D Drill; A Minor to E Minor; Anchor Finger Practice; A D E Maintenance; Chord-change pacing; Anchor Finger Technique; DDDU D Pattern; Relaxed Pick Grip; Pick Thickness Choices; Relaxed Strumming Consistency; Seven Nation Army Riff; Am Em Song Practice; Song Practice List; Timing Practice App; Chord Progression Pacing; Song Practice Timing,"Chord Perfect Practice (A minor and E minor) @ 00:00:23.361; A Minor to E Shift Drill (move whole chord shape) @ 00:01:00.159; E Minor to D (No Anchors) @ 00:01:29.390; Anchor Finger Practice (A, D, E) @ 00:01:59.170; Relaxed Strumming Pattern and Pick Handling @ 00:02:16.828; Seven Nation Army riff practice (5th string emphasis, muting) @ 00:02:59.170; Song-based chord-change practice (30 changes/min goal) @ 00:03:37.811; Beginner Song Course App for timing @ 00:05:31.552",6
sNa44EmrsDc.youtube,Using a Metronome for Consistent Guitar Timing: 80 BPM Start and Down-Strum Practice,"May 18, 2020",,"This JustinGuitar tutorial demystifies the metronome and demonstrates its value for beginner guitarists. It defines what a metronome is, explains BPM (beats per minute), and contrasts wind-up analog devices with digital options and mobile apps. The video highlights using an app-based metronome (specifically the Justin Guitar Time Trainer Metronome) and sets 80 BPM as a practical starting tempo. Viewers are guided to align a simple down-strum with the beat, optionally tapping a foot to the tempo, and to avoid rushing or anticipating the click. The instructor emphasizes that timing is a core musical skill that improves with steady metronome practice, including its application to various strumming patterns. A portion of the lesson invites learners to experiment with metronome practice beyond the first weeks and to use the Justin Guitar app as a convenient practice tool.",Metronome Basics; Metronome BPM; Wind-Up Metronome; Digital Metronomes; Metronome Apps; Time Trainer Metronome; Down Strum on Beat; Foot tapping to tempo; Timing vs Rhythm; Timing Discipline; Metronome Strumming; 80 BPM Start; On-Beat Accuracy; Tempo Perception; Practice Routines,Align down-strum with metronome beat at 80 BPM @ 00:01:56; Tap foot in time with metronome for tempo coordination @ 00:02:02; Maintain on-beat accuracy by avoiding rushing or anticipation @ 00:02:24; Practice with metronome to improve long-term timing across rhythm and strumming patterns @ 00:03:29,6
sZd3s_ukR00.youtube,"Module 4: D minor, finger stretches, and strumming refinements","May 18, 2020",,"In this JustinGuitar module (Lesson 4), the instructor introduces a new D minor chord, presents a finger-stretching exercise to aid chord reach, and delves into strumming technique—including how to miss a down strum and how to stay in time with a common strumming pattern. He also covers practical setup adjustments such as keeping fingernails short and choosing the right pick for different tasks, with specific references to tortex (orange) picks, nylon thin picks, and thicknesses around 0.46–0.60 mm. The segment concludes by signaling that the finger-stretching exercise will be revisited in the next lesson.",D Minor Chord; Finger Stretching Exercise; Down Strum Miss; Common Strumming Pattern; Fingernail Length Guide; Fingernail Interference; Tortex Nylon Picks; Pick Gauge Comparison; Thin Picks; Moderate Pick Choice; Strumming in Time; Finger Stretch Next Step,"Introduction of D minor chord @ 00:00:15; Finger-stretching exercise for reach @ 00:00:20; Strumming alignment and missing a down strum @ 00:00:31; Nail length maintenance to avoid fretboard interference @ 00:00:46; Pick selection for practice vs strumming (Tortex, nylon, thickness) @ 00:01:33; Use of very thin picks for strumming to improve forgiveness and timing @ 00:02:54; Avoiding pick digging into strings for precision strumming @ 00:03:11; Transition to the finger-stretching exercise in the next lesson @ 00:03:19",3
uBZsLmmOz9I.youtube,JustinGuitar Lesson 1 Practice Routine — 20-Minute Daily Plan,"May 11, 2020",,"This video outlines JustinGuitar’s Lesson 1 practice routine for beginners, prescribing a 20-minute daily practice window with a recommended four sessions per week (daily if possible). It emphasizes focused chord work using a “Chord Perfect Practice” method on the D and A chords, followed by an Anchor Finger drill to position fingers lightly and accurately. The routine includes brief One Minute Changes drills (A to D) with progress logging, then a 10-minute block dedicated to song practice aimed at building repertoire. The session stresses using the practice assistant or related apps to time and log practice, encourages playing songs rather than scales for motivation, and offers scheduling tips to promote regular daily practice.",Daily Practice Routine; Weekly Practice Frequency; D Chord Practice; A Chord Practice; Three Minute Drills; Light Touch Anchoring; Anchor Finger Motion; Practice Drill Structure; A to D Changes; Change Logging; Ten Minute Song Practice; Song Over Scales; Song Options Overview; Singing While Playing; Offline Song Practice; Practice Consistency; Daily Scheduling Tips,Chord Perfect Practice (D then A) @ 00:00:45; Anchor Finger Work (soft touch & anchor positioning) @ 00:01:28; One Minute Changes with Logging @ 00:02:02; 10-Minute Song Practice @ 00:02:39; Regular Scheduling & Progress Logging @ 00:04:09,4
uUN8W6UK6IY.youtube,"Lesson 7: Air Changes, Consolidation & Grade 1 Review","May 25, 2020",,"This short module serves as the final consolidation lesson for JustinGuitar's Grade 1 (White Grade). The host outlines a recap of the eight core chord shapes, revisits chord-change strategies, and introduces the Air Changes technique to speed up transitions. He also notes the value of hitting open strings between chord changes and frames practice as a personalized, adaptive routine. In addition to core technique, the video introduces optional extras—ear training and music theory—and emphasizes self-assessment to customize practice toward passing Grade 1 and progressing to Grade 2. The content is framed as a structured coaching moment: consolidate fundamentals, rehearse efficient changes, and set up a practical plan for ongoing improvement.",Core Chord Shapes; Chord Pacing Structure; Chord Change Drills; Air Change Technique; Open String Changes; Open String Change Timing; Grade 1 Review; Ear Training Intro; Music Theory Intro; General Practice Routine; Self Assessment Practice; Grade 2 Progression,Air Changes @ 00:29:51; Open-string hits between chord changes @ 00:36:53; Standardized general practice routine @ 00:53:57; Self-assessment & adaptive practice @ 00:58:59; Grade progression planning (Grade 1 to Grade 2) @ 01:08:28,3
wZ15h9ryY5E.youtube,"JustinGuitar Lesson 4 Practice Routine: Finger Warm-ups, D Minor Focus, Strumming, Riff, and Song Work","May 19, 2020",,"This short JustinGuitar lesson (Lesson 4) lays out a compact 20-minute practice routine, wrapped into a 6-minute video. It begins with a 2-minute finger-stretch warm-up, followed by 1 minute of focused D minor chord work, then two quick chord-change drills (focusing on the two most difficult transitions, often Dm→Am and a second challenging change such as Dm→E). The routine continues with 2 minutes dedicated to a specific strumming pattern (muted fingers, metronome recommended), then a 2-minute riff exercise featuring Sunshine of Your Love. The bulk of the session is 10 minutes of song work, where students select familiar tunes, memorize the core chords (A, D, E, Am, Dm, Em), and aim to keep a steady strumming pattern while moving through a song. The instructor emphasizes metronome use for rhythm, gradual progression toward faster chord changes (around 30 changes per minute for the D minor family), and the importance of keeping practice enjoyable and progressing to the next lesson when current work becomes unengaging. The video also references left-handed practice content and additional metronome tools on the site.",Finger Stretching; Warmup Pacing; D Minor Practice; Toughest Chord Changes; Dm to Am Drill; Dm to E Drill; Two Change Drills; DDUUDDUDDU Pattern; Muted Strumming Technique; Metronome Recommendations; Sunshine of Your Love Riff; Riff Learning Mindset; Song Repertoire Choices; Open Chord Memorization; Old Faithful Integration; Readiness Motivation; Left Handed Note,"Finger stretch warm-up @ 00:00:06; D minor chord practice @ 00:00:24; Chord-change drills (Dm→Am, Dm→E) @ 00:01:16; Strumming pattern practice (Down Down Up Up Down Down Down Up Up Down) @ 00:01:43; Riff practice: Sunshine of Your Love @ 00:02:18; Song work guidance and repertoire selection @ 00:02:41; Chord memorization (A, D, E, Am, Dm, Em) @ 00:03:19; Old Faithful strumming pattern practice @ 00:03:35; Readiness to move on and motivation @ 00:05:03",8
yBxyxZx9oiQ.youtube,"Lesson 6 Practice Schedule: 20-Minute Guitar Routine with Alternate Picking, G-C-D Chords, and 6/8 Strumming","May 27, 2020",,"This video presents a concise 20-minute weekly practice schedule for JustinGuitar Lesson 6, focusing on finger flexibility, picking technique, chord accuracy, common chord changes, and rhythm in a 6/8 feel. The routine begins with a 1-minute finger stretch, includes a 1-minute single-string alternate-picking drill with attention to pick angle and in/out motion, then dedicates time to a G major chord perfect-practice exercise (arpeggiate the chord and finish with a strum). It adds 3 one-minute chord-change drills (G→C, G→D, C→D), followed by 2 minutes of strumming in 6/8 with a metronome. The session concludes with 10 minutes of song work, recommending 1–2 (ideally 2) songs that use G or fit 6/8 timing, and notes that a left-handed practice variant may extend the time. The instructor emphasizes tailoring the routine to the student’s weakest chords and personal pace, and offers practical notes on rhythm, timing, and left-hand practice.",Finger Stretch Warmup; Alternate Picking; Single String Picking; Open Strings; Muted String Control; Pick Angle Technique; In Out Motion; G Chord Practice; Arpeggiation Practice; Note-by-Note Picking; End of Exercise Strum; C Chord Practice; D Chord; G to C Change; G to D Change; C to D Change; One Minute Drills; 6/8 Strumming; Metronome Practice; 6/8 Downstroke Strums; 6/8 Strumming Patterns; 6/8 Counting Pattern; Song Work; G Chord Songs; 6/8 Songs; Left Handed Practice,"Alternate picking on a single string with open and muted strings; attention to pick angle and in/out motion @ 00:00:22; G chord perfect practice: arpeggiate the chord then perform a full strum @ 00:00:55; Three 1-minute chord-change drills (G→C, G→D, C→D) for common transitions @ 00:01:49; 6/8 strumming with metronome and rhythmic accents @ 00:02:23; Song-work planning and pacing for multiple songs in a practice block @ 00:02:56",6
zfBkJggF9aU.youtube,Module 2: Rhythm & Chord Change Essentials + Your First Riff — E/A/D chords and the Peter Gunn riff (JustinGuitar),"May 11, 2020",,"In this beginner-focused module, JustinGuitar guides new players through the emotional and physical realities of starting guitar while laying a practical foundation: managing fingertip soreness, adopting a forgiving mindset, and setting realistic practice goals. The lesson then pivots to core chords—E, A, and D—and emphasizes how many songs can be played with those three shapes. The instructor previews technique fundamentals (finger placement, thumb behind the neck, strumming mechanics, and rhythm via foot tapping) and introduces a first riff: the Peter Gunn theme (with Blues Brothers as a familiar reference). The video ends by pointing toward expanding repertoire with additional songs and further practice.",Beginner Fingertip Soreness; Normal Finger Pain Timeline; Light Pressure Technique; Left-handed Left Handed Note; Beginner Patience; Progress Expectations; Practice Session Pacing; E A D Chords; E A D Repertoire; E A D Transitions; Fretboard Placement Basics; Thumb position behind the neck; Rhythm Arm Movement; Tapping the foot anchor rhythm; Peter Gunn Theme; Peter Gunn Riff; Repertoire Expansion,"Core beginner chords: E, A, D and transitions @ 00:02:01; Thumb placement behind the neck @ 00:02:18; Strumming mechanics and arm movement for rhythm @ 00:02:31; Foot tapping as a rhythm anchor @ 00:02:23; Riff practice: Peter Gunn theme (intro to first riff) @ 00:02:36",3
