video,title,date,location,summary,topics,featured_techniques,section_count
-Aoz9C5lFvk.youtube,"Three Vegan Grilled Cheese Builds: 5 Minutes, 50 Minutes, and 5 Hours","October 9, 2020",,"Goodful’s video presents a side‑by‑side exploration of vegan grilled cheese at three different time commitments. Host Merle guides viewers through a rapid 5‑minute tofu‑based cheese, a 50‑minute cashew‑based cheese with agar agar and tapioca for melt, and a full 5‑hour production that includes homemade bread, roasted-tomato soup, and two vegan cheeses (smoked gouda and cheddar). The episode emphasizes sustainability (cloth-wrapped tofu pressing), plant-based flavor boosters (nutritional yeast, miso, lemon juice, herbs), and meltability achieved with vegan thickeners (agar agar, tapioca starch, kappa carrageenan). It also features practical kitchen techniques (toasting bread, using a Dutch oven, immersion blender for soup) and a simple side salad to accompany the final sandwich. The video blends quick execution with a from-scratch offer, ending with tasting notes and encouragement to try the homemade approach.",Vegan Grilled Cheese; Tofu Pressing Method; Yeast Cheese Base; apple cider vinegar vegan cheese; Coconut Oil Cheese Base; Vegan Cheese Melt; Carrot Cashew Cheese; Agar Gelling Agent; Tapioca Thickener; Kappa Carrageenan Binder; Smoked Gouda Cheese; Cheddar Vegan Cheese; Arborio Rice Thickening; Roasted Tomato Soup; Sourdough Dough; Bread Dough Proofing; Dutch Oven Baking; Immersion Blender Soup; Avocado Dressing; Composting Reminders,"Tofu pressing under weight for moisture removal @ 00:00:40; Creamy vegan cheese base from tofu with nutritional yeast and vinegar @ 00:01:00; Agar agar setting for vegan cheese texture @ 00:03:02; Tapioca starch thickener in vegan cheese @ 00:03:50; Kappa carrageenan binder for cheese texture @ 00:07:25; Arborio rice thickening trick for creamy tomato soup @ 00:10:07; Immersion blender to smooth soup @ 00:10:44; From-scratch bread dough with yeast and dual-proofing @ 00:05:25; Roasted tomato soup with tomato, shallot, garlic, thyme @ 00:06:21; Dutch oven preheating and baking bread at 450°F @ 00:09:41; Composting kitchen scraps during prep @ 00:03:41",3
-fjllt3YWc4.youtube,"Make It Vegan Marathon: LA Vegan Cookies, Burgers, Mac and Cheese, and Sushi","December 22, 2021","Los Angeles, CA, USA","In this Goodful Make It Vegan Marathon episode, host Merle enlists her friend Arya to hunt for the best vegan chocolate chip cookies in the LA area, then returns to the kitchen to recreate and veganize a chocolate chip cookie together. The show expands into a broader plant-based tasting and cooking spree, including a burger segment (featuring a Monty's-style vegan burger and a homemade vegan patty using tofu, mushrooms, beets, and vital wheat gluten), a cashew-based mac and cheese, and a vegan sushi project that mimics tuna and eel using tomatoes and eggplant. Interludes include live trivia and taste tests with quick verdicts (e.g., the Merlio cookie is ranked a perfect 10 by Merle, while Erin McKenna’s cookie scores around 7.75). Across segments, the episode showcases practical vegan substitutions (coconut oil instead of butter, fruit purees and arrowroot instead of eggs, non-dairy milks, vegan cheese substitutes) and a playful emphasis on approachable, DIY vegan meals that aim to satisfy non-vegan appetites and encourage experimentation at home.",Vegan Chocolate Chip Cookies; Coconut Oil Cookies; Egg Substitutes Baking; Garbanzo Flour; Creamy Milk Swap; Sugar Melting Batter; Cookie Dry Ingredients; Chocolate Chips Selection; Chilling Dough; Chewy Cookie Bake; Vegan Cookie Comparison; Homemade Cookie Benchmark; Vegan Burger Build; Beet Blood Effect; Mushroom Walnut Burger; Cashew Mac Sauce; Vegan Sushi Construction; Tomato Tuna Technique,"Vegan chocolate chip cookie formulation using coconut oil, fruit puree as egg substitute, arrowroot, and garbanzo bean flour @ 00:03:40; Smoke-free “brown butter” flavor achieved with toasted coconut oil and nut infusion @ 00:06:56; Microwave-assisted melting to create a smoother cookie batter (melting sugars for texture) @ 00:08:34; Beet-based blood color and tomato-based ‘tuna’ synthesis for vegan sushi @ 00:46:50; Vital wheat gluten-based vegan burger texture; steaming to set patty texture @ 01:25:00; Cashew milk and cashew-based cheese sauce (nutritional yeast, garlic, turmeric, etc.) for vegan mac and cheese @ 01:35:00; Tomato-based ‘tuna’ marinade with soy sauce, rice vinegar, neutral oil, sugar, and nori @ 01:47:50; Eggplant ‘eel’ preparation by peeling, slicing, and marinating with glaze @ 01:49:00",9
-khL2diGI14.youtube,"Vegan Drumsticks from Yuba (Tofu Skin) — Rehydration, Wrapping, and Air Fryer Finish","July 3, 2021",,"In this Goodful video, Merle attempts to craft vegan drumsticks using yuba (tofu skin). The process covers slicing frozen yuba, rehydrating it in water, wringing out excess moisture, and seasoning with a bouillon-based mix plus five-spice. Strips are wrapped around a core with a cornstarch slurry to resemble drumsticks, chilled briefly, and then glazed and finished in an air fryer at 325°F (160°C). The result is four formed pieces with a notable skin-like texture and color, which Merle rates highly and suggests as a crowd-pleasing vegan option. The video also references fellow creator Woon Hang for recipe inspiration.",Yuba Rehydration; Yuba Sheet Slicing; Rehydration Ratio; Yuba Moisture Release; Bouillon Seasoning; Pepper Seasoning; Salt Seasoning Overview; Sugar Overview; Chinese Five Spice; Cornstarch Thickener; Slurry Technique; Yuba Drumstick Wrapping; Lemongrass Substitute; Yuba Glaze; Plastic Wrap Chilling; Air Fryer Finish; Texture Evaluation Focus; Yuba Drumstick Prep; Woon Hang Reference,Yuba rehydration and moisture wring-out @ 00:01:50; Cornstarch slurry as binding agent @ 00:02:36; Drumstick-shaped wrapping around core @ 00:03:01; Air fryer cooking at 325°F / 160°C @ 00:04:34; Lemongrass use as sugar cane substitute @ 00:02:50,7
0vgF96O1gug.youtube,2-Minute vs 2-Day Vegan Chocolate Chip Cookies,"May 22, 2021",,"In this Goodful video, Merle presents two vegan chocolate chip cookie approaches side by side: a fast 2-minute version baked in the microwave and a 2-day, flavor-deepened version that builds toffee, crushed chocolate, and an oats-brown-butter dough, chilled for 48 hours before baking. The quick method relies on refined coconut oil, light brown sugar, vanilla, and applesauce to form a dough that comes together with flour and chips before microwaving on a prepared plate. The 2-day method introduces a separate toffee element (vegan butter, brown sugar, salt, cooked to 290°F/143°C), oats hydrated with boiling water, browned Miyoko’s butter emulsified with ice and water, and a sugar-bath dough enriched with espresso powder, vanilla, and flour. The dough is folded with crushed toffee and chocolate, chilled for 48 hours, portioned into balls, baked at 325°F (160°C) for 18–20 minutes, and finished with a cohesive balance of sweetness, salt, toffee crunch, and chocolate. The video highlights ingredient choices, texture and flavor development, and timing strategies—showing that patience yields a noticeably richer vegan cookie.",Coconut Oil Refinement; Vanilla Extract; Brown Sugar; Applesauce Binder; All-Purpose Flour; Chocolate Chips; Microwave Cookie Technique; Oiled Plate Prep; Giant Cookie Concept; Toffee Ingredients; vegan butter brand; Toffee Cooking Temperature; Water Emulsified Toffee; Toffee Freezing; Rolled Oats Hydration; Nutty Brown Butter; Ice Cube Emulsification; Espresso Powder Dough; Salt Soda Dough; Dough Refrigeration; Cookie Scooping; Cookie Bake Temp; Bake for 18 Minutes; Parchment Reuse; Toffee Crushing,"Microwave-baked vegan cookie on a prepared plate with coconut oil @ 00:02:05; Toffee made from vegan butter, brown sugar, and salt, cooked to 290°F (143°C) @ 00:03:50; Emulsifying fat with water after browning (toffee step) @ 00:03:50; Hydrating rolled oats with boiling water before dough @ 00:04:12; Brown butter (Miyoko’s) with ice cubes to emulsify @ 00:04:22; Espresso powder addition to cookie dough @ 00:05:07; Refrigerating dough for 48 hours to develop flavor and prevent flattening @ 00:07:32; Crushing toffee in a bag with rolling pin to create crunch @ 00:06:16; Baking cookies at 325°F (160°C) for 18–20 minutes @ 00:08:12",3
0z3ubNsNBZE.youtube,Quick and Easy Vegan Dinners,"December 28, 2018",,"This Goodful YouTube video is titled Quick and Easy Vegan Dinners and is described in metadata as offering quick vegan dinner ideas. The provided transcript contains mostly music and applause with only a few isolated spoken items, and contains no explicit cooking steps or ingredient lists. The video was published on 2018-12-28. Based on the transcript alone, no instructional techniques or recipe procedures can be verified from this text.",Vegan Dinners; Quick Meals; Plant-Based Recipes; Dinner Ideas; Goodful Format Overview; YouTube Cooking Video; Audio Cue Timing,,4
1HWYIwi6Yok.youtube,Store-Bought vs Local Vegan Mac 'N' Cheese: Three-Way Tasting and a Homemade Sauce,"January 18, 2019",,"This Goodful video presents a friendly comparison of three vegan mac and cheese options: two store-bought boxed products and a homemade version made with mostly locally sourced ingredients. Host Merle announces a store-bought versus locally sourced vegan mac and cheese challenge, then demonstrates how to prepare a homemade sauce by boiling carrot, potato, and onion, saving some cooking water, and blending the vegetables into a creamy sauce. Throughout the tasting, the host shares personality-driven commentary and environmental rationale for choosing plant-based meals, noting that vegan choices can reduce greenhouse gas emissions and food waste. The segment culminates in a taste test where the local-market mac is highlighted for its ingredients and flavor, while remarks acknowledge that plant-based does not always equal traditional cheese in texture. The video blends practical cooking steps with environmental messaging and light humor to encourage viewers to incorporate vegan meals into their routines.",Vegan Mac and Cheese; Vegan Mac Comparison; Vegan Mac Sauce; Local Ingredients; Vegan Environmental Impact; Meat Emissions; Ugly Produce Waste Reduction; Vegetable Prep; Veggie Cooking Water; Veggie Sauce Blending; Vegan Mac Tasting; Kitchen Branding References,Blend boiled vegetables with reserved cooking water to create a creamy vegan sauce @ 00:02:07; Use ugly produce to reduce waste and reveal bright interior vegetables with minimal prep @ 00:01:31; Three-way vegan mac comparison and sensory evaluation (tasting notes and verdict) @ 00:03:50; Local market ingredients highlighted as the winning option for flavor and transparency @ 00:02:34,4
1c8HrguZmlo.youtube,"Vegan Pantry Essentials: Staples, Substitutes, and Quick Prep Techniques","July 9, 2020",,"Goodful host Rachel walks through a vegan pantry, listing staples across dried goods, canned goods, nuts and seeds, oils and condiments, spices, baking flours, soy protein substitutes, and produce. She offers practical notes and uses for each category, such as soaking dried chickpeas for hummus and falafel, lentils as a protein source, oat milk from oats, jackfruit as a canned meat substitute, and coconut milk for cooking or dairy-free creams. The tour also covers flavor builders (soy sauce, vegan mayo, vinegars, sauces), nut-based cheese options (cashews, tahini, nutritional yeast), and egg-replacement techniques (flax eggs, black salt with turmeric for tofu scramble). The video emphasizes waste reduction and bulk buying, plus storage tips like freezing produce to extend shelf life.",Dried Chickpeas; Dried Lentils; Brown Rice; Pasta Varieties; Oat Pantry Staples; Oat Milk Basics Overview; Quinoa Staples; Millet Staples; Canned Jackfruit; Canned Coconut Milk; Canned Diced Tomatoes; Canned Beans; Aquafaba Binder; Nut Butters; Hemp Seeds; Chia Seeds; Tahini Overview; Coconut Oil; Soy Sauce; Nutritional Yeast; Black Salt; Vital Wheat Gluten; Chickpea Flour; Tapioca Flour; Flax Meal; Applesauce Binder Overview; Organic Sugar; Tofu Basics; Tempeh Basics; Fresh and Frozen Produce,Homemade oat milk @ 00:01:12; Cashew cheese sauce (creamy cashew cheese) @ 00:03:30; Vegan parmesan from cashews and nutritional yeast @ 00:06:50; Tofu scramble with black salt and turmeric @ 00:07:10; Seitan via vital wheat gluten @ 00:07:52; Flax egg binder for baking @ 00:08:36; Chickpea flour omelet @ 00:08:00; Aquafaba (aqua fava) for vegan desserts @ 00:02:49,9
28BSnGNT2m8.youtube,Five-Dollar vs $35 Vegan Pizza: Budget Showdown,"April 3, 2021",,"In this Goodful video, hosts Merle and Rachel (with Jasmine as a tasting guest) compare two vegan pizzas made at opposite price points. The $5 pizza emphasizes simple, budget-friendly dough, tofu-based pepperoni, and a potato-based vegan cheese, baked quickly at high heat. The $35 pizza uses a richer, coconut-oil crust with cornmeal, a tomato sauce built from San Marzano tomatoes, premium fillings like Beyond Meat sausage, kale, peppers, and multiple cheeses including Miyoko's cashew cheese and vegan parmesan, baked more slowly for a fuller bake. The episode juxtaposes value and flavor, culminating in a taste test where Jasmine weighs taste against price and declares a preferred option.",Pizza Dough Basics; Proofing and Kneading; Budget Pepperoni; Tofu Pepperoni Seasoning; Pepperoni Molding; Pepperoni Sheet Baking; Pepperoni Bake Time; Potato Vegan Cheese; Stovetop Vegan Cheese; Pizza Dough Rolling; Pizza Sauce Base; Herb Color Drizzle; Garlic Olive Oil Drizzle; Deep-Dish Dough; Cold Apartment Rising; Deep Dish Sauce; Pizza Toppings; Mozzarella Layering; Pizza Topping Bake; Pizza Bake Time; Pizza Value Comparison; Value Assessment Verdict,"Tofu pepperoni preparation with a bold seasoning blend @ 00:02:11; Pepperoni discs formed from tofu using parchment and a cap mold @ 00:03:28; Potato-based vegan cheese using potatoes, potato water, nutritional yeast, and thickeners @ 00:04:33; Deep-dish crust composition with sugar, instant yeast, coconut oil, and cornmeal @ 00:07:32; Layering vegan cheeses (Miyoko's cashews and vegan parmesan) on a pizza @ 00:11:46; Basil drizzle and spinach as a budget-friendly topping hack @ 00:06:50; San Marzano tomato sauce preparation as a premium base @ 00:09:05",4
8DIncLEl6ec.youtube,"Mexican Grandma Tries Vegan Pozole — Tasting, Garnishes, and Substitutions","May 12, 2022",,"BuzzFeed Nifty’s short feature follows Yolanda (the grandmother) and Desiree as they discuss and taste a vegan pozole. The segment frames posole as traditional Mexican-American comfort food, detailing typical ingredients, garnishes, and serving styles, then probes how a plant-based version compares in flavor and texture. The conversation touches on pork or chicken bases, garnishes (cabbage, onions, radishes, lime, tostadas), and spice choices (sauces like Tabasco), while also noting that vegan substitutions (tofu or tempeh) can be indistinguishable to conventional palates. Viewers observe tasting notes about broth thickness, meat-replacement texture, and overall acceptance, with recommendations for serving and possible adjustments (more meat or fixings on the side) for different preferences.",Vegan Pozole; Red Pozole; Vegan Pozole Overview; Pozole Base; Tofu Tempeh Substitutes; Pozole Garnishes; Tostada Serving; Pozole Lime; Pozole Oregano; Broken Chili; Broth Consistency; Tabasco Heat; Taste Comparisons; Side Garnish Serving; Mexican-American Cooking,Vegan substitution in a traditional pozole @ 00:02:12.000; Assessment of broth texture and meat-substitute texture during tasting @ 00:01:19.119; Incorporating garnishes as integral components of the dish @ 00:00:44.559; Spice and hot-sauce pairing with traditional Mexican flavors @ 00:01:03.600,6
8FwO38YD4yE.youtube,"Chickpeas Across the Day: Breakfast Hash, Buffalo Chickpea Sandwich, One-Pot Curry, and Aquafaba Chocolate Mousse","June 27, 2020",,"In this Goodful video hosted by Merle, chickpeas are showcased as a versatile, plant-based protein across four meals. The breakfast segment builds a colorful roasted vegetable hash with sweet potatoes, mushrooms, onions, and peppers, finished with a sriracha-tahini dressing. Lunch features a buffalo chickpea sandwich paired with a vegan ranch dressing and fresh veggies. Dinner centers on a homey, one-pot vegan curry built from aromatics, garam masala, turmeric, tomatoes, and chickpeas, simmered into a thick stew. For dessert, the aquafaba (chickpea water) is whipped into stiff peaks and folded with melted chocolate, sugar, and vanilla to create a mousse. The host emphasizes color for nutrition, offers customizable options (e.g., substituting tofu, serving with rice or naan), and provides precise timing and temperatures for roasting and simmering throughout the recipes.",Chickpea Nutrition; Aquafaba Dessert Ingredient; Breakfast Hash; High Heat Roasting; Chickpea Seasoning Blend; Sriracha Tahini; Vegan Ranch Dressing; Buffalo Chickpea Sandwich; Vegan Buffalo Sauce; One Pot Vegan Curry; Chickpea Tomato Stew; Lemon Cilantro Finish; Rice or Naan Serving; Aquafaba Mousse Technique; Chocolate Mousse Chilling,"Roasting vegetables at high heat to develop color and texture (425F, then 475-500F) @ 00:01:10; Sriracha-tahini dressing for bowls @ 00:03:11; Buffalo chickpea mixture with vegan ranch dressing @ 00:04:19; One-pot vegan curry with aromatics and simmering @ 00:06:12; Aquafaba mousse: whipping to stiff peaks and folding with chocolate @ 00:08:21",4
8V5C0zGZiIQ.youtube,"Vegan Hangover Recovery: Potassium-Rich Foods, Hydration, and a Tofu Burrito","July 2, 2022",,"The Goodful video presents a plant-based approach to easing hangover symptoms, emphasizing hydration and electrolytes alongside nutrient-dense foods. It highlights oatmeal as a complex carbohydrate for stable blood sugar, almonds for magnesium, bananas and avocado for potassium, spinach for folate, and sweet potatoes for magnesium, potassium, and vitamin A. A tofu scrambled breakfast burrito is offered as a practical demonstration that combines these elements. Hydration is framed as the key antidote, with recommendations for water, vegetable broth or miso soup, and coconut water, plus nausea relief via ginger and a lemon-ginger tea recipe to soothe the stomach.",Oatmeal Recovery; Almond Recovery Food; Banana Recovery Food; Potassium Rich Foods; Avocado Base; Hangover Guacamole; Sweet Potatoes; Spinach Greens; Hangover Recovery Food; Tofu Burrito; Hydration Strategies; Hydration Water; Veggie Broth; Miso Soup; Coconut Water; Ginger Basics; Lemon Ginger Tea,"Tofu scrambled breakfast burrito @ 01:46:00; Lemon ginger tea recipe @ 03:31:00; Hydration-focused rehydration liquids (broth, miso, coconut water) @ 03:12:00",3
8roUYAPp2Ls.youtube,Vegan Recipes To Bring To A Backyard Barbecue — Goodful (YouTube) Analysis,"June 27, 2022",backyard setting (probable),"This Goodful YouTube video presents a backyard barbecue concept built around vegan recipes, framed by a summer-friendly mood and host-oriented intro. The available transcript excerpt shows an opening line that invites viewers to embrace a backyard cookout and vegan barbecue classics, followed by multiple music and applause cues throughout the first six minutes. The material available does not include step-by-step cooking instructions or specific recipe demonstrations within the sampled timestamps; instead, the value lies in establishing theme, ambiance, and audience/host cues for a vegan cookout. The video duration is six minutes and six seconds, with the sampled transcript focusing on narration and production elements (music, applause) rather than recipe execution.",Vegan Barbecue; Vegan Recipes; Backyard Cookout; Summer Entertaining; Outdoor Cooking Show; Intro Narration; Host Setting; Audio Cues Pacing; Goodful YouTube; Summer Cooking; Vegan Grilling; Vegan Barbecue Planning,Intro establishes the backyard barbecue theme via direct narration @ 00:00:00; Use of ambient music and audience applause to pace the video @ 00:00:44,6
9DUr2cDDHDQ.youtube,I Tried 6 Vegan Egg Substitutes For Baking Cupcakes,"August 26, 2020",,"In this Goodful video, Merle explores six vegan egg substitutes by baking cupcakes from a vegan yellow cake mix to keep variables consistent. She tests aquafaba, carbonated water, applesauce, mashed banana, flax egg, and a water–oil–baking powder slurry, comparing texture, binding, and flavor. Through bake-and-taste rounds, she scores each substitute, notes failures (notably with aquafaba and certain slurry blends), and crowns flax egg as the winner for its binding, light texture, and neutral flavor. The evaluation highlights that vegan substitutions don’t always behave like real eggs in standard cake mixes and offers practical takeaways for home bakers.",Vegan Egg Substitutes; Egg Free Baking; Aquafaba Egg Substitute; Carbonated Water Substitute; Applesauce Egg Substitute; Banana Egg Swap; Flax Egg Swap; Cake Mix Control; Cupcake Binding; Substitute Flavor Impact; Baking Substitutions; Vegan Egg Testing; Egg Substitute Scoring; Vegan Baking Tips; Recipe Replication Testing; Baking Experiments; Egg Substitution Tips,Flax egg preparation (1 tablespoon ground flax seed + 3 tablespoons water; let sit ~5 minutes until thickened) @ 00:03:52; Aquafaba as an egg substitute and its incorporation into batter @ 01:36:00; Carbonated water as an egg substitute and evaluating texture/fluffiness @ 01:58:00; Mashed banana as egg substitute and impact on flavor/texture @ 00:56:00; Applesauce as an egg substitute and its effect on binding @ 02:42:00; Using a water–oil–baking powder slurry as an egg substitute (slurry-based batter) @ 03:01:00,4
9t3TwDcKdUI.youtube,Vegan Fast Food Recipes You Need — Goodful,"October 11, 2021",,"This Goodful YouTube video is titled Vegan Fast Food Recipes You Need and runs about 5 minutes and 24 seconds. The provided transcript contains almost no spoken instructional content; it is dominated by background music with only a few short, non-instructional words visible in the timing cues. Because the transcript does not record any recipe steps, ingredient lists, or technique demonstrations, the analysis cannot confirm specific vegan fast-food dishes or the cooking methods shown. The publication metadata places the video squarely in the creator’s vegan cooking category, suggesting a demonstration or montage of plant-based recipes, but the transcript alone yields no explicit instructional detail. The timeline indicates multiple music cues and sparse dialogue rather than step-by-step guidance, so any firm claims about techniques or exact dishes would require viewing beyond the transcript itself.",Vegan Fast Food; Plant-Based Cooking; Quick Meals; Recipe Demonstrations; Goodful Video; YouTube Cooking Video; Cooking Video Music; Goodful Format; Vegan Recipe Ideas,,5
AoEj8oDeBYw.youtube,$4 Vs. $24 Vegan Sandwich,"August 14, 2021",Mendocino Farms (referenced as a go-to banh mi source),"Goodful’s video stages a side-by-side sandwich showdown: a budget-friendly $4 vegan sandwich versus a premium $24 vegan sandwich, with a guest taste-test to decide which option delivers the best value. The cheap build centers on marinated tofu, a mushroom pate, crisp fried tofu, cucumber, cabbage slaw, pickles, and a vegan chipotle mayo, assembled with a budget-minded approach. The splurgeworthy version layers a basil pesto infused with truffle oil, roasted red pepper spread, olive tapenade, and plant-based meats and cheeses (prosciutto, carpaccio, Yoko’s mozzarella, provolone), finished with arugula and melted vegan cheese. Tucker samples both and weighs flavor complexity against price to determine the better value, while Merle and Rachel invite viewers to suggest future challenges. The video blends cooking tactics with a light-value comparison format and ends with audience engagement prompts.",Tofu Marinade Base; Extra Firm Tofu Cutting; Tofu Marinade; Mushroom Pate; Mushroom Pate Method; Tofu Crisping; Chipotle Mayo; Budget Sandwich Assembly; Cabbage Slaw; Quick Pickled Vegetables; Quick Pickled Onion; Bread Toasting Technique; Basil Pesto Drizzle; Roasted Pepper Spread; Olive Topping; Vegan Deli Meats; Cashew Mozzarella Provolone; Arugula Sandwich; Pan Toasting Technique; Pan Melted Cheese; Value Taste Test; Future Challenge Prompt,tofu marinade (soy-based) @ 00:02:25; mushroom pate made in a food processor @ 00:03:03; cornstarch crisp on fried tofu @ 00:04:32; quick-pickling of daikon and carrot @ 00:05:58; vegan pesto with basil and truffle oil @ 00:07:04; roasted red pepper spread and olive tapenade @ 00:07:58; pan-toasting and melting vegan cheese @ 00:11:50; taste test and value judgment @ 00:12:00,5
BjOPOBzxaQI.youtube,Vegan Trader Joe’s Highlights and a 24-Hour Budget Cook‑Along (Goodful),"June 26, 2025",,"This Goodful video surveys Trader Joe’s vegan-friendly offerings, first spotlighting five items touted as accidentally vegan, then presenting a broader roundup of new vegan-capable products and a practical demonstration: a quick vegan dinner using Impossible Meat, followed by a 24‑hour, budget-conscious meal plan built from Trader Joe’s ingredients. The host previews specific products by name, shares brief tasting notes, and then walks through simple cooking and meal-prep steps (including a quick pickle, open-face grilled cheese Caprese, and avocado toast) aimed at showing how to assemble meals around accessible vegan options.",Trader Joe's Highlights; Accidentally Vegan Items; Vegan Truffle Aioli; Ube Mochi Mix; Strawberry Lemon Bars; Rosemary Croutons; Trader Joe Chips; Oat Vanilla Ice Cream; Bolognese Ravioli; Tiny Fruity Cuties; Salted Caramel Cones; Carolina Gold Chips; Vegan Arrabbiata Pasta; Bomba Snacks; Korean Rice Cakes; Egg Free Veggie Pie; Vodka Discussion; Trader Joe’s Challenge; Impossible Meat; Veggie Broth; Almond Milk; Tomato Paste; Bay Leaf; Sourdough Bread; Avocado Base; Parisian Cucumbers; Vinegar Pickle Method; Open Face Caprese; Shredded Almond Cheese; Olive Oil; Balsamic Glaze; Budget Meal Prep,Quick cucumber pickling with vinegar @ 00:04:04; Open-face grilled cheese Caprese using almond cheese @ 00:04:28; Sourdough avocado toast with balsamic glaze @ 00:03:34; Budget meal construction from a single store (meal planning) @ 00:03:28; Wine- and almond-milk–based vegan sauce for pasta @ 00:02:55,4
Gn6E4xpR43Q.youtube,"Vegan Quick Dishes Under 20 Minutes: Mug Cake, Tofu Ricotta Pizza, Grilled-Cheese-Style Melt, and Cinnamon Rolls","June 28, 2021",,"This Goodful video presents a sequence of plant-based recipes designed to be ready in under 20 minutes, demonstrated through a mix of microwave, toaster oven, and quick-stovetop techniques. The host first builds a simple chocolate mug cake from dry and wet ingredients, microwaves it, and tops with vegan chips. Next, a fast tofu ricotta is blended and used to top a pita-based vegan pizza that’s finished under a broil. A separate microwave macaroni dish uses oat milk, nutritional yeast, and a vinegar blend to mimic cheese richness. The episode also covers a dairy-free cheese spread made from coconut oil and herbs to pair with toasted bread, plus a dramatic, high-speed microwave cinnamon roll with a simple icing. Throughout, the host emphasizes speed, beginner-friendliness, and customization with pantry staples.",Microwave Mug Cake; Cake Dry Ingredients; Wet Cake Ingredients; Tofu Ricotta; Yeast Vegan Cheese; Vegan Cheese Acidity; Rice Wine Vinegar; Toaster Oven Broil; Pita Pizza Base; Marinara Ricotta Topping; Pizza Seasoning Blend; Pizza Pepper Flakes; Tofu Pressing; Vegan Cheese Toast; Herbed Vegan Cheese; Microwave Macaroni; Refined Coconut Oil; Applesauce Cookie Dough; Mug Cinnamon Rolls; Microwave Icing,Microwave mug cake from dry and wet ingredients @ 00:00:11; Blending tofu with nutritional yeast and acids to make a ricotta-like filling @ 00:01:16; Assembling and broiling a pita-based vegan pizza @ 00:01:43; Pressing tofu to drain moisture using a weight @ 00:06:13; Microwave cinnamon roll dough and quick icing @ 00:08:00,7
J24404o3SjQ.youtube,Vegan Pizza Showdown: LA Pizza 108 Tasting and Studio-Crafted Vegan Pizza,"April 16, 2022","Los Angeles, CA (Pizza 108 visit)","In this Goodful feature, Merl and Tucker chase vegan pizza credibility across two formats: a trip to Pizza 108 in Los Angeles to sample a top vegan pie, followed by a studio baking session where they build a fully vegan pizza from scratch. The studio portion features a cashew-based vegan mozzarella, a gluten-based vegan pepperoni split into a log and steamed, and a tofu-mushroom sausage, all shaped, topped, and baked on a Neapolitan-style dough. They compare the LA visit with Prime Pizza and their studio creation, then rate each pie. Along the way, they discuss technique (dough characteristics, melt/stretch of vegan cheese, and texture of vegan meats) and ethics (veganism and environmental considerations) as part of the tasting commentary.",Pizza 108 Taste Test; Neapolitan Crust; Dough Fermentation; Vegan Mozzarella Base; Seitan Pepperoni Technique; Seitan Sausage Technique; Cornmeal Dusting; Pizza Dough Shaping; Cheese Melt Stretch; Vegan Meat Toppings; Studio Pizza Workflow; Taste Evaluation; Vegan Ethics Discussion; Pizza Taste Test; Viewer Suggestions,"Vegan mozzarella made from Cashews with miso, refined coconut oil, nutritional yeast, tapioca starch, and lemon juice for melt and tang @ 00:06:39; Pepperoni built from vital wheat gluten with fennel, black pepper, smoked paprika, red pepper flakes; formed into a log and steamed to set @ 00:08:56; Vegan sausage formed from tofu, mushroom mixture, cornstarch and flour; shaped into logs and steamed @ 00:09:43; Neapolitan-style dough handling: pillowy yet crisp crust achieved through fermentation and careful stretching @ 00:04:02; Dough assembly and shaping: cornmeal-dusted dough ball hand-pressed into pizza form @ 00:12:40; Layering of vegan cheese and vegan meats on a dough-to-crust bake for final pizza assembly @ 00:13:02",3
JNBm5TWqCnI.youtube,Lavender Cheesecake Swirl: A Vegan Ice Cream Tutorial with a Dear Bella Creamery Inspiration,"August 28, 2022","Dear Bella Creamery, Los Angeles, CA (probable)","This Goodful video follows hosts Merle and Lindsay as they first visit Dear Bella Creamery in Los Angeles to sample vegan flavors, then return to the studio to build a scratch-made lavender-infused vegan ice cream with cheesecake chunks. The process blends practical dairy-free techniques (oat-milk base, coconut oil fat, and cocoa butter for creaminess) with a vegan cheesecake layer (soaked cashews, coconut milk, vanilla, lemon, miso, and vegan cream cheese). The lavender flavor is infused, blueberry jam adds color and aroma, and natural spirulina colors a blue swirl. The base and cheesecake components are prepared separately, chilled/frozen in stages, then layered together and churned before a final six-hour freeze. The result is a fully vegan dessert that aims to match traditional textures and flavors while highlighting scratch-made ingredients and careful texture control, with a post-taste rating session comparing the homemade batch to the shop flavors.",Vegan Ice Cream Base; Coconut Oil Ice Cream; Milk Base Neutralization; Cashew Cheesecake Base; Coconut Cheesecake Filling; White Miso Depth; Vegan Cream Cheese; Vegan Graham Crust; Chilled Layers; Lavender Ice Cream; Blueberry Jam Color; Spirulina Coloring; Cocoa Butter Texture; Cheesecake Swirl Layering; Tasting and Rating; Ice Cream Churning; Final Freeze Time; Natural Ingredients; LA Ice Cream Culture; Flavor Comparison,"Vegan base formulation using oat milk, coconut oil, and unrefined sugar @ 00:02:39; Cheesecake base using soaked cashews, coconut milk, vanilla, lemon and miso @ 00:06:50; Incorporating vegan cream cheese for cheesecake texture @ 00:07:28; Lavender infusion in hot liquid with controlled steep time @ 00:08:15; Natural coloring with spirulina for blue elements @ 00:03:52; Cocoa butter addition to enhance creaminess @ 00:09:47; Churning in an ice cream maker and staged freezing @ 00:10:49; Layering cheesecake cubes into the ice cream before final freeze @ 00:11:06",5
KC2C-YHFLNw.youtube,14 vs 54 Vegan Lasagna: Budget-Friendly vs Luxe Plant-Based Lasagna,"September 18, 2020",,"In this Goodful video, Merle and Rachel stage a friendly, food-competition to contrast a vegan lasagna made on a tight budget with one made at a higher spend, aiming to show how flavor, texture, and yield can be balanced at different price points. They flip a coin to assign which cook handles the $14 versus the $54 version, and enlist Arya as a blind judge who doesn’t know who prepared which dish. The budget version builds a tofu-based ricotta and a mushroom-eggplant meat sauce, then bakes with simple sauce, noodles, and dried herbs. The upscale version uses cashews for a richer ricotta, a wine-enhanced meat sauce with San Marzano tomatoes, and a vegan cheese topping. After both are prepared and tasted, Arya weighs texture and flavor before the hosts reveal the costs and discuss which offers better value, even joking about combining elements from both recipes for a future “love child” version.",Vegan Lasagna; Budget Cooking; Tofu Ricotta; Cashew Ricotta; Mushroom Eggplant Sauce; Soy Sauce Umami; Wine in Sauce; San Marzano Tomatoes; Vegan Cheese Substitutes; Lasagna Bake; Cost vs Value; Blind Judging; Recipe Substitutions; Two Version Comparison; Food Challenge,Tofu ricotta for budget vegan lasagna @ 00:01:12; Cashew ricotta for premium vegan lasagna @ 00:04:55; Mushroom-eggplant 'meat' sauce for budget lasagna @ 00:02:22; Umami boosting with soy sauce @ 00:02:52; Wine infusion in sauce @ 00:03:10; San Marzano tomatoes in premium sauce @ 00:07:20; Vegan cheese topping usage @ 00:07:56; Budget vs premium layering and baking sequence @ 00:07:34; Blind judging to prevent bias @ 00:00:36,8
LkiJFelmLPk.youtube,"Vegan TikTok Hacks Tested: Mugs Cakes, Samoas, Banana Ice Cream and More (Goodful)","August 1, 2020",,"Goodful tests a curated set of popular vegan TikTok hacks, ranging from a quick Oreo mug cake to frozen-fruit-based desserts and simple no-bake cookies. The host narrates the preparation and then rates each result, revealing a spectrum of outcomes: the Oreo mug cake comes out fudgy and solid (8/10), sour patch grapes with lime juice land around 3/10, a milk substitute from almond butter and water lands at 5/10, and a frozen-blueberry “ice cream” approach rates around 6/10. The trio of 3-ingredient ideas includes a banana-coconut-chocolate dough described as “vegan smells” with cookies baked to 15–20 minutes and cooled; a Samoa-like cookie earns about 8/10. A banana-based blender ice cream hits a perfect 10/10, and date-peanut butter-chocolate bites score 9/10. The episode also covers a cookie-dough-based base using blended oats (flattening and baking attempts yield a 2/10), and ends with an ice-cream-sandwich hack that earns an 8/10. Across hacks, the video emphasizes ease of execution and taste, while noting texture and ingredient limits where relevant.",Oreo Mug Cake; Oreo Almond Milk; Microwave Mug Desserts; Sour Patch Grapes; Grape Lime Juice; Almond Butter Milk; Blueberry Milk Ice Cream; Banana Coconut Dough; Vegan Smells Cookies; Three Ingredient Oat Cookies; Blended Oat Flour; Date Peanut Bites; Date Bites; Banana Ice Cream; banana-based ice cream; Ice Cream Sandwich; Three Ingredient Cookie Dough; Cookie Flattening; Bake Time Testing,"Oreo mug cake (microwave) @ 00:00:07; Sour Patch grapes with lime juice (grapes + citrus hack) @ 00:01:20; Almond milk from almond butter and water (blending, no straining) @ 00:02:10; Blueberry-based 'ice cream' from frozen berries @ 00:02:58; Three-ingredient vegan smells dough (banana + coconut + chocolate) @ 00:04:32; Samoas-like cookies from a three-ingredient base @ 00:06:33; Banana-based blender ice cream @ 00:06:39; Date, peanut butter, and chocolate bites (snickers-style) @ 00:07:32; Oat-based cookie dough with optional toppings @ 00:08:39; Ice cream sandwich using homemade cookies @ 00:11:09",8
MGRA9PxSvsk.youtube,Two Non-Cooks Try To Make A Vegan Grilled Cheese From Scratch,"July 23, 2022",,"In this Goodful video, host Rachel pits two inexperienced cooks, Ben and Tucker, against a no-recipe challenge to craft a vegan grilled cheese. The segment combines cooking instruction with humor and light game-show elements, introducing lifelines to guide the cooks (watch a 10-second clip, look up an ingredient definition, or consult Bona vegan). The vegan cheese is built from a cashew-carrot base, enriched with nutritional yeast, lemon juice, garlic powder, and turmeric, then thickened with tapioca starch and a structural agent (agar agar, with a nod to gelatin flakes). The mixture is formed on parchment, chilled to set, sliced into rectangles, and then toasted between buttered bread slices with a splash of water and a covered pan to melt. The final judging by a vegan panel, including Merle, compares appearance, texture, and taste, concluding with the reveal of which contestant’s cheese won. The video blends practical technique with playful commentary and audience-friendly tips.",Cashew Cheese Base; Carrot Boost; Cashew Carrot Boiling; Reserved Cooking Liquid; Cheesy Yeast Flavor; Lemon Tang; Garlic Powder Seasoning; Turmeric for Color; Tapioca Stretch; Agar Setting Agent; Gelatin Texture Modifier; Smooth Sauce Blending; Cheese Forming and Chilling; Cheese Chill Time; Cheese Slicing; Pan-Toasted Bread; Melting Cheese Covered; Vegan Grilled Cheese Judging; Video Format,Cashew-and-carrot vegan cheese base @ 00:01:42; Boiling and softening cashews and carrots; using reserved liquid @ 00:01:42; Nutritional yeast for cheesy flavor @ 00:02:41; Lemon juice for tang and brightness @ 00:02:45; Turmeric for color @ 00:03:04; Tapioca starch with water to create stretch @ 00:04:57; Agar agar to help set cheese shape @ 00:04:28; Optional gelatin flakes for thickness @ 00:05:52; Forming a large rectangle and chilling on parchment @ 00:06:31; Butter-bread assembly and pan-toasting with water steam @ 00:08:27; Covering and flipping to achieve browning and melt @ 00:09:17; Judging by Merle and vegan panel with final reveal @ 00:10:11,6
OS5R_xJOnr8.youtube,5 Minute vs. 5 Hour Vegan Tiramisu,"June 8, 2021",,"Goodful’s Merle leads viewers through two vegan tiramisu variations in a single video: a rapid 5-minute version built on a creamy silken tofu filling layered with crushed speculoos cookies and coffee, and a more traditional 5-hour version featuring a homemade vegan mascarpone, a sponge-like vegan ladyfinger cake, and espresso-dunked cake layers. The video provides ingredient lists, equipment, and time cues for each method, including blending the tofu filling, crumbling cookies, building layers in a jar for the quick version, baking and cooling a vegan sponge for the longer version, espresso-soaking and layering with mascarpone, followed by refrigeration to set. The tone is casual and encouraging, ending with tasting notes and a prompt for audience engagement.",Silken Tofu; Full Fat Coconut Milk; Lemon Juice; Organic Sugar; Vanilla Extract; Food Processor Blending; Speculoos Cookies; Speculoos Crumbs; Cold Brew Coffee; Coffee Liqueur; Raspberries Raspberry Garnish; Five Minute Tiramisu; Layered Tiramisu; Espresso Overview; Marsala Wine; Dark Rum; Ladyfinger Cake; Flour Cake Dry Ingredients; Sugar Overview; Baking Soda; Salt Seasoning Overview; Non Dairy Milk; Vanilla Bean Overview; Apple Cider Vinegar; Cooking Oil; Vegan Mascarpone; Recipe Refrigeration,Tofu-based vegan cream for quick tiramisu @ 00:00:24.080; Layering with speculoos cookies and coffee in a jar @ 00:00:50.079; Espresso-dunked vegan tiramisu layers with Marsala/dark rum @ 00:04:01.040; Homemade vegan mascarpone using vegan cream cheese @ 00:03:16.400; Chill/set period to develop flavor and texture @ 00:04:39.280,3
P7pDhal7F30.youtube,"Creamy Dairy-Free Vegan Soups: Mushroom-Wild Rice, Cauliflower-Potato, Tomato Rosemary, White Bean & Kale, and Pea (Goodful)","July 9, 2025",,"This Goodful video showcases an array of dairy-free vegan soups, each built around a core technique: turning vegetables and aromatics into creamy, comforting bowls without dairy. The host demonstrates cauliflower-potato soup to hide veggies, a creamy mushroom and wild rice soup with mushroom soaking, sautéing, and white-wine deglazing, a dairy-free umami mushroom soup finished with coconut milk, a roasted tomato rosemary soup that uses a rosemary-grater trick, a white bean and kale soup with lemon-olive oil brightness, and a dairy-free creamy pea soup. Across segments, viewers learn practical kitchen steps such as soaking mushrooms, thickening with flour, simmering grains, blending to creamed textures, and finishing with vegan parmesan, lemon zest olive oil, and fresh herbs. The video also references specific Goodful tools and pantry-staple ingredients to help home cooks reproduce the recipes.",Cauliflower Potato Soup; Dairy-Free Creaminess; Mushroom Wild Rice Soup; Dried Mushroom Soaking; Aromatic Vegetable Sauté; White Wine Deglazing; Wild Rice Simmering; Oat Coconut Creaminess; Vegan Parmesan Topping; Tomato Rosemary Soup; Rosemary Grating; Lemon Olive Finish; White Bean Kale Soup; Lemony Kale Soup; Dairy-Free Pea Soup; Garlic Smash; Cast Aluminum Dutch Oven; Goodful Cookware; Cassava Bread Dip; Gift Soup Ideas,Soaking dried mushrooms in warm broth @ 00:01:03; Sautéing mushrooms until liquid cooks out @ 00:01:13; White wine deglazing and adding stock @ 00:01:21; Simmering wild rice in broth until tender @ 00:01:24; Creamy dairy-free finish using oat milk (and coconut milk) @ 00:01:29; Grating rosemary leaves to release aroma @ 00:02:57; Lemon zest infused olive oil for brightness @ 00:03:41; Roasting vegetables for soup base @ 00:02:39; Dairy-free pea soup blending to creamy texture @ 00:04:47,5
Qg8aieIfdSU.youtube,Plant-based Sausage Egg McMuffin recreation and blind taste test with an ex-McDonalds employee,"June 28, 2022",,"In this Goodful video, host May attempts a vegan recreation of the Sausage Egg McMuffin using supermarket plant-based items and kitchen improvisation. She experiments with two vegan sausages (Impossible and Light Life), tofu-based egg white and a yolk made from Just Egg, and two vegan cheese options, all baked or heated with Miyoko’s butter. A steel egg ring is used to shape patties, and flavors are built with maple syrup, sage, salt, pepper, and kala namak (black salt) to mimic eggy notes. May and her guest Nini, a former McDonald’s employee and manager, taste both the vegan version and a store-bought McMuffin in a side-by-side test to see if the vegan version can fool a former McDonald’s worker. The video documents the iterative testing of textures and meltiness, the assembly sequence (toasted muffins with cheese on the bottom, sausages, egg substitute, and top muffin), and a final verdict that the vegan version can be surprisingly convincing, leaving even a carnivore-reared tester impressed.",Impossible Sausage; Lightlife Sausage; Firm Tofu; Maple Syrup; Sage Seasoning; Salt And Pepper; Kala Namak; Miyoko's Butter; Egg Rings; Just Egg; Vegan Cheese Option 1; Vegan Cheese Option 2; Toasted Muffins; McMuffin Assembly Order; Side-by-Side Taste Test; McDonald’s Guest Expert; McMuffin Elements; Sausage Vs Bacon Story; Taste Texture Balance; Bread Egg Ratio; Cheese Melt Behavior; Substitute Flavor Accuracy,Shaping vegan sausage patties with steel egg rings to mimic McMuffin patty size @ 00:52; Using black salt (kal namak) to create an eggy flavor in vegan eggs @ 05:00; Assembling a vegan egg by combining tofu white with Just Egg yolk and a round yolk substitute @ 04:21; Butter and melt approach for vegan cheese on muffins using Miyoko’s butter @ 03:07; Toasting assembly with cheese on bottom and patty/egg on top to achieve melt and texture @ 06:30; Blind-tasting format with an ex-McDonald’s employee to evaluate similarity @ 08:46,6
R2oYwXEIc0g.youtube,Upscale Plant-Based Dishes: Goodful's Fancy Vegan Meals,"June 14, 2021",,"Goodful's video titled Fancy Vegan Meals That Are Totally Worth The Coin presents upscale plant-based meals in a format that appears to emphasize presentation and value. The transcript is almost entirely music with sparse spoken content, yielding little in the way of explicit cooking steps, ingredient lists, or technique demonstrations. Based on the metadata, the material seems oriented toward inspiration for gourmet vegan dishes and considerations around cost and plating rather than procedural instructions. This analysis therefore notes the absence of instructional sequences in the transcript, the video's likely focus on visuals and ambiance, and the publication context as the primary signals for what a viewer might take away: concepts around high-end vegan dining, ingredient quality, and presentation rather than a step-by-step recipe walk-through.",Vegan Meals; Plant-Based Cooking; Gourmet Vegan Dishes; Plating Presentation; Ingredient Cost Quality; Vegan Cost Considerations; Vegan Recipe Inspiration; Goodful Style; Food Presentation; Entertaining Meal Ideas,,6
S2nZRwWvRXM.youtube,"Rice Paper Bacon: Layered, Marinated Vegan Bacon Demonstration (Goodful)","May 15, 2021",,"This Goodful video presents a vegan bacon technique built around layering two sheets of rice paper, softening them briefly, and cutting them into bacon-strip shapes. The host follows a detailed marinade mixing cream with tamari, nutritional yeast, olive oil, maple syrup, garlic powder, smoked paprika, black pepper, and liquid smoke, then coats both sides of the rice paper pieces. After an oven bake at 400°F (204°C) for about seven to eight minutes, the rice paper bacon achieves a crisp, fatty-like texture. The presenter discusses coating methods, notes the aftertaste of baloney, and highlights ethical considerations about pig farming, eventually rating the result around 8/10 and suggesting the vegan bacon as a strong BLT option. The video credits Edgy Veg as the original recipe source and frames the result as a practical, accessible vegan alternative with environmental and animal welfare implications.",Rice Paper Bacon; Rice Paper Layering; Rice Paper Softening; Bacon Strip Cutting; Tamari Marinade; Nutritional Yeast; Olive Oil; Maple Syrup; Garlic Powder; Smoked Paprika; Black Pepper; Liquid Smoke; Coating Method; Rice Paper Baking; Seven Minute Bake; Crispy Fatty Texture; Baloney Aftertaste; BLT Serving Suggestion; Pig Intelligence Ethics; US Pig Factory Stats; Review Rating; Edgy Veg Reference,"Layer two sheets of rice paper to thicken the bacon strips @ 00:01:12; Briefly soak rice paper to soften @ 00:01:19; Cut softened rice paper into bacon-strip shapes with kitchen scissors @ 00:01:27; Prepare and mix vegan bacon marinade from tamari, nutritional yeast, olive oil, maple syrup, garlic powder, smoked paprika, black pepper, and liquid smoke @ 00:01:50; Brush or dunk marinade on both sides of rice paper bacon for even coating @ 00:02:34; Bake at 400°F (204°C) for 7-8 minutes and adjust by eye; finish with another marinade brush @ 00:03:00; Brush additional marinade on baked rice paper bacon for finish @ 00:05:12; Evaluate texture and flavor; compare to traditional bacon and propose uses (BLT) @ 00:05:25; Final verdict and rating (8/10) @ 00:06:08",5
S5VWvjiQm00.youtube,"Vegan Recipes From $10 to $200 — Oat Milk Mac and Cheese, Vegan Ricotta, Sushi, and More (Goodful)","June 3, 2021","Maui, Hawaii","This Goodful video surveys a playful sequence of vegan recipes built around accessible, affordable ingredients and flavorful techniques. It starts by roasting garlic to intensify its aroma, then demonstrates a dairy-free oat-milk base for a mac and cheese sauce thickened with cornstarch and enriched with miso-like flavors from nutritional yeast, tomato paste, and a peppery pepper-roasted component. The chef then crafts a vegan ricotta from cashews, transitions to a meatless (wine-based) tomato sauce, and assembles a baked elbow Mac with cheese layers. Interleaved are demonstrations of black rice sushi rolls with toasted nori, a miso-sesame dipping sauce, a hummus-forward appetizer with grilled veggies, and a butter–Chardonnay sauce featuring morel mushrooms. The video closes with a dessert-laden plate featuring a pecan-date crust and lemon sorbet. Throughout, cost-conscious substitutions (bouillon cubes for broth, jarred peppers) and kid-friendly, hands-on steps are emphasized, with a few playful host asides woven in.",Garlic Roasting; Oven Temperature; Roasted Garlic Flavoring; Oat Milk Basics; Oat Ratio Milk; Blending Time; Oat Milk Straining; Shallot Flavor Choice; Roasted Pepper Booster; Turmeric Paprika Blend; Cheesy Yeast Substitute; Cornstarch Thickener; Bouillon Versus Carton; Apple Cider Vinegar Sauce; Tomato Paste Sauce; Pasta Choice; vegan ricotta from cashews; Ricotta Lemon Juice; Ricotta Basil; Garlic Onion Base; San Marzano Sauce; Vegan Meat Simmer; Casserole Baking Timing; Sushi Mat Technique; Toasted Nori Texture; Black Rice Sushi; Miso Sesame Maple Sauce; Ginger Dipping Sauce; Hummus Appetizer; Butter Chardonnay Sauce; Pistachio Date Crust; Agave Binder,"Roasting garlic to concentrate flavor for a vegan mac and cheese sauce @ 00:00:09; Homemade oat milk from oats and water @ 00:00:37; Straining oat milk through a fine cloth for smooth texture @ 00:01:12; Building a dairy-free cheese sauce using shallots, garlic, roasted pepper, nutritional yeast, turmeric, paprika @ 00:01:35; Thickening vegan sauce with cornstarch and simmering to activate thickening @ 00:03:39; Coating elbow macaroni with vegan sauce for baked mac and cheese @ 00:04:03; Vegan ricotta preparation from cashews, lemon, olive oil, basil, garlic @ 00:04:15; Wine-based meat sauce technique using onions, tomato paste, San Marzano tomatoes @ 00:04:52; Baking assembly with foil cover then uncover to finish @ 00:06:18; Black rice sushi build with toasted nori and rolling method @ 00:07:16; Miso–sesame–maple dipping sauce for sushi @ 00:08:58; Dessert crust assembly with pecans and dates, binding with agave @ 00:11:30",21
TO1pRtYuec0.youtube,8 Incredible Meatless Sandwiches — Transcript-Based Educational Analysis,"May 28, 2019",,"This Goodful video, titled '8 Incredible Meatless Sandwiches' and published on May 28, 2019, runs 446 seconds (about 7 minutes 26 seconds). The provided transcript contains only music cues and no spoken narration or visible instructional text. As a result, there is no transcript evidence of specific techniques, ingredient lists, or step-by-step sandwich-building instructions. Any concrete instructional content would have to be derived from on-screen visuals rather than the transcript. Based on the video title and channel context, the educational value is likely in illustrating meatless sandwich concepts and general sandwich-building ideas, but these topics are inferred from metadata rather than directly evidenced in the transcript. The transcript shows four music cue timestamps (00:00:02.600, 00:00:24.250, 00:02:24.670, 00:05:41.950), indicating non-verbal content without instructional narration.",Meatless Sandwiches; Plant-Based Fillings; Sandwich Bread Types; Sandwich Spreads; Sandwich Assembly; Sandwich Meal Prep; Vegetarian Nutrition; Sandwich Plating,,5
TOrN97Eo3Yw.youtube,Vegan Carrot Hot Dogs: Marinade-Boiled Carrot Dogs,"March 20, 2021",Coney Island (explicit mention),"In this Goodful video, Merle attempts a carrot-based vegan hot dog using a marinade-and-boil approach rather than a traditional grill technique. She trims and smooths whole carrots, then simulates a hot-dog shape by stripping and peeling the surface. A savory marinade is prepared from water, soy/amino acids, liquid smoke, vegan steak sauce, agave or maple syrup, ketchup, plus garlic and onion powders with cayenne and black pepper. The carrots are boiled in this marinade for 7–10 minutes, then cooled with a brief resting period before being dressed with classic hot-dog toppings like relish, onions, and ketchup. She experiments with a quick-freeze method to accelerate cooling and contemplates a miniature-carrot hack to shorten wait times. The tasting verdict is surprisingly positive—close to a real hot dog but intentionally not claimed to be identical—followed by reflections on taste, texture, and audience engagement. The video also notes composting carrot scraps and weaves in pop-culture nods (Tabitha Brown) and light humor throughout.",Carrot Trimming; Carrot Peeling; Carrot Composting; Soy Marinade Base; Smoke Marinade Base; Vegan Steak Sauce; Sweet Marinade Base; Ketchup Marinade Base; Carrot Dog Seasoning; Carrot Marinade Boiling; Cold Water Cooling; Marinade Cooling; Marinade Resting; Fast Marinade Cooling; Carrot Dog Dressing; Carrot Texture Notes; Hot Dog Similarity; Influencer References; Hypothetical Selling Locale; Comment Requests,"Marinade-boiled carrot hot dogs @ 00:02:30; Quicky cooling by freezing marinade @ 00:03:26; Smoothing carrot surface for hot-dog shape @ 00:00:46; Traditional hot-dog dressing (relish, onions, ketchup) @ 00:04:00",4
TxHYF-Um5LQ.youtube,Vegan Three-Course Budget Challenge: $20 vs $200 (Goodful),"July 19, 2020",,"In this Goodful video, hosts Coco and Lala tackle a vegan three-course meal on a tight budget, each working within a distinct limit ($200 for one, $20 for the other) and documenting how far a plant-based menu can stretch when money is tight. The walkthrough captures planning (“three-course meal on a budget”), appetizer prep with a hummus and grilled-vegetable tray, a pasta-forward entrée centered on morel mushrooms with a butter–Chardonnay style sauce, and a dessert built around pistachios, dates, granola, and lemon sorbet. The segment includes practical techniques like microwaving green beans, grilling vegetables, and layering flavors with affordable pantry staples (brown sugar, vegan butter, garlic salt, and cinnamon), as well as the hosts’ reflections on health and wellness as part of cooking. The video progresses from budgeting and planning to prep, plating, and taste-testing, offering concrete, repeatable ideas for affordable vegan dining with vivid plating and flavor contrasts.",Budget Vegan Challenge; Vegan Three Course Meal; Hummus Veggie Appetizer; Microwaved Green Beans; Backyard Grilling; Brown Sugar Glaze; Secret Spice Blend; Morel Mushroom Pasta; Butter Chardonnay Drizzle; Pineapple Jambalaya; Beans Cilantro Garnish; Mushroom Chardonnay Pasta; Granola Crusted Dessert; Peach Apricot Sorbet; Granola Topping; Health Messaging; Budget Plating; Luxury Vegan Presentation; Taste Pairing Notes; Budget Figures Note,"Budget vegan cooking challenge (two budgets: $200 vs $20) @ 00:00:24; Microwave-steamed green beans @ 00:02:15; Grilled vegetables and quick-sear prep for hummus tray @ 00:01:29; Butter Chardonnay sauce using vegan butter @ 00:03:54; Morel mushrooms in pasta with a wine-inspired butter sauce @ 00:04:19; Pineapple added to jambalaya rice for sweetness @ 00:04:44; Pistachio-date crust and granola dessert assembly @ 00:05:32; Granola topping and oven finishing for dessert texture @ 00:05:46; Flavor-enhancing spice blend (garlic salt, pepper, basil salt, cardamom, cinnamon) @ 00:02:58; Health-first framing in cooking (health is wealth) @ 00:03:03",3
ULLQ1ZqWv1I.youtube,Vegan Snack Alternatives Under $5,"April 26, 2021",,"This Goodful video, titled Vegan Snack Alternatives Under $5, presents budget-conscious ideas for plant-based snacking. Because the transcript contains mostly background music with virtually no spoken narration, the analysis relies on the video title and publication metadata to infer the lesson’s aim: to showcase affordable vegan snack options that cost under five dollars and to suggest quick, wallet-friendly ideas for plant-based snacking.",Vegan Snacks; Budget-Friendly Snacks; Under $5 Snacks; Budget Grocery Tips; Plant-Based Ingredients; Snack Ideas; Quick Vegan Snacks; Affordable Vegan Foods; Budget Snack Shopping; Pantry Snack Ideas,,8
Vmbi5LiZCp0.youtube,"Three 20-Minute Vegan Meals for Beginners: Tacos, Creamy Tomato Pasta, and Chickpea-Broccoli Sesame Rice Bowl","April 23, 2022",Kitchen,"This Goodful video features two hosts guiding a beginner vegan through three fast, 20-minute meals: vegan tacos with crumbled tofu and a quick chipotle crema, a creamy one-pot tomato pasta seasoned with a paprika-like blend and enhanced with nutrition yeast, and a chickpea–broccoli sesame rice bowl with a glossy sauce. The presenters emphasize simple, plant-based substitutions (onion powder instead of onions, almond milk, vegan mayo and sour cream, nutritional yeast) and practical assembly tips (bottom-layer sauce in tacos, batch-friendly prep, and a takeout-inspired vibe). Interwoven with cooking, they discuss motivations for going vegan and the challenges of a 30-day transition, ending with a channel plug for Joyce’s vegan journey. The result is a beginner-friendly, time-conscious collection of recipes that showcase flavor, texture, and plant-based substitutions suitable for new vegans or curious cooks.",Tofu Taco Filling; Tofu Sautéing; Soy Sauce Seasoning Base; Chili Tomato Sauce; Garlic Cumin Blend; Pepper Cayenne Heat; Chipotle Crema; No Blender Crema; Cheesy Yeast Flavor; Onion Powder Swap; Olive Oil Sautéing; Campanelle Pasta; Almond Milk Base; Pasta Broth; Kale Greens Boost; Lime Salt Seasoning; Cheese Topping Options; Rice Chickpea Bowl; Garlic Sesame Glaze; Rice Vinegar Glaze; Thickening Sauce; Twenty Minute Meals; Takeout Plating; Vegan Journey Intro,Crumbling tofu by hand to create a meat-like texture @ 00:53:00; Chipotle crema made without a blender (vegan mayo + vegan sour cream + lime + chipotle powder) @ 02:40:00; Onion powder substitution for onions in the pasta base @ 04:32:00; Cornstarch slurry to thicken sesame sauce @ 08:32:00; Nutritional yeast as a cheesy flavor in vegan pasta @ 06:14:00,4
VyW_FDVaHD0.youtube,Vegan Ice Cream to Cookies: Bakery Taste Tests and a Home Recipe (Goodful Can It Satisfy),"May 28, 2025","Los Angeles, CA","In this Goodful episode, a host and guest explore vegan desserts by sampling store-bought vegan ice creams (including Salt & Straw lavender honey) and a studio-made vegan ice cream, then visit an all-vegan bakery to search for a chocolate-chip cookie that can stand up to traditional versions. They discuss vegan ice cream base formulations (oatmeal and coconut milk), fats (coconut oil), sweeteners, acids, and the use of add-ins and sauces. Back in the studio, they attempt a vegan chocolate chip cookie using egg-free substitutes (fruit purées), arrowroot, and garbanzo bean flour, prioritizing crispy edges and chewy centers. The episode closes with a tasting ranking, a comparison to non-vegan benchmarks (e.g., Lavender Honey from Salt & Straw), and a home-friendly recipe so viewers can recreate the results without traveling to vegan hubs.",Oat Milk Ice Cream; Coconut Oil Fat; Unrefined Cane Sugar; Ice Cream Acidity; Eight Flavor Concept; Blueberry Cheesecake Ice Cream; Lavender Honey Ice Cream; Pina Colada Ice Cream; Ice Cream Add-Ins; Ice Cream Sauces; Freezing Ice Cream Churning; Coconut Oil Cookie Ingredients; Fruit Purée Binding; Arrowroot Binder; Garbanzo Fava Flour; Cookie Texture Goals; Coconut Oil Shortbread; Bakery Comparison; Vegan Bakery Context; Salt & Straw Benchmark; Dear Bella References; Perfect Ten Taste Test; Home Cookie Version,Vegan ice cream base formulation @ 00:02:42; Incorporating mix-ins and flavorings into vegan ice cream @ 00:02:58; Churning and freezing vegan ice cream @ 00:03:03; Vegan chocolate chip cookie dough using coconut oil and fruit purées @ 00:03:31; Egg-free binding with arrowroot and garbanzo bean flour @ 00:03:51; Texture control: crispy edges and chewy centers in vegan cookies @ 00:04:04; Evaluative tasting: perfect-ten-like scoring and comparison @ 00:07:22,4
WRM7pdP5eKM.youtube,6 Vegan Alternatives To Chicken,"May 24, 2021",,"This Goodful video presents six plant-based substitutes for chicken, offering quick ideas for swapping chicken in everyday meals. While the transcript shows mostly background music and sparse spoken lines, the video centers on introducing six vegan options and demonstrates how they can be prepared and incorporated into meals. The production emphasizes accessible, time-efficient plant-based proteins suitable for weeknight dinners and meal planning, aligning with Goodful’s practical kitchen guidance.",Chicken Substitutes; Plant Protein Sources; Vegan Chicken Alternatives; Protein Seasoning; Weeknight Meals; Vegan Protein Planning; Vegan Protein Nutrition; pantry staples for vegan cooking; Plant Food Impact; Vegan Chicken Comparisons,,5
XLJI52AGJPQ.youtube,"What a Vegan High School Student, Vegan College Student & Vegan Medical Student Eat in a Day","February 5, 2022",Home kitchen / apartment,"Three vegan students—a high schooler, a college student, and a medical student—present a day of meals highlighting practical plant-based cooking and time-saving techniques. The breakfast segment features tofu and hummus toast pressed tofu, a Mexican tofu scramble, and vegan chocolate chip protein pancakes. Lunch centers on a pesto pasta and a winter citrus arugula salad, with reflection on cafeteria options and protein needs. Dinner showcases variations including a tofu and quinoa bowl, a Thai red curry with peanut sauce, and a pasta with cashew-cream sauce and seitan, underscoring how to build flavorful meals with accessible ingredients. Throughout the video, the speakers discuss prep strategies (soaking beans, cashew crema), cultural food influences, and the motivation behind vegan choices (climate justice, accessibility), offering a practical, multi-meal template for vegan students balancing school and studies.",Tofu Press Technique; Tofu Hummus Toast; Spinach Greens Topping; Balsamic Tomato Plating; Overnight Bean Soaking; Cashew Crema; Salsa Verde Blending; Garlic Onion Saute; Turmeric Paprika Seasoning; Potato Scramble; Chorizo Addition; Protein Pancakes; Soy Milk Pancake Batter; Baking Powder Vanilla; Pesto Pasta Sauce; Yeast Vegan Sauces; Daiya Mozzarella; Winter Citrus Arugula Salad; Couscous Salad Grain; Citrus Oil Dressing; Hospital Vegan Options; African Jerk Options; Tofu Quinoa Bowl; Spinach Teriyaki Bowls; Thai Red Curry; Coconut Milk Curry; Thai Aromatics; Cashew Cream Pasta; Tomato Seitan Sauce; Global Plant-Forward Diets; Vegan Climate Justice,"Tofu pressing and crumbling for texture @ 00:00:14; Cashew crema construction (cashews, nutritional yeast, garlic, lime) @ 00:01:01; Salsa verde preparation (tomatillos, peppers, cilantro, lime) @ 00:01:15; Bean soaking and long-simmer technique with aromatics @ 00:00:58; Tofu scramble with potatoes and spices (turmeric, paprika) @ 00:02:04; Pesto pasta sauce from blender (garlic, spinach, almond milk, nutritional yeast) @ 00:04:09; Winter citrus arugula salad with couscous and vegan feta @ 00:05:24; Thai red curry base with coconut milk and peanut sauce @ 00:07:22; Cashew cream pasta sauce and seitan with tomato base @ 00:08:53",3
bAm229JJ44o.youtube,"Vegan Margherita Trial: Dough, Cashew Mozzarella, and Italian Moms’ Verdict","March 4, 2021",,"In this Goodful video, host Merle guides a live-making-and-t tasting session in which a panel of Italian moms evaluates a vegan Margherita-style pizza. The key instructional elements are the plan to use a cashew-based vegan mozzarella and an overnight dough proof to achieve a crunchy crust, paired with a simple tomato-basil sauce. The panel discusses authenticity, texture, and flavor, offering concrete feedback on mozzarella texture (not stretching, crumbly) and on the sauce and crust balance. The tasting yields mixed results: dough scores moderately, overall pizza scores higher due to flavor but cheese remains the main drawback. The video blends culinary technique with culture and humor, highlighting both the challenges and potential of veganizing traditional pizza.",Vegan Pizza Trial; Cashew Mozzarella; Miso Vegan Cheese; Yeast Vegan Cheese; Tapioca Vegan Cheese; Lemon Juice Tang; Coconut Oil Cheese Formula; Overnight Fermentation; Crisp Thin Crust; High Heat Pizza; Margherita Authenticity; Margherita Sauce Balance; Mozzarella Stretch; Panel Critique; Italian Vegan Culture; Italian Moms Panel; Goodful Host Persona; Taste Test Verdict; Dough vs Cheese Quality,"Cashew-based vegan mozzarella formulation (cashews, miso, nutritional yeast, tapioca starch, lemon juice, salt, coconut oil) @ 00:55:00; Overnight dough proofing for a crunchy crust @ 01:20:00; High-temperature baking for a thin, crispy crust @ 02:02:00",7
bV_uui0avmU.youtube,"What A Whole Foods, Junk Food, & Keto Vegan Eat In A Day","July 31, 2021","Los Angeles, CA (origin)","This Goodful video documents a day of eating across three distinct vegan dietary identities: a whole foods plant-based eater (Rachel), a junk-food vegan (Bridget), and a keto vegan (Maya). Over roughly twelve minutes, three hosts showcase breakfast, lunch, dinner, and dessert ideas tailored to their respective approaches, using a mix of whole foods, vegan substitutes, and convenience products. Dishes include sweet potato pancakes, a vegan egg McMuffin-inspired sandwich, chia pudding, a tahini-dressed salad, soyrizo tacos, a grain bowl, minestrone soup, vegan mac and cheese with buffalo wings, a chocolate-topped crunch bar, and a keto-friendly pad Thai. The video emphasizes texture, fiber, plant proteins, seasonal produce, and practical substitutions for vegan meals.",Sweet Potato Pancakes; Oat Flour; ground flax meal; Baking Powder; Baking Soda; Cinnamon Spice; Nutmeg Spice; Banana Recovery Food; non-dairy milk; Vanilla Extract; Maple Syrup; Coconut Yogurt; Blueberry Pudding; Nectarine Topping; Sweet Earth Vegan Bacon; Hash Browns; Just Egg Folded; Miyoko's Cheddar; English Muffin; Spinach Greens; Hot Sauce; Blueberry Chia Pudding; Coconut Milk; Chia Seeds; Tahini Dressing; Lime Juice; Soy Sauce; Garlic Powder; Black Pepper; Edamame Overview; Broccoli Kale Salad; Kale Greens; Red Cabbage; Carrot Boost Overview; Red Bell Pepper; Green Onion Garnish; Roasted Olives Oil; Smoked Paprika; Mushroom Powder; Onion Powder,"Mashed sweet potato and banana batter to create pancake texture with oat flour and flax meal (low-mix technique) @ 00:00:40; Toaster-cooked folded vegan egg substitute and vegan bacon assembly to mimic a McMuffin sandwich @ 00:01:50; Blueberry cinnamon chia pudding with coconut/almond milk base @ 00:02:36; Tahini-based dressing emulsified with lime juice and soy sauce for a creamy, oil-light salad dressing @ 00:03:34; One-pan veggie roast with a smoky rub (smoked paprika, mushroom powder, onion powder) and basil @ 00:05:26; Cauliflower rice sauté with garlic, ginger, and oil to mimic grain base @ 00:06:00; Minestrone-style vegetable soup with pantry ingredients and pasta substitute (chickpea pasta) @ 00:06:50; Air-fried vegan buffalo wings with a separate sauce reduction @ 00:08:43; Keto pad thai using miracle noodles and a peanut butter sauce @ 00:11:20",11
c31Ij5s-Tj0.youtube,"Budget Vegan Day: Breakfast, Lunch, and Dinner Recipes Across Three Budgets (Goodful)","July 26, 2020","Los Angeles, California (LA)","Goodful features three vegan cooks (Rachel, Will, and May) preparing breakfast, lunch, and dinner across different budget levels, illustrating practical, affordable plant-based cooking. The video lays out multiple recipes and budget-friendly techniques, including baking banana oatmeal, a chickpea flour/ aquafaba scramble, a smoothie bowl, zucchini lentil fritters with a tofu-based vegan sour cream, a BLT with vegan bacon, a Just Egg omelette, Nashville hot mushroom sandwiches, and a chili mac with Beyond Beef, TVP, and Miyoko’s cheese. Interwoven are cost-saving strategies (bulk buying, end-of-day market discounts, using dried beans and homemade condiments) and notes on pricing versus eating out, providing a roadmap for budget-conscious vegan meal planning across a full day.",Baked Banana Oatmeal; Flax Eggs; Aquafaba Chickpea Scramble; Seasoned Scramble Yeast; Coconut Oil Sautéing; Smoothie Bowl; Superfood Costing; Zucchini Lentil Fritters; Vegan sour cream; Vegan BLT; Just Egg Omelette; Nashville Hot Mushroom Sandwich; Bonza Chickpea Pasta; Budget Fillings; Vegetable Broth; Beans for Budget; Market Discount Shopping; Budget Storytelling; Miyoko's Cheese Melt; Avocado Toast Variations; Sunflower Seed Butter; Sunflower Seed Oil; Bulk Pantry Choices; Aquafaba Binder Marinade; Foil Wrapped Experiment; Condiment Value Comparison; Pantry Staples,"Baking banana oatmeal in loaf pans at 350°F, using two loaf pans when 8x8 dish isn’t available @ 00:00:30; Homemade sunflower seed butter by grinding seeds into powder and emulsifying with maple syrup, oil, and salt @ 00:01:20; Chickpea scramble formed with chickpea flour, aquafaba, and spices and cooked in a skillet @ 00:02:02; Vegan sour cream made from soft tofu blended with lemon juice, oil, and salt @ 00:05:00; Just Egg omelette technique with vegetables and Miyoko’s cheddar @ 00:06:13; Nashville hot mushroom marinade and double-dredge frying method with air-drying @ 00:08:52; Chili mac assembly using dried beans/TVP, Bonza pasta, and Miyoko’s cheese to sustain flavor with budget @ 00:10:33; Homemade vegetable broth from scraps as a budget broth option @ 00:07:58",9
cIggkNOFQ-0.youtube,I Turned Leftover Bean Juice Into Vegan Meringues,"March 2, 2022",,"This BuzzFeed Nifty video demonstrates making vegan meringues from aquafaba, the liquid from canned chickpeas. The presenter cites Alton Brown as the recipe source, whips the aquafaba with cream of tartar and sugar, then pipes the foam into meringue shapes using a parchment-tube method before baking at a low temperature for about 90 minutes. The transcript also notes the etymology of aquafaba (Latin roots aqua and faba) and describes the resulting meringues as a crisp, sugar-cloud texture with a pleasant crunch, providing both practical steps and light culinary science around aquafaba as an egg-white substitute.",Aquafaba Egg White Substitute; Aquafaba Stabilizer; Aquafaba Whipping; Sugar Whipping; Vanilla Aquafaba Meringue; Meringue Piping; Aquafaba Etymology; Store Bought Aquafaba; Oven temperature set 200 degrees; Bake for 1.5 Hours; Recipe Attribution; Vegan Meringue Texture; Bean Juice Ingredient; Meringue Texture Cues,Whipping aquafaba to stiff peaks @ 00:01:04; Stabilizing foam with cream of tartar @ 00:00:43; Piping meringues using parchment paper (parchment bag) @ 00:01:12; Baking aquafaba meringues at 200 degrees for ~90 minutes @ 00:01:32; Aquafaba described as an egg-white substitute @ 00:00:29; Aquafaba etymology (Latin roots aqua and faba) @ 00:01:21,6
ccZR8LqA9PI.youtube,Three Celebrity vegan mac and cheese recipes tested and judged,"October 2, 2020",Probable: Rachel's parents' home kitchen,"Goodful host Rachel tests three celebrity vegan mac and cheese recipes from Michael Simon, Tabitha Brown, and Minimalist Baker. Each recipe’s prep and finishing steps are demonstrated, including a cauliflower-based vegan sauce with a cashew nutritional‑yeast topping (Michael Simon), a butternut squash and potato-cheese sauce (Tabitha Brown) with dairy-free cheese and yogurt, and a caramelized-onion and eggplant-based sauce (Minimalist Baker) finished with a toasted onion topping. The host’s parents sample and rank the dishes, with Tabitha Brown declared the winner. The video emphasizes plant-based substitutions, kitchen techniques for creamy vegan sauces, and baking or broiling for texture and color.",Vegan Mac and Cheese; Cauliflower Cream Sauce; Cauliflower Mac and Cheese; Vegan Parmesan Topping; Cashew Creaminess; Nutritional Yeast; Garlic Powder; Breadcrumb Topping; Parsley Garnish; Oven Baked Topping; Tabitha Brown Mac and Cheese; Squash Potato Sauce; Garlic Herb Seasoning; Vegan Butter; Unsweetened Vegan Yogurt; Daiya Vegan Cheese; Smoked Paprika; Pasta Coating; Caramelized Onion Mac; Eggplant Mac Sauce; Caramelized Onions; Onion Sauce; Almond Milk Sauce; Cornstarch Binding; Garlic Powder Sauce; Judging Panel; Tabitha Brown Winner; Parent Judges,"Cauliflower-based creamy vegan sauce formed by simmering cauliflower with onion, garlic, and broth, then blending to smooth @ 00:01:05; Vegan parmesan topping made from cashews, nutritional yeast, garlic powder, bread crumbs, and parsley @ 00:01:25; Butternut squash and potato-based cheese sauce with vegan butter, vegan yogurt, nutritional yeast, and Daiya cheese @ 00:02:52; Use of Daiya vegan cheese as part of a melty cheese sauce @ 00:03:05; Caramelized onion base blended with broiled eggplant and almond milk sauce thickened with cornstarch @ 00:04:55; Broiling eggplant and peeling skins to create a smooth eggplant-based sauce @ 00:04:33; Thickening sauce with cornstarch and using almond milk as the liquid base @ 00:04:55; High-heat oven bake (475°F) to finish Michael Simon’s mac and cheese topping @ 00:01:44; Smoked paprika as a finishing note for Tabitha Brown’s dish @ 00:03:20; Bread crumb–parmesan topping toasted with parsley for texture and color @ 00:01:32",6
e7D2pdRbkZg.youtube,"Recreating a Parents’ Favorite 3-Course Meal as Vegan (Valentine’s Day) – Cheesecake, Panna Cotta, Scallop Pasta","February 13, 2021","Parents’ house, Connecticut, USA","In a Valentine’s Day themed kitchen project, a creator documents cooking a vegan three‑course replica of her parents’ favorite restaurant meals while visiting them at home in Connecticut. The video centers on: (1) a dairy-free amaretto cheesecake with a coconut-cashew filling and a baked graham crust using a water bath, (2) a panacotta-inspired vegan appetizer with homemade vegan parmesan, and (3) a main of king oyster “scallop” pasta with a red pepper sauce, leveraging mushroom physics, miso-lemon-nori marinade, and a roasted garlic sauce. The host tests the recipes, improvises salt and water adjustments, and invites her parents to taste and compare with the restaurant versions, offering commentary on texture, flavor, and overall impression. Evidence of technique includes specific steps like crust pressing, baking times, water bath creation, cashew-coconut fillings, agar-set parmesan, and blended sauces.",Vegan Graham Crust; Coconut Oil Crust Binding; Springform Parchment Prep; Cheesecake Water Bath; Cashew Tofu Filling; Miso Lemon Cheesecake; Agar Parmesan; Freezing Vegan Cheese; Cashew Coconut Panna Cotta; Mushroom Scallops; Umami Mushroom Marinade; Mushroom Scallop Sear; Roasted Pepper Pasta Sauce; Roasted Pepper Pasta; Chocolate Ganache; Raspberry Garnish,"Graham cracker crust pressed into a lined springform pan, then baked to set before filling @ 00:02:13; Water bath for cheesecake (pan placed in larger dish with 1 inch of boiling water) @ 00:03:31; Vegan cheesecake filling using cashews, coconut milk, lemon, amaretto, miso, and cornstarch; blended until smooth @ 00:02:47; Agar-based vegan cheese (parmesan) heated with coconut oil and miso, then frozen to firm @ 00:04:22; Vegan parmesan grated over panna cotta @ 00:06:32; Mushroom scallop technique using king oyster mushrooms with a nori–lemon–miso marinade @ 00:07:12; Roasted garlic and red pepper pasta sauce blended with shallots, garlic, coconut milk, nutritional yeast, and paprika @ 00:10:02; Chocolate ganache for vegan cheesecake (dark chocolate + canned coconut milk; heated and amaretto added) @ 00:08:11",5
f20_GNo5p8Q.youtube,"Vegan Day: Korean, Indian, and American-Inspired Meals (Breakfast, Lunch, Dinner)","June 12, 2021",,"This Goodful video presents a single day of vegan cooking across three cultural influences—Korean, Indian, and American—with three hosts each preparing breakfast, lunch, and dinner that showcase vegan adaptations of familiar dishes. Dishes include yatijuku (Korean vegetable porridge) and a masala chickpea frittata for breakfast; bibbenguksu-like spicy Korean noodles and a dal-palak with quinoa for lunch; and a New England-style vegan clam chowder, shiitake bacon, a Korean mushroom hot pot, mutter paneer with cashew cream, garlic naan, and a meatloaf made with Impossible Meat for dinner. The lineup emphasizes pantry-friendly ingredients, plant-based protein sources, and traditional spice blends used in veganized formats, with notes on texture, mouthfeel, and regional flavors to guide viewers in recreating the meals at home.",Yatijuku Porridge; Korean Vegan Breakfast; Sesame Oil; Garlic Basics; Vegetable Rice Porridge; Seaweed Garnish; Sesame Seeds; Masala Chickpea Frittata; Chickpea Flour Batter; Turmeric Seasoning; Cumin Spice; Coriander Spice; Onion Shallot Base; Broiler Finish; Spiced Yogurt Topping; Avocado Finish; Masala Grits; Non Dairy Milk; Nutritional Yeast; Vegan Butter; Optional Vegan Cheese; Korean Spicy Cold Noodles; Gochujang Sauce; Cold Water Noodle Rinse; Kimchi Sesame Toppings; Dal Palak; Spiced Lentils; Tomato Onion Base; palak spinach; Quinoa Side; Vegan Clam Chowder; Oyster Mushroom Clam Swap; Cashews for Creaminess; Kelp Granules; Shiitake Bacon; Soy Sauce Marinade; Apple Cider Vinegar; Smoked Paprika; Korean Mushroom Hot Pot; Kochikaru Paste,"Stovetop preparation of yatijuku porridge (Korean vegetable porridge) with gradual water addition and evaporation @ 00:00:19; Chickpea flour batter-based vegan frittata with broiler finish @ 00:01:31; Creamy, cheesy vegan grits using non-dairy milk, nutritional yeast, and vegan butter @ 00:03:00; Gochujang-based sauce for spicy cold noodles and cold-water rinse to preserve chew @ 00:03:44; Dal palak with lentils and palak spinach, finished with quinoa and salad @ 00:04:59; Vegan clam chowder technique using oyster mushrooms, roux, coconut milk, and cashews @ 00:06:57; Shiitake bacon marinade and quick pan-crisping @ 00:08:25; Korean mushroom hot pot (paso chongor) assembled with paste and stock for sharing @ 00:09:00; Mutter paneer adapted with cashew cream and oven finish for a lighter vegan curry @ 00:10:45; Meatloaf made with Impossible Meat, flax egg, and glaze baked in loaf form @ 00:12:25",12
fVFugCesGjc.youtube,Vegan Foods Around The World,"December 20, 2021",,"Goodful's YouTube feature 'Vegan Foods Around The World' appears to be a roughly 15-minute exploration of plant-based dishes across global cuisines. The transcript for this video is dominated by music with very sparse spoken content, offering little instructional narration or step-by-step demonstration within the transcript. Because the transcript yields minimal technical detail, the analysis relies on the video title and metadata to characterize the topic as a global vegan-food overview rather than a recipe-by-recipe tutorial.",Vegan Foods; World Cuisines; Plant-Based Dishes,,11
gOqrYYKUGu0.youtube,"Artichoke Nachos: Trimming, Steaming, Aioli, and Composting (BuzzFeed Nifty)","November 24, 2021","Piedras Negras, Mexico","In this BuzzFeed Nifty video, Ari repurposes artichoke scraps into a playful “nachos” dish while interleaving a sustainability moment. The episode covers trimming artichokes to reveal the edible heart, removing the choke, and steaming the petals and hearts; it then builds a toppings lineup (cilantro, serrano, garlic aioli, vegan feta with olives) and demonstrates a compost-focused sidetrack where artichoke scraps and the steaming liquid are blended and composted in a tumbler. The chef preheats the oven, assembles the “nachos” atop artichoke pieces, and bakes briefly before tasting, while noting nachos’ cultural origin (Piedras Negras, Mexico). The piece blends practical prep with a light environmental philosophy and a few playful mythic asides about artichokes.”",Artichoke Anatomy; Petal Removal Technique; Artichoke Heart Prep; Artichoke Steam Timing; Cilantro Serrano Prep; Garlic Aioli; Olive Feta Topping; Artichoke Composting; Steaming Liquid Compost; Oven Preheating; Artichoke Nachos Assembly; Three Minute Bake; Nachos Origin; Salted Olive Profile; Artichoke Finishing Butter,"Trimming petals and removing choke to access the edible heart of artichokes @ 00:01:13; Steaming artichokes until tender (about 10 minutes) @ 01:56; Garlic aioli preparation (minced garlic, salt, lemon juice, vegan mayo) @ 02:08; Crumbling vegan feta with olives as a topping @ 02:32; Composting artichoke scraps and using steaming liquid in a tumbler (greens and browns) @ 02:38; Assembling and baking artichoke-based “nachos” at 375°F for ~3 minutes @ 04:04",6
gnuDo4H0FLc.youtube,"Three Vegan Korean Recipes: Kimchi Jigae, Japchae, and Tteokbokki","January 16, 2021",,"In this Goodful tutorial, host Jasmine demonstrates three vegan-friendly Korean dishes: kimchi jigae (kimchi stew), japchae (stir-fried sweet potato noodles), and tteokbokki (spicy rice cakes). She adapts traditional flavors for vegan diets by using vegan-friendly kimchi, kelp-based umami instead of fish sauce, and tofu in the stew. The video walks through building each dish from base aromatics (onions, garlic), through sauce components (gochugaru, gochujang, soy sauce, sesame oil), to final assembly and plating. Along the way, Jasmine offers practical tips on flavor balance (kimchi juice for tang, no alternative sweeteners), texture (blanching spinach to preserve color, soaking rice cakes to avoid soggy interiors), and kitchen workflow (one-pan methods for japchae, transferring to a larger pan when needed). The content blends cultural context with accessible substitutions, and notes a Lunar New Year association for the tteokbokki dish.",Kimchi Jigae; Kimchi Selection; Onion Sauté Base; Garlic Gochugaru; Gochujang Paste; Kimchi Juice Flavoring; Kelp Umami Broth; Kimchi Jigae Simmer; Early Tofu Addition; Spinach Blanching; Sweet Potato Noodles; Sesame Soy Noodle Dressing; Japchae Vegetable Sauté; Japchae Mushrooms; Tteokbokki Base; Rice Cake Soaking; Rice Cake Simmer; Tteokbokki Association,"Vegan kimchi jigae base with kelp broth @ 00:16:16; Using kimchi juice to boost sourness and depth @ 01:25.890; Replacing fish sauce with kelp-based umami for kimchi jigae @ 01:42.200; Early tofu addition to stew to soak flavor @ 02:09.220; Blanch spinach for japchae to maintain color and texture @ 03:34.590; Sweet potato noodles prep and sauce to prevent sticking @ 04:38.760; Marinating mushrooms for japchae (soy sauce, sesame oil, garlic, pepper, sugar) @ 06:10.050; Gochujang-based sauce for tteokbokki with pre-soaked rice cakes @ 08:08.370; Soaking rice cakes before cooking to prevent soggy centers @ 08:16.890; Lunar New Year contextual note for tteokbokki @ 07:00.070",3
hXnuzBqRxQk.youtube,Vegan Black Rice Sushi Roll with Toasted Nori and White Miso Dipping Sauce,"May 6, 2019","Maui, Hawaii (inspiration; not confirmed shooting location)","This Goodful tutorial presents a vegan alternative to traditional sushi by using chewy, nutty black rice and toasted nori to form rolls inspired by flavors from Maui. Marie Reginato explains that bamboo sushi mats are optional, since the rolls can be formed by hand, and she emphasizes toasted nori for a firmer texture. The recipe features simple, flexible fillings like avocado and cabbage, underscoring that this is a nontraditional sushi vehicle for creativity. A dipping sauce built from white miso paste, sesame seeds, maple, and lemon juice (with optional fresh ginger for heat) completes the dish. The video celebrates colorful, tropical presentation and encourages imperfect rolling as a kid‑friendly activity, while highlighting the sensory contrast of texture and flavor offered by black rice.",Vegan Sushi; Black Rice Sushi; Toasted Nori; Untoasted Nori; Sushi Mat Rolling; Hand Rolled Sushi; Avocado Sushi; Cabbage Sushi Filling; Nontraditional Sushi; White Miso Dipping Sauce; Sesame Seeds; Maple Syrup; Lemon Juice; Ginger Dipping Sauce; Black Rice Texture; Colorful Presentation; Maui Flavors; Sushi Rice Choice; Imperfect Sushi Rolling; Sushi Fillings,"Freehand sushi rolling (no bamboo mat) @ 00:01:39; Toasted nori for firmer texture @ 00:00:59; Black rice as sushi rice substitute for texture and flavor @ 00:01:13; Nontraditional dipping sauce using white miso, sesame, maple, lemon (ginger optional) @ 00:02:03",5
hdYCEmEMA9M.youtube,Dairy-Free Yogurt 2 Ways,"August 14, 2019",,"Goodful's Dairy-Free Yogurt 2 Ways is a short recipe video that ostensibly presents two dairy-free yogurt preparation methods. The transcript only shows opening music, but the metadata indicates a ~3 minute tutorial-style video from the Goodful channel, published on 2019-08-14. The analysis thus relies on the title and publication metadata to identify the material as a concise vegan/plant-based yogurt recipe demonstration, without making claims about the specific ingredients or steps not evidenced in the transcript.",Dairy-Free Yogurt; Two Yogurt Methods; Plant-Based Yogurt; Vegan Yogurt; Goodful Recipe Video; Yogurt Making; Dairy-Free Ingredients; Short Recipe Video,Dairy-free yogurt preparation (two methods) @ 00:00:01.260,0
jx-KoIRFVAQ.youtube,"8-dollar vs $48 Vegan Cheesecake: crusts, fillings, and a taste-off","May 6, 2021","Freeport, New York, USA","Goodful’s video pits two vegan cheesecakes at opposite budgets: an $8 peanut butter and jelly vegan cheesecake and a $48 tahini dark chocolate caramel vegan cheesecake. Merle and Rachel guide viewers through practical, budget-conscious techniques and more luxurious ingredients, including crusts tailored to each price point, oat-milk and silken-tofu fillings, and a water-bath bake to prevent cracking. Finishing touches range from jam and peanut-butter decoration on the budget cake to a ganache-topped, tahini-caramel masterpiece with macadamia-nut crust and biscoff cookies on the premium cake. A guest judge, Joyce, provides real-time taste and value feedback, ultimately shaping a running score (Rachel 3, Merle 2) and a verdict on perceived value. The video also highlights key vegan baking tricks—homemade oat milk, miso-tanged filling, and careful hydration and crust work—presented in a friendly, repeatable format.",Springform Pan Prep; Parchment Circle Lining; Coconut Oil Crust; Wet Sand Crust; Crust Pressing; Baked Cheesecake Crust; Oat Milk; Silken Tofu Filling; Cheesecake Filling; Water Bath Technique; Cheesecake Bake Time; Cooling and Chilling; Jam Drizzle Decoration; Macadamia Biscoff Crust; Tahini Caramel Sauce; Vanilla Miso Filling; Kite Hill Cream Cheese; Ganache Topping; Edible Gold Garnish; Joyce Verdict; Budget Scorekeeping,"Graham cracker crust blended with sugar and coconut oil, then pressed into a pan @ 00:01:29; Homemade oat milk (oats + water) blended until smooth @ 00:02:12; Water bath baking: foil-wrapped pan in a larger dish with about 1.5 inches of hot water @ 00:03:01; Tofu-based vegan cheesecake filling (silken tofu base) with lemon, vanilla, and peanut butter @ 00:02:08; Macadamia-nut crust with biscoff cookies for a premium crust @ 00:04:50; Tahini caramel sauce and chocolate ganache as top layers @ 00:09:41; Edible gold leaf garnish on the cake @ 00:11:04; Piping decoration using a makeshift piping bag from a plastic bag (peanut butter design) @ 00:04:04; Incorporating Kite Hill vegan cream cheese (three containers) into the filling @ 00:08:10",10
k9NgT_hlsJg.youtube,"Vegan Dish Guessing Challenge: Egg Yolk, Watermelon Ham, Calamari Coconut","October 29, 2025",Restaurant setting (explicit),"Goodful’s vegan-taste challenge presents two hosts who sample a sequence of plant-based dishes and repeatedly guess the ingredients. The episode features a tomato-based vegan runny yolk described as arising from tomatoes, a watermelon-based smoked ham, and a calamari dish built around coconut, followed by vegan baby-back ribs with mushrooms and a teriyaki mock chicken. Throughout, the pair responds with humor and vivid sensory reactions—discussing acidity, moisture release, and texture—as they try to identify ingredients and gauge how convincing the substitutes are. The segment also references Jaro Contaldo and includes playful banter about the dining setting and service, highlighting a cooking-show vibe centered on flavor exploration rather than traditional technique teaching.",Tomato Yolk; Vegan Yolk Plating; Watermelon Ham; Savory Sweet Balance; Moisture Release; Coconut Calamari Substitute; Coconut Seafood Alternatives; Mushroom Rib Substitute; Teriyaki Mock Chicken; Grapefruit Flavor Guessing; Sensory Ingredient Guessing; Cooking Show Banter; Restaurant Setting; Jaro Contaldo Reference; Reaction Reactions,Tomato-based vegan runny yolk (egg-yolk mimic) @ 00:00:00; Watermelon as ham analogue with smoke flavor @ 00:00:55; Coconut-based calamari substitute @ 00:02:39; Mushroom-based rib substitute (baby back ribs) @ 00:03:31; Teriyaki-flavored vegan mock chicken @ 00:03:43; Ingredient guessing and sensory evaluation format @ 00:00:00,4
lNiio2P9Ws8.youtube,Budget-Friendly Vegan Campus Meals,"October 4, 2021",,"This Goodful video presents budget-conscious, plant-based meals suited for campus life. Relying on the video’s title and metadata rather than the brief transcript excerpt, the material is framed around affordable vegan options for students and on-campus dining, with emphasis on simple, cost-effective meals and meal-prep concepts. The provided transcript samples contain mostly music and non-verbal cues, offering no explicit instructional steps within the excerpt; thus, the analysis uses the publication metadata to infer scope and potential demonstrations of economical vegan cooking.",Vegan Budget Meals; Campus Dining; Budget Grocery Shopping; Meal Prepping; Plant Protein Sources; Dairy-Free Substitutes; Quick Vegan Lunches; Budget-Friendly Snacks; Campus Recipes,,9
lYOjE79cSi8.youtube,Vegan Recipes For St. Patrick's Day — Goodful (YouTube),"March 15, 2021",,"This Goodful YouTube video presents vegan recipes suitable for celebrating St. Patrick's Day, offering plant-based ideas and substitutions to adapt traditional Irish-inspired dishes for a vegan menu. The transcript provided shows mainly musical segments with a brief, non-specific spoken line, indicating limited instructional dialogue captured in the transcript. The primary instructional value is inferred from the video title and publisher’s focus on vegan holiday recipes, rather than explicit step-by-step guidance in the transcript itself.",Vegan Recipes; St Patrick's Day; Holiday Vegan Menu; Dairy-Free Substitutions; Irish Vegan Dishes; Holiday Meal Planning; Simple Vegan Meals; Ingredient Substitutions; Celebration Cooking,,9
nZV6aupm-sw.youtube,"Three Tasty Vegan Sides on Repeat: Dairy-Free Mac and Cheese, Hazelnut Cauliflower Stuffing, and Broccoli Makeovers","June 11, 2025",,"This Goodful video presents a trio of vegan, gluten-free side dishes with practical, drawable techniques. It opens with a dairy-free mac and cheese built on a potato-based base and a cashew cheese powder, using starchy pasta water to reach a creamy texture and finishing under a broiler with roasted tomatoes and gluten-free crackers. It then moves to a gluten-free stuffing centered on caramelized hazelnut cauliflower, flavored with a hazelnut paste enriched with parsley, garlic, lemon zest and juice, olive oil, and thyme, roasted until the hazelnuts caramelize. The third segment offers two broccoli preparations: a steamed broccoli variant topped with olive oil, salt, garlic powder, and quinoa, and a baby-broccoli variant roasted under a high-heat finish for crunch and lemon brightness. Throughout, the host emphasizes one-pot Dutch oven cooking to minimize cleanup, seasoning, and simple, vegetable-forward flavors suitable for gluten-free diets. The video concludes with a call to explore more gluten-free options and simple veggie ideas.",Potato Cheese Sauce; Cashew Cheese Powder; Yeast Dairy Sauces; Chickpea Pasta; Pasta Water Sauce; Roasted Tomato Sauce; Cracker Topping; Broiler Cheese Finish; Hazelnut Cauliflower Stuffing; Hazelnut Paste; Herbed Stuffing Oil; Stuffing Bake Time; Mushroom Leek Sauté; Dutch Oven Pilaf; Vegetable Seasoning Blend; Broccoli Quinoa Steam; Broccoli Roasting; Broccoli Lemon Finish; Quinoa Protein Side; Hands-Off Cooking; Dairy-Free Bases,"Potato-based dairy-free cheese sauce foundation @ 00:00:21.039; Cashew cheese powder (blend of cashews, nutritional yeast, salt, onion, garlic) @ 00:00:27.039; Use of starchy pasta water to adjust sauce consistency @ 00:00:31.359; Broiler finish with roasted tomatoes and gluten-free crackers @ 00:00:42.000; Hazelnut paste base for savory stuffing (parsley, garlic, lemon zest, olive oil, thyme) @ 00:01:18.240; Caramelization of hazelnuts during roasting @ 00:01:39.040; Creamy gluten-free stuffing baked at 350°F for ~45 minutes @ 00:01:41.840; Sautéing aromatics: mushrooms, leeks, shallots @ 00:01:09.680; Two broccoli preparations: steaming and roasted baby broccoli with quinoa @ 00:02:05.040; Lemon juice and zest to finish broccoli for brightness @ 00:02:34.160; One-pot Dutch oven approach to minimize dishes @ 00:02:55.840; Seasoning philosophy: transform vegetables with oil, salt, garlic, ginger, paprika @ 00:03:04.239; Tomatoes and spinach simmer to reduce moisture, finishing quinoa as a protein boost @ 00:03:20.720",4
nbEgdwKoMY4.youtube,Ultimate Vegan Breakfast - Goodful (YouTube) - Music-only transcript,"June 12, 2019",,"This short Goodful video, titled 'Ultimate Vegan Breakfast' and published on 2019-06-12, runs about 195 seconds. The transcript contains only music cues ([Music]) and no spoken narration or visible instruction, so there is no verifiable in-video technique, recipe steps, or ingredient list to catalog from the transcript alone. Based on the source metadata, the material is best understood as a vegan breakfast concept presentation rather than a step-by-step cooking tutorial; without explicit dialogue or on-screen text evidence, the analysis cannot substantiate specific cooking methods, tools, or locations. The time-based cues indicate music-driven sections rather than instructional segments.",Vegan Breakfast; Plant-Based Breakfast; Goodful Format Overview; YouTube Format; Music Only Segment; Background Music; Music Only Intro; Music Cues; Ultimate Vegan Breakfast; Publication Date; Goodful Channel; Vegan Meal Concepts,Music-only presentation (no narration) @ 00:00:00; Background music cues noted in transcript @ 00:00:00,6
oArRXpxfG04.youtube,Seitan from Flour: Recreating a Viral TikTok Vegan Chicken (Goodful),"March 13, 2021",,"Goodful’s 6-minute-26-second video follows Merle as she attempts a viral TikTok vegan-chicken hack by transforming flour and water into seitan. The transcript documents forming a dough from 400 g flour and 1 cup water, kneading until gluten develops, and resting. It then details a classic gluten-washing process to separate gluten from starch, collecting starchy water for other recipes (e.g., cold skin noodles) and repeating until the water clears. The gluten ball is seasoned and kneaded, rested again, and finally twisted into knots or shapes. It’s pan-fried, then simmered in vegetable broth with a splash of soy sauce for flavor, before being shredded to resemble chicken in texture. The video emphasizes texture over exact chicken flavor and encourages flavor customization (e.g., using buffalo sauce). The host acknowledges the TikTok inspiration (Future Lettuce) and notes the method yields a chewy, meat-like texture, with the option to modify spices and finishing sauces. Publication details from the source metadata confirm the video’s release date and channel (Goodful).",Seitan Chicken; Seitan Flour Overview; Gluten Development; Kneading Seitan Dough; Dough Resting; Gluten Poke Test; washing dough to isolate gluten; Gluten Starch Separation; Starchy Water Reuse; Gluten Dough Seasoning; Kneading Method; Dough Knots; Gluten Knotting; Seitan Pan Frying; Soy Sauce Simmer; Seitan Flavor Simmer; Seitan Texture Flavor; Seitan Shredding Texture; Taste Customization; TikTok Trend Adaptation; Culinary Improvisation,Gluten development via kneading @ 00:01:23; Poke test to gauge gluten readiness @ 00:02:04; Washing dough to isolate gluten and recover starch water @ 00:02:23; Seasoning gluten dough and incorporating flavor @ 00:03:27; Resting dough between processing steps @ 00:03:56; Shaping dough into knots for cooking @ 00:04:07; Pan-frying and browning the seitan @ 00:04:21; Simmering in broth and soy sauce to finish @ 00:04:30; Shredding cooked seitan to mimic chicken texture @ 00:04:52,5
onNDMBr_M4w.youtube,Vegan Salmon from Tofu with Beet Coloring (Goodful),"March 6, 2021",,"In this Goodful video, a creator attempts to imitate salmon by marinating super-firm tofu in beet juice for a pink color, layering it with nori sheets, and baking it with a flavor-forward bath of white wine, capers, lemon zest, and dill. The approach echoes a technique demonstrated by the YouTube duo Bosh, whose vegan salmon influenced this adaptation. The preparation blends color-tinting with seaweed-based seasoning to evoke fishy notes while acknowledging that tofu cannot perfectly replicate salmon's texture. The dish is baked at 350°F (about 176°C) and the final tasting rates the result as pleasantly edible with a playful nod to the inspiration source.",Super Firm Tofu; Tofu Quartering; Beet Juice Marinade; Tofu Beet Marination; Tofu Drying; Baking Pan Method; Fishy Skin Nori; Tofu Nori Layer; White Wine Addition; Caper Brine; Lemon Zest; Dill Substitution; Oven Bake Temperature; Temperature Conversion Demo; Salmon Color Match; Salmon Comparison; Flavor Rating; Bosh Inspiration,"Beet juice coloring to tint tofu pink for vegan 'salmon' appearance @ 00:01:00; Layering with nori sheets to simulate fish flavor and skin texture @ 00:01:57; Marination and moisture management of tofu before baking @ 00:01:04; Flavoring bath with white wine, capers, and lemon zest (plus dill) @ 00:02:42; Oven bake at 350°F (176°C) with notes on temperature conversion @ 00:03:11",6
pIeHSSEH32E.youtube,Two-Price Vegan Ice Cream Challenge: $4 vs $44,"October 16, 2021",,"This Goodful video staging compares two vegan ice creams built at opposite price points. The $44 version centers on a matcha ice cream base enriched with a macadamia blondie, vanilla bean, cocoa butter, coconut oil, and a black sesame brittle with edible gold, churned in an ice cream maker and layered with the blondie. The $4 version uses an oat-milk–aquafaba base built from blended oats and water, plus chocolate-covered pretzels, a peanut butter caramel swirl, and a simple chocolate-pretzel topping, all assembled in a loaf-pan style and frozen to set. Jasmine serves as the taste tester to judge value and flavor, delivering the final verdict on best value. The video also highlights practical vegan techniques like making cashew milk, whipping aquafaba, and achieving dairy-like textures without eggs or dairy.",Vegan Ice Cream; Ice Cream Base; Matcha Ice Cream Base; Vanilla Bean; Macadamia Blondie; Cashew Milk; Aquafaba Binder; Oat Milk Base; Edible Gold; Black Sesame Brittle; Chocolate Pretzels; Peanut Butter Swirl; Ice Cream Maker; Loaf Pan Layering; Freezing Times; Taste Test; Value Judgment,"Aquafaba-based ice cream base (whipping aquafaba to create a light, airy texture) @ 00:09:54; Homemade cashew milk as a dairy-free base @ 00:04:24; Oat-milk base from blended oats and water @ 00:09:10; Use of an ice cream maker to achieve a creamy texture @ 00:04:59; Layered assembly in loaf pan with interleaved mix-ins @ 00:05:33; Macadamia blondie bake-in and use as mix-in @ 00:02:01; Black sesame brittle with edible gold leaf topping @ 00:06:05",6
r5T6-iDMKa4.youtube,Vegan White Pizza: Recreating Dad's Favorite Anthony's-Style Broccoli Rabe and Sausage Pie,"February 20, 2021","Connecticut, USA","In this Goodful episode, Rachel in Connecticut attempts to veganize her dad’s favorite takeout pizza from a local restaurant, Anthony’s. The video walks through a from-scratch dough, a plant-based spicy sausage built from pressed tofu, mushrooms, and walnuts, and a cashew-based mozzarella. She parboils broccoli rabe as a topping and assembles a white-style pizza (no tomato sauce) brushed with olive oil. The bake is performed at a high temperature with a brief broil to brown the cheese. Throughout, her dad samples the finished pizza and provides enthusiastic feedback, validating the vegan recreations and the texture of the tofu sausage and cashew cheese. The video highlights key vegan-pizza techniques, including texture-boosting tofu handling, flavoring the sausage base, and achieving melt and chew with nut-based cheese.",Scratch Pizza Dough; Seitan Sausage Texture; Freezing Tofu; pressing tofu to remove moisture; Walnut Sausage Flavor; Sausage Aromatics; Vegan Sausage Seasoning; Chewiness Blend; Miso Cashew Mozzarella; Cheese Tang Balance; Broccoli Rabe Prep; White Pizza Base; Broiled Vegan Cheese; Dough Resting Time; Parent Taste Test,"Tofu texture enhancement via freezing/thawing @ 00:02:53; Walnut-based sausage paste with fennel, garlic, and seasonings @ 00:03:28; Cashew mozzarella with miso, nutritional yeast, tapioca starch, and lemon @ 00:04:41; Parboiling broccoli rabe and garlic for topping @ 00:06:11; High-heat bake followed by broil to brown vegan cheese @ 00:06:30; Dough fermentation by resting 60–90 minutes @ 00:02:07",5
sUfhNdLInRc.youtube,"12 Indian Vegan Meals for $18: Breakfasts, Lunch, and Dinner (Meal Prep)","September 4, 2021",,"Goodful’s video presents Kanchan, founder of Spice Spice Baby, demonstrating how to prepare 12 Indian vegan meals for about $18. The session blends nutrition-focused tips with practical cooking steps: two breakfast oat blends (one with chia, oats, cinnamon, cardamom and berries; a second golden-milk version with heated turmeric and fat to activate curcumin, topped with kiwi and mango), a lunch of aloo tikki with a lentil salad plus two sauces (vegan yogurt sauce and cilantro-mint chutney), and a dairy-free dinner featuring a tofu-based saag paneer-inspired dish and a sumac-dusted chana masala, with serving variations like naan or Israeli couscous. Techniques highlighted include binding patties with sandwich bread, pan-searing for texture, making a batch onion-ginger-garlic paste, pressing tofu to mimic paneer, blending chutneys, and finishing dishes with sumac and spices. Throughout, nutritional notes touch on omega-3s from chia, the antioxidant and anti-inflammatory properties of turmeric and kiwis, and the concept of resistant starch in cooled potatoes.",Overnight Oats; Breakfast Milk Base; Chia Omega 3; Cinnamon Cardamom; Maple Sweetener; Berry Antioxidant Toppings; Golden Milk; Kiwi Mango Toppings; Cilantro Mint Chutney; Yogurt Spice Sauce; Lentil Chaat Salad; Aloo Tikki Binder; Aloo Tikki Searing; Onion Ginger Garlic Paste; Paneer Style Tofu; Tofu Paneer Swap; Spiced Tomato Onion Base; Spinach Tomato Sauce; Sumac Chana Masala; Naan and Couscous; Resistant Starch Benefits; Anthocyanins Notes,"Blending cilantro-mint chutney (cilantro, mint, shallots, ginger, garlic, lime juice, salt, sugar) @ 00:01:58.079; Heated turmeric in plant-based milk to activate curcumin (with a fat source) for golden milk @ 00:01:02.559; Pressing extra-firm tofu to remove moisture and pan-searing to mimic paneer @ 00:04:00.720; Batch onion-ginger-garlic paste preparation and dividing for multiple dishes @ 00:04:30.000; Binding aloo tikki with sandwich bread (binder) and chilling to set @ 00:02:52.160; Sumac finishing and incorporating spinach into chana masala @ 00:05:24.320; Pan-searing aloo tikki for texture (3-5 minutes per side) @ 00:03:04.879",3
sg85ye_urro.youtube,"Three Vegan Bento Boxes: Totoro Inari Sushi, Panda Pancake Bento, and Temari Sushi","May 25, 2022",,"Goodful host Natsuko demonstrates three plant-based bento-box ideas inspired by Japanese cuisine: a Totoro-themed vegan inari sushi box built from brown-rice-filled inari pouches with seaweed and cheese accents; a panda-pancake themed box featuring banana-based pancakes colored with black sesame/tahini and cocoa for a panda face; and a temari-style vegan sushi box assembled with small rice balls and a variety of vegetable and konnyaku fillings. The video emphasizes kid-friendly character design, decorative cutting (cookie cutters and nori), non-plastic shaping methods, and substitutions such as vegan mayo as glue, oat-milk/Vinegar egg substitutes, and plant-based protein and seaweed alternatives. It also highlights color and texture contrasts, practical assembly tips, and a picnic-pallette approach to creating visually appealing, nutrition-conscious lunches for kids.",Inari Sushi; Brown Rice Filling; Bean Curd Pouch; Totoro Bento Design; Nori Face Details; Mayonnaise Glue; Vegan Cheese Cutouts; Bento Face Shaping; Kabocha Croquettes; Chickpea Mushroom Croquettes; Cornflake Coating; Oven Roasting; Vegetable Flower Shapes; Rice Paper Wraps; Rice Paper Sushi; Tomato Maguro Sushi; Radish Flower Garnish; Konnyaku Squid Sushi; Temari Sushi Technique; Temari Rice Portions; Sushi Shaping Wrap; Rice Vinegar Seasoning; Carrot Asparagus Sushi; Cucumber Lattice Sushi; Panda Pancake Batter; Oat Milk Egg Substitute; Panda Coloring; Chocolate Nose Detail; Fruit Garnish Plating; School Picnic Bento,"Totoro-inspired inari sushi with brown rice filling and oinarisan pouches @ 00:01:10; Edible facial details using vegan cheese cutouts, nori, and vegan mayo as glue @ 00:01:27; Kabocha croquettes with chickpeas and mushrooms, coated in crushed cornflakes and roasted @ 00:02:07; Rice paper wraps for teriyaki-flavored veggie rolls (vegan substitute for meat) @ 00:02:53; Temari sushi shaping with non-plastic wrap, 30 g rice portions, and decorative toppings @ 00:05:31; Panda pancake batter with oat milk and vinegar as egg substitute; panda coloring with black sesame tahini and cocoa; vegan chocolate nose @ 00:03:53; Konyaku vegan squid sushi using dashi-kombu marinade and soy @ 00:09:12",3
shyfkep1wQc.youtube,A Day of Vegan Meals Across Experience Levels (Breakfast to Dinner),"May 8, 2020",Trader Joe's (mentioned as ingredient source; not confirmed filming location),"Goodful’s What A Beginner, Intermediate, And Experienced Vegan Eat In A Day follows three vegan eaters at different stages of their journey through a full day of meals, from breakfast to dinner. The video interleaves practical how-tos with personal reflections on transitioning to veganism, health, and environment. Breakfast features a cinnamon quinoa porridge, a berry smoothie, and homemade nut-and-seed granola bars. Lunch centers on a tofu-scramble avocado toast and a vegan ramen, followed by a kale Caesar salad with crispy chickpeas. The dinner slate explores a kelp noodle stir-fry with peanut sauce, BBQ oyster mushrooms, and tempeh-and-walnut tacos, with a moment discussing dairy elimination, environmental motivation, and protein balance. Across the day, the presenters emphasize getting greens daily, including plant-based protein sources, and experimenting with familiar ingredients to keep cooking enjoyable as they transition to or maintain a vegan lifestyle.",Cinnamon Quinoa Porridge; Quinoa Fruit Plating; Berry Chia Smoothie; Chia Smoothies; Seed Granola Bars; Peanut Maple Bars; Seeded Oat Bars; Avocado Toast Scramble; Broth Tofu Cooking; Seasoned Tofu; Spinach Toast Topping; Mushroom Ramen; Ramen Stir Fry; Kale Caesar Salad; Kale Massage; Salad Yeast Hemp Seeds; Lemon Dijon Dressing; Kelp Noodle Soaking; Peanut Noodle Sauce; BBQ Oyster Mushrooms; Tempeh Walnut Tacos; Sauerkraut Topping; Vegan Protein Importance; Daily Greens; Dairy-Free Motivations,"Tofu scramble prepared in veggie broth with turmeric and nutritional yeast @ 00:03:12; Kale massage with oil and salt before dressing @ 00:05:34; Kelp noodles soaked in lemon-salt water to soften texture @ 00:07:25; Homemade peanut sauce for noodles (soy sauce, almond milk, peanut butter, lime, agave) @ 00:07:42; BBQ oyster mushrooms baked in sauce @ 00:09:28; Tempeh and walnut taco meat with sauerkraut and soy sauce @ 00:10:53; Granola bars using peanut butter, maple syrup, oats, puffed rice (microwave method) @ 00:02:02; Berry smoothie base with frozen berries and chia seeds @ 00:01:23",7
t5FdHhZnNmA.youtube,Vegan Dominican Potato Salad with Ugly/Rescued Produce (Ensalada Rusa),"October 13, 2021",,"In this Goodful tutorial, Chef Yadi (Happy Healthy Latina) veganizes a Dominican favorite, ensalada rusa, using rescued or “ugly” produce from Misfit Market. The video walks through prepping potatoes, carrots, beets, onions, and peas, replacing eggs with vegan mayo, and building a vibrant, plant-based version of the traditional salad. Key techniques include marinating onions in apple cider vinegar, coloring with beets, boiling vegetables in salted water with careful color control, and a playful “pump and dump” method to blend everything together. A guest (Guillermo) samples the finished salad, illustrating how a culturally rooted dish can be adapted for vegan and waste-reducing cooking while preserving flavor and celebration-worthy appeal.",Dominican Potato Salad; Vegan Mayo Egg Swap; Misfit Market Produce; Beet Salad Coloring; Vinegar Onion Marinade; Potato Salad Prep; Beet Color Control; Peas in Salad; Adobo Seasoning; Salted Boiling Water; Mise en Place; Pump and Dump Mixing; Guest Taste Test; Celebration Context; Waste Reduction,Use of rescued/ugly produce to reduce waste (Misfit Market) as a core ingredient @ 00:01:32; Beet natural dyeing for pink color in salad @ 00:04:14; Onion marination in apple cider vinegar for tang @ 00:06:49; Separate-pot method to prevent color bleed (beets vs potatoes/carrots) @ 00:03:53; Vegan mayo dressing as egg substitute @ 00:08:58; Pump and dump mixing technique for salad @ 00:08:31; Seasoning with adobo and taste-testing @ 00:09:43; Mise en place and scrap bowl for prep waste @ 00:02:54; Small-batch size and bite-size chopping for salad readiness @ 00:06:23,6
tBMo1Be4Pyc.youtube,Two Vegan Burritos at Contrasting Budgets: Gluten-Based Seitan versus Premium Impossible Meat,"April 10, 2021",,"Goodful contrasts a budget-friendly vegan burrito with a premium option, challenging the cooks to produce two burritos at different price points and have a judge determine value. The cheaper burrito centers on a gluten-based seitan made from all-purpose flour, including kneading to develop gluten, resting, washing to remove starch, seasoning, and forming a knot before searing and simmering in a flavored liquid. The more expensive burrito features Impossible Meat cooked with onions and spices, plus a roasted poblano cashew crema and a fresh guacamole, assembled across two tortillas for a larger, “beefy” burrito. Preparations emphasize plant-based techniques such as gluten development and washing, spice blends, sauce-building with silken tofu as a faux cashew crema, and budget-conscious pantry choices (rice, pinto beans, salsa, lettuce). Jasmine serves as the taste-test judge to compare flavor, texture, and overall value between the $1.50 burrito and the $14 burrito.",Budget Vegan Burrito; Seitan Flour; Kneaded Gluten Development; Gluten Washing; Gluten Development Rest; Seitan Spice Blend; Gluten Knot Shaping; Seitan Searing; Seitan Marinade; Seitan Simmer; Silken Tofu Crema; Roasted Poblano Crema; Loaded Guacamole; Budget Burrito Assembly; Impossible Meat Burrito; Extra Large Burrito Assembly; Value Verdict; Price Value Comparison,"Gluten-based seitan made from all-purpose flour with gluten washing @ 00:01:12; Kneading and resting gluten to develop structure @ 00:02:18; Washing gluten to remove starch while keeping gluten intact @ 00:02:18; Seasoning a gluten ball with a spice blend (salt, garlic powder, cumin, chili powder, black pepper, oregano) @ 00:02:54; Twist/knot shaping of the seitan for cooking @ 00:03:36; Searing gluten to develop crust @ 00:04:08; Marinating and simmering seitan in flavored liquid (water, soy sauce, orange juice, lime juice) @ 00:04:22; Chipotle crema using silken tofu as a cashew substitute @ 00:04:54; Roasted poblano crema to add smokiness @ 00:06:52; Guacamole with lime, tomato, red onion, jalapeño @ 00:07:47; Two-tortilla assembly for a larger burrito @ 00:08:16; Impossible Meat cooking with onions and spices to mimic beef texture @ 00:06:11",12
tNbEj3YzeYw.youtube,Potato-Tofu Vegan Unagi (Eel) Substitute with Nori Wrap,"June 19, 2021",,"This Goodful video demonstrates a plant-based eel substitute built from mashed potatoes and pressed tofu bound with cornstarch. The creator peels and cooks russet potatoes, blends them into a puree, drains moisture, and then combines the potato puree with pressed tofu. A cornstarch slurry acts as a binder, after which a portion is wrapped with a halved nori sheet. The mixture is cooked on the stove and finished with a glaze-style sauce composed of mirin, soy, sugar, kombu dashi, and maple syrup, reduced until bubbly. The host notes the texture is pleasantly bouncy and comparatively affordable, but cautions that it may not convincingly taste like eel. The method emphasizes texture and binding over flavor, with emphasis on the nori’s seaweed note and the sauce for depth.",Russet Potatoes; Potato Peeling; Potato Cubing; Potato Puree; Drain Potato Puree; Cheesecloth Drainage; Firm Tofu; Tofu Pressing Method; Blended Tofu; Salt Seasoning; Pepper Seasoning Blend; Soy Sauce; Cornstarch Binding Overview; Cornstarch Slurry; Nori Sheet Wrap; Nori Wrapping; Slurry Binding; Potato Tofu Binding; Mirin Sauce; Sugar Sauce; Kombu Dashi; Maple Syrup Sauce; Sauce Reduction; Texture Flavor Notes; Vegan Eel Substitute; Eel Texture Comparison,Cornstarch slurry as binder @ 02:24:24; Nori sheet wrapping with slurry as adhesive @ 02:38:04; Tofu-potato binding mixture with seasonings @ 02:04:56; Blending remainder of mixture to smooth lumps @ 03:04:08; Sauce boiling and reduction to large bubbles @ 03:47:28; Tofu pressing and moisture control @ 01:56:15; Potato puree drainage using cheesecloth/paper towel @ 01:50:32,5
uD-7B3iusTA.youtube,5 Minute vs 5 Hour Vegan Cinnamon Rolls: Microwave Mug Roll and Cast-Iron Yeast Roll,"May 29, 2021",,"Goodful’s video showcases two vegan cinnamon roll methods in one episode: a 5-minute version baked in a mug using a quick icing, and a 5-hour yeast-based version that involves warm non-dairy milk, melted vegan butter, rising dough, rolling with a cinnamon-brown sugar filling, and baking in a buttered cast-iron pan, finished with a coffee-flavored icing and a coffee cake crumble. The host guides viewers through practical techniques such as patching dough scraps, sealing edges with water, and managing rising times, highlighting the trade-offs between speed and traditional, room-temperature dough development.",Microwave Mug Cinnamon Roll; Powdered Sugar Glaze; Icing Whisking; Dough Ingredients; Dough Disc Kneading; Brown Sugar Cinnamon Filling; Dough Rectangle; Roll Edge Patching; Water Sealing; Mug Roll Assembly; Mug Roll Spray; Microwave Timing; Roll Starter; Active Dry Yeast; Dough Rising Time; Dough Ingredient Mix; Rectangle Dough Rolling; Roll Filling; Roll Strips Technique; Cast Iron Dough Rest; Two Stage Baking; Coffee Crumble Topping; Cold Brew Icing; Tasting and Serving,Microwave mug cinnamon roll @ 00:00:31; Rolls formed from rollable dough; patching scraps @ 00:01:40; Cast-iron pan bake for cinnamon rolls @ 00:05:46; Coffee cake crumble topping and bake @ 00:06:41; Icing with powdered sugar and cold brew coffee @ 00:07:24,3
v-c9m8ydh_o.youtube,"Vegan Tacos in LA: Hibiscus Meat, Jackfruit Carnitas, and DIY Taco Techniques","March 26, 2022","East Hollywood, Los Angeles, California, USA","In this Goodful episode, hosts Merle and Catalina explore vegan tacos in Los Angeles, beginning with a visit to East Hollywood's vegan Mexican spot El Cocinero and then returning to the studio to build their own vegan tacos. The show contrasts authentic, bold flavors with plant-based substitutions, detailing jackfruit as a meat substitute and hibiscus-based meat, plus a vegan consommé. Viewers watch spice-toasting, marination, and long-simmer techniques, plus banana-leaf and foil moisture-management, before assembling tortillas with toppings like vegan cheese, cilantro, onions, avocado, and lime. A tasting sequence compares studio creations to a LA taco benchmark, followed by viewer-engagement prompts and closing remarks.",Vegan Tacos; El Cocinero; Jackfruit Meat Substitute; Hibiscus Meat; Vegan Broth Preparation; Jackfruit Marination; Spice Toasting Blend; Banana Leaf Steaming; Foil Moisture Barrier; Slow Bake Meat; Enoki Carnitas; Soy Chicharrón; Vegan Cheese Topping; Tortilla Flipping; Taco Assembly; Tasting and Scoring; Meat Substitute Rationale; Pig Farm Trivia; LA Taco Benchmark,"Jackfruit marination and use as vegan protein @ 00:04:07; Hibiscus-based vegan meat preparation (rehydration, frying, marination) @ 00:07:05; Consommé (vegan broth) with long simmer and banana leaf infusion @ 00:09:46; Toasting and grinding spices (cinnamon, coriander, black pepper, allspice, cloves) @ 00:06:15; Banana leaves (or foil) used to infuse moisture during slow cook @ 00:09:46; Tortilla assembly and 'flippity floppity' flipping technique @ 00:10:36; Enoki mushroom carnitas and shredding @ 00:11:28; Vegan cheese topping and assembly @ 00:10:40; Flavor balancing and tasting feedback during critique @ 00:15:24",7
vazbtnih3ks.youtube,Vegan Ramen Adventure: LA Tasting at Gokoku and Studio Mushroom-Chashu Recipe,"March 19, 2022","Los Angeles, California (probable)","In this Goodful episode, host Merle and guest Ree explore vegan ramen through two lenses: an on-location tasting at the LA-based ramen shop Gokoku (featuring a Beyond Meat ramen and no-eggs noodles) and a studio kitchen where they recreate a multi-component vegan ramen. Back in the studio, they build a mushroom-based vegan chashu from king oyster mushrooms, craft a miso-dashi broth with a miso tare, and assemble three bowls for comparison. The video blends cooking demonstrations (dehydrating, shaping, and frying mushroom “chashu”; dashi from kombu and shiitake; a mushroom-cashew broth) with palate-testing and playful competition, culminating in a rating that reflects texture, flavor, and overall vegan ramen appeal. The episode also foregrounds the idea of plant-based versions that honor traditional ramen flavors while celebrating cross-cultural influences in Japanese cuisine.",Ramen Adventure; Vegan Ramen; Gokoku Ramen; Beyond Meat Ramen; Eggless Ramen Noodles; King Oyster Chashu; Vegan Chashu Marinade; Mushroom Shaping; Pork Slice Technique; Cornstarch Dredge; Miso Tare; Kombu Shiitake Dashi; Dashi Basics; Mushroom Cashew Broth; Butter Finish; Ramen Toppings; Miso Ramen Broth; 0 to 10 Scoring; Studio Competition Format; Ramen Fusion; Ramen Awareness,"Vegan chashu using king oyster mushrooms: marinate, dehydrate, shape into pork-like ribbons, and fry in a cornstarch dredge @ 00:06:42; Mushroom chashu shaping: thinly slice and layer to create a pork-like texture @ 00:08:25; Cornstarch dredge and frying for crisp, pork-like mushrooms @ 00:09:32; Adashi/dashi broth foundation using kombu and shiitake @ 00:10:12; Miso tare assembly: miso paste, chili bean paste, sesame oil, soy sauce @ 00:11:01; Mushroom-cashew broth for creaminess and depth @ 00:12:25; No-egg noodle concept and vegan noodle adaptation discussion @ 00:03:11",4
w0LBCU-JHfo.youtube,"Vegan Day Across Thailand, Mexico, and Ethiopia: From Homemade Soy Milk to Satay and Stews","September 22, 2021",Thailand,"Three hosts—Misha (Thailand), Adrian (Mexico), and Edin (Ethiopia)—present a cohesive vegan day drawn from their home cuisines, spanning breakfast, lunch, and dinner. The video pairs practical, hands-on techniques with cultural storytelling: from making fresh soy milk (soaking soybeans, removing skins for a smoother milk, pressing through cheesecloth to yield okara) and infusing pandan, to kneading and proofing a yeast-raised dough for crispy patanko donuts, to plant-based riffs on familiar dishes (Mexican tofu scramble with beans and avocado; Ethiopian fool and berbere-spiked lentils; papaya salad and tofu satay; a Thai-inspired tomka coconut soup; kanekonchila with injera). The presenters model flavor layering (garlic, onions, chilies, turmeric, nutritional yeast, berbere, korarima), dairy-free sauces (coconut milk-based peanut sauce and curries), and technique-driven steps (pounding, simmering, straining, and roasting). Personal memories and regional context—especially Tigrai—wrap the cooking demonstrations in culture, advocacy, and the idea that vegan adaptations can honor traditional foods.",Soybean Soaking; Soybean Skinning; Soy Milk Blending; Cheesecloth Straining; Okara Utilization; Pandan Soy Milk; Sugar in Milk; Yeast Dough Activation; Hand Kneading Dough; Dough Proofing; Dough Rectangle Rolling; Deep-Fry Dough; Patanko Donuts; Tofu Scramble Seasoning; Almond Milk Scramble; Fool Mashing Technique; Berbere Spice; Fool Base Mashing; Papaya Salad Mixing; Coconut Satay Marinade; Peanut Sauce Thickening; Soy Curls Rehydrating; Pozole Rojo Broth; Vegan Bouillon Broth; Tamarind Soup; Lichi Lime Finish; Injera Serving Accompaniment; Korarima Spice; Ethiopian Garnishes; Tigrai Reflection,"Homemade soy milk from soaked soybeans with skin removal, cheesecloth pressing, and pandan infusion @ 00:04:00 - 01:28:00; Okara recovery and compost-friendly handling @ 01:28:00 - 01:40:00; Yeast activation and hand kneading for dough @ 01:31:00 - 02:10:00; Tofu scramble with spices; moisture balance using almond milk @ 02:50:00 - 04:50:00; Crushing fava beans for fool with aromatics and berbere @ 04:50:00 - 05:55:00; Pounding technique for papaya salad to intensify flavor @ 05:55:00 - 06:15:00; Tofu satay marinade (coconut milk, curry powder, turmeric, salt) @ 05:55:00 - 08:15:00; Peanut sauce thickening with coconut milk and curry paste @ 06:57:00 - 07:15:00; Posole rojo: rehydrating chiles; vegan broth; straining @ 08:08:00 - 08:46:00; Tongka/tomka coconut soup—herb infusion and tamarind balance @ 11:40:00 - 11:50:00; Berbere spice layering in Ethiopian dishes; korarima as optional wake-up spice @ 09:10:00 - 10:00:00; Injera accompaniment and veganization of kanekonchila @ 13:20:00 - 15:00:00",12
w1O-60vVE7E.youtube,"Healthy Vegan Dinner Recipes (Goodful, YouTube)","August 20, 2020",,"This Goodful YouTube video presents healthy vegan dinner recipes and is about plant-based meal ideas. The transcript provided with the analysis contains only background music cues and a few isolated spoken fragments, with no substantive instructional steps or ingredient lists captured. The video runs roughly 12 minutes and 59 seconds and was published on August 20, 2020. Because the transcript offers minimal spoken content, the analysis cannot cite specific techniques, tool usage, or recipe steps from the text alone; any detailed demonstration or methods would rely on the video visuals rather than the transcript. The metadata suggests a recipe-focused, plant-based dinner theme consistent with Goodful’s channel content, but evidence for exact cooking methods or ingredients is not evidenced in the transcript.",Vegan Dinner Recipes; Healthy Eating; Plant-Based Meals; Goodful Publisher; YouTube Cooking Video,,3
wBFUOIctIns.youtube,Balancing Flavor and Texture in Dairy-Free Vanilla Ice Cream (Merle),"May 24, 2019",,"This Goodful video with Merle presents a dairy-free vanilla ice cream developed around a coconut-based vegan base. The host emphasizes the central challenge of balancing texture (creamy, solid mouthfeel) with flavor (vanilla notes) when dairy is absent, noting that coconut-derived components impart a strong flavor and that achieving a creamy, scoopable product required iterative testing (roughly six to eight trials). The discussion covers the inevitability of coconut flavor in this base, strategies to push vanilla flavor without overpowering the dessert, and the versatility of the base to accommodate non-vanilla flavors such as coffee, strawberry, or chocolate, making it suitable for lactose-intolerant eaters and others avoiding dairy. The video frames texture and flavor as a middle ground and highlights how dairy-free desserts can still be refreshing and enjoyable while reducing heaviness.",Dairy-Free Vanilla Ice Cream; Coconut Ice Cream Base; Coconut Oil Cocoa Butter; Vanilla Coconut Balance; Texture Flavor Tradeoff; Creaminess Balance; Ice Cream Texture Pitfalls; Iterative Recipe Development; Dairy Intolerance; Add-In Customization; Versatility Vegan Ice Cream Base; Dairy-Free Dessert Health,"Use a coconut-based base (coconut milk/oil and cocoa butter) to achieve creaminess in dairy-free ice cream @ 00:00:25; Balance vanilla intensity to counteract coconut flavors (more vanilla without overpowering the product) @ 00:01:24; Iterative texture testing to avoid soupy or icy results (6-8 trials) @ 00:01:37; Flavor customization by adding non-vanilla flavors (coffee, strawberry, chocolate) @ 00:02:39",3
xN-fXJGi4AE.youtube,"Vegan Budget Meals: Tofu Ricotta Lasagna, Oat Milk, Chickpea Scramble & More","February 8, 2021",,"This Goodful video demonstrates a suite of budget-conscious vegan recipes and techniques, anchored by inexpensive pantry staples and simple home processes. The host crafts a tofu-based ricotta for a lasagna, builds a mushroom–eggplant meat sauce, and bakes the dish in the oven without conventional dairy cheeses. It then moves through a series of money-saving staples and methods: homemade oat milk, a roasted-garlic–pepper sauce for a mac and cheese-inspired dish, baked banana oatmeal, chickpea scramble, zucchini-red lentil fritters with a tofu sour cream, a cast-iron vegan bacon build, and a hearty chili made from dried beans and TVP. Across sections, the video highlights cost-cutting strategies such as using dried beans, bulk grains, and produce from farmers markets, while emphasizing flavor-building ingredients like nutritional yeast, smoked paprika, and aromatics. The overall message is practical, hands-on vegan cooking that reduces expense without sacrificing taste or texture.",Tofu Ricotta; Nutritional Yeast; Lemon Juice; Garlic Basics; Dried Basil; Salt And Pepper; Mushroom Medley; Eggplant Overview; Onion Basics; Low-Sodium Soy Sauce; Italian Seasoning; Tomato Sauce; Baked Lasagna; Homemade Oat Milk; Rolled Oats; Roasted Garlic; Roasted Red Pepper; Turmeric Seasoning; Paprika Seasoning; Cornstarch Binding Overview; Cheesy Yeast Flavor; Elbow Macaroni; Mac and Cheese Sauce; Banana Oatmeal Bake; Sunflower Seed Butter; Aquafaba Binder; Chickpea Flour; Chickpea Scramble; Zucchini Lentil Fritters Methods; Red Lentils; Vegetable Fritters; Tofu Sour Cream; Cast Iron Vegan Bacon; Arugula BLT; Garden Tomatoes; Dried Beans; Textured Vegetable Protein; Veggie Broth; Farmers Market Discounts; End-of-Day Discounts,Tofu ricotta for vegan lasagna @ 00:00:12; Mushroom-eggplant vegan meat sauce @ 00:01:10; Homemade oat milk @ 00:03:50; Roasted garlic and pepper sauce for mac and cheese @ 00:04:55; Tofu-based vegan sour cream @ 00:10:25; Chili with dried beans and TVP @ 00:12:55; Chickpea scramble with aquafaba @ 00:08:22; Zucchini and red lentil fritters @ 00:09:20,13
xqmH3y9G8xI.youtube,Vegan Tuna from Watermelon: Marinaded Watermelon Planks Baked as a Tuna Substitute,"December 12, 2020",,"In this Goodful episode from the Vegan Substitute series, Merle invites Mae to tackle a viral idea: turning a watermelon into a tuna substitute. They name the watermelon “Victor,” trim and skin it, and cut four planks to marinate. The marinade combines rice wine vinegar, low-sodium soy sauce (or tamari), sesame oil, neutral oil, red pepper flakes, and crumbled nori to impart a fishy flavor. The planks are vacuum-sealed and refrigerated for six hours or overnight, then dried and baked on parchment at a low oven (300°F / 150°C) for 90 minutes. After cooling, the slices are plated on sushi rice and taste-tested by Merle and Mae. The hosts discuss texture, flavor, and the substitution’s viability, noting that while it resembles tuna in appearance and mouthfeel, the flavor remains distinctly watermelon. The video frames the experiment as a playful, competitive cooking challenge within the series, and touches on sustainability practices like composting towels and reusing bags.",Watermelon Prep; Watermelon Tuna; Tuna Marinade Mix; Red Pepper Flakes; Fishy Nori Sheets; Vacuum Sealing Marinades; Overnight Refrigeration; Drying Before Baking; Low Temp Baking; Bake for 90 Minutes; Diagonal Slicing; Sushi Rice Serving; Taste Test Dynamics; Texture Evaluation; Flavor Evaluation; Watermelon Tuna Tests; Vegan Substitute Series; Sustainable Cooking,"Vacuum-sealing watermelon planks with marinade to enable thorough flavor infusion @ 00:03:25; Marinade composition to mimic seafood flavor (rice wine vinegar, soy sauce, sesame oil, neutral oil, red pepper flakes, crumbled nori) @ 00:02:53; Low-oven baking of marinated watermelon planks (300°F / 150°C for 90 minutes) to achieve texture @ 00:04:46; Slicing and serving on sushi rice for visual and textural contrast @ 00:05:12",5
